This is pdfTeX, Version 3.141592653-2.6-1.40.29 (TeX Live 2026/Arch Linux) (preloaded format=pdflatex 2026.9.16)  20 SEP 2026 20:56
entering extended mode
 restricted \write18 enabled.
 file:line:error style messages enabled.
 %&-line parsing enabled.
**"/home/radojka/DEMAT-UG/cosas random/proyectos aparte/Libros/Introducción a la teoria analitica de numeros/teorianumeros.tex"
(/home/radojka/DEMAT-UG/cosas random/proyectos aparte/Libros/Introducción a la teoria analitica de numeros/teorianumeros.tex
LaTeX2e <2025-11-01>
L3 programming layer <2026-01-19>
(/usr/share/texmf-dist/tex/latex/base/book.cls
Document Class: book 2025/01/22 v1.4n Standard LaTeX document class
(/usr/share/texmf-dist/tex/latex/base/bk12.clo
File: bk12.clo 2025/01/22 v1.4n Standard LaTeX file (size option)
)
\c@part=\count275
\c@chapter=\count276
\c@section=\count277
\c@subsection=\count278
\c@subsubsection=\count279
\c@paragraph=\count280
\c@subparagraph=\count281
\c@figure=\count282
\c@table=\count283
\abovecaptionskip=\skip49
\belowcaptionskip=\skip50
\bibindent=\dimen148
) (./ugmath.sty
Package: ugmath 2025/01/01 Estilo matemático personal
 (/usr/share/texmf-dist/tex/generic/babel/babel.sty
Package: babel 2026/02/14 v26.3 The multilingual framework for LuaLaTeX, pdfLaTeX and XeLaTeX
\babel@savecnt=\count284
LaTeX Encoding Info:    Redeclaring text command \ij (encoding OT1) on input line 2078.
LaTeX Encoding Info:    Redeclaring text command \IJ (encoding OT1) on input line 2080.
LaTeX Encoding Info:    Redeclaring text command \ij (encoding T1) on input line 2082.
LaTeX Encoding Info:    Redeclaring text command \IJ (encoding T1) on input line 2083.
LaTeX Encoding Info:    Ignoring declaration for text command \ij (encoding ?) on input line 2084.
LaTeX Encoding Info:    Ignoring declaration for text command \IJ (encoding ?) on input line 2086.
LaTeX Encoding Info:    Ignoring declaration for text command \SS (encoding ?) on input line 2111.
\U@D=\dimen149
\l@unhyphenated=\language91
 (/usr/share/texmf-dist/tex/generic/babel/txtbabel.def)
\bbl@readstream=\read2
\bbl@dirlevel=\count285
 (/usr/share/texmf-dist/tex/generic/babel/locale/es/babel-spanish.tex)
Package babel Info: Importing font and identification data for spanish
(babel)             from babel-es.ini. Reported on input line 4330.
 (/usr/share/texmf-dist/tex/generic/babel-spanish/spanish.ldf
Language: spanish.ldf 2021/05/27 v5.0q Spanish support from the babel system
\es@quottoks=\toks17
\es@quotdepth=\count286
Package babel Info: Making " an active character on input line 570.
Package babel Info: Making . an active character on input line 675.
Package babel Info: Making < an active character on input line 722.
Package babel Info: Making > an active character on input line 722.
))
LaTeX Encoding Info:    Redeclaring text command \guillemotleft (encoding OT1) on input line 6.
LaTeX Encoding Info:    Redeclaring text command \guillemotright (encoding OT1) on input line 6.
 (/usr/share/texmf-dist/tex/latex/base/inputenc.sty
Package: inputenc 2024/02/08 v1.3d Input encoding file
\inpenc@prehook=\toks18
\inpenc@posthook=\toks19
) (/usr/share/texmf-dist/tex/latex/base/fontenc.sty
Package: fontenc 2025/07/18 v2.1d Standard LaTeX package
) (/usr/share/texmf-dist/tex/latex/lm/lmodern.sty
Package: lmodern 2015/05/01 v1.6.1 Latin Modern Fonts
LaTeX Font Info:    Overwriting symbol font `operators' in version `normal'
(Font)                  OT1/cmr/m/n --> OT1/lmr/m/n on input line 22.
LaTeX Font Info:    Overwriting symbol font `letters' in version `normal'
(Font)                  OML/cmm/m/it --> OML/lmm/m/it on input line 23.
LaTeX Font Info:    Overwriting symbol font `symbols' in version `normal'
(Font)                  OMS/cmsy/m/n --> OMS/lmsy/m/n on input line 24.
LaTeX Font Info:    Overwriting symbol font `largesymbols' in version `normal'
(Font)                  OMX/cmex/m/n --> OMX/lmex/m/n on input line 25.
LaTeX Font Info:    Overwriting symbol font `operators' in version `bold'
(Font)                  OT1/cmr/bx/n --> OT1/lmr/bx/n on input line 26.
LaTeX Font Info:    Overwriting symbol font `letters' in version `bold'
(Font)                  OML/cmm/b/it --> OML/lmm/b/it on input line 27.
LaTeX Font Info:    Overwriting symbol font `symbols' in version `bold'
(Font)                  OMS/cmsy/b/n --> OMS/lmsy/b/n on input line 28.
LaTeX Font Info:    Overwriting symbol font `largesymbols' in version `bold'
(Font)                  OMX/cmex/m/n --> OMX/lmex/m/n on input line 29.
LaTeX Font Info:    Overwriting math alphabet `\mathbf' in version `normal'
(Font)                  OT1/cmr/bx/n --> OT1/lmr/bx/n on input line 31.
LaTeX Font Info:    Overwriting math alphabet `\mathsf' in version `normal'
(Font)                  OT1/cmss/m/n --> OT1/lmss/m/n on input line 32.
LaTeX Font Info:    Overwriting math alphabet `\mathit' in version `normal'
(Font)                  OT1/cmr/m/it --> OT1/lmr/m/it on input line 33.
LaTeX Font Info:    Overwriting math alphabet `\mathtt' in version `normal'
(Font)                  OT1/cmtt/m/n --> OT1/lmtt/m/n on input line 34.
LaTeX Font Info:    Overwriting math alphabet `\mathbf' in version `bold'
(Font)                  OT1/cmr/bx/n --> OT1/lmr/bx/n on input line 35.
LaTeX Font Info:    Overwriting math alphabet `\mathsf' in version `bold'
(Font)                  OT1/cmss/bx/n --> OT1/lmss/bx/n on input line 36.
LaTeX Font Info:    Overwriting math alphabet `\mathit' in version `bold'
(Font)                  OT1/cmr/bx/it --> OT1/lmr/bx/it on input line 37.
LaTeX Font Info:    Overwriting math alphabet `\mathtt' in version `bold'
(Font)                  OT1/cmtt/m/n --> OT1/lmtt/m/n on input line 38.
) (/usr/share/texmf-dist/tex/latex/geometry/geometry.sty
Package: geometry 2020/01/02 v5.9 Page Geometry
 (/usr/share/texmf-dist/tex/latex/graphics/keyval.sty
Package: keyval 2022/05/29 v1.15 key=value parser (DPC)
\KV@toks@=\toks20
) (/usr/share/texmf-dist/tex/generic/iftex/ifvtex.sty
Package: ifvtex 2019/10/25 v1.7 ifvtex legacy package. Use iftex instead.
 (/usr/share/texmf-dist/tex/generic/iftex/iftex.sty
Package: iftex 2024/12/12 v1.0g TeX engine tests
))
\Gm@cnth=\count287
\Gm@cntv=\count288
\c@Gm@tempcnt=\count289
\Gm@bindingoffset=\dimen150
\Gm@wd@mp=\dimen151
\Gm@odd@mp=\dimen152
\Gm@even@mp=\dimen153
\Gm@layoutwidth=\dimen154
\Gm@layoutheight=\dimen155
\Gm@layouthoffset=\dimen156
\Gm@layoutvoffset=\dimen157
\Gm@dimlist=\toks21
) (/usr/share/texmf-dist/tex/latex/xcolor/xcolor.sty
Package: xcolor 2024/09/29 v3.02 LaTeX color extensions (UK)
 (/usr/share/texmf-dist/tex/latex/graphics-cfg/color.cfg
File: color.cfg 2016/01/02 v1.6 sample color configuration
)
Package xcolor Info: Driver file: pdftex.def on input line 274.
 (/usr/share/texmf-dist/tex/latex/graphics-def/pdftex.def
File: pdftex.def 2025/09/29 v1.2d Graphics/color driver for pdftex
) (/usr/share/texmf-dist/tex/latex/graphics/mathcolor.ltx)
Package xcolor Info: Model `cmy' substituted by `cmy0' on input line 1349.
Package xcolor Info: Model `hsb' substituted by `rgb' on input line 1353.
Package xcolor Info: Model `RGB' extended on input line 1365.
Package xcolor Info: Model `HTML' substituted by `rgb' on input line 1367.
Package xcolor Info: Model `Hsb' substituted by `hsb' on input line 1368.
Package xcolor Info: Model `tHsb' substituted by `hsb' on input line 1369.
Package xcolor Info: Model `HSB' substituted by `hsb' on input line 1370.
Package xcolor Info: Model `Gray' substituted by `gray' on input line 1371.
Package xcolor Info: Model `wave' substituted by `hsb' on input line 1372.
) (/usr/share/texmf-dist/tex/latex/graphics/dvipsnam.def
File: dvipsnam.def 2016/06/17 v3.0m Driver-dependent file (DPC,SPQR)
) (/usr/share/texmf-dist/tex/latex/setspace/setspace.sty
Package: setspace 2022/12/04 v6.7b set line spacing
) (/usr/share/texmf-dist/tex/latex/amsmath/amsmath.sty
Package: amsmath 2025/07/09 v2.17z AMS math features
\@mathmargin=\skip51

For additional information on amsmath, use the `?' option.
(/usr/share/texmf-dist/tex/latex/amsmath/amstext.sty
Package: amstext 2024/11/17 v2.01 AMS text
 (/usr/share/texmf-dist/tex/latex/amsmath/amsgen.sty
File: amsgen.sty 1999/11/30 v2.0 generic functions
\@emptytoks=\toks22
\ex@=\dimen158
)) (/usr/share/texmf-dist/tex/latex/amsmath/amsbsy.sty
Package: amsbsy 1999/11/29 v1.2d Bold Symbols
\pmbraise@=\dimen159
) (/usr/share/texmf-dist/tex/latex/amsmath/amsopn.sty
Package: amsopn 2022/04/08 v2.04 operator names
)
\inf@bad=\count290
LaTeX Info: Redefining \frac on input line 233.
\uproot@=\count291
\leftroot@=\count292
LaTeX Info: Redefining \overline on input line 398.
LaTeX Info: Redefining \colon on input line 409.
\classnum@=\count293
\DOTSCASE@=\count294
LaTeX Info: Redefining \ldots on input line 495.
LaTeX Info: Redefining \dots on input line 498.
LaTeX Info: Redefining \cdots on input line 619.
\Mathstrutbox@=\box53
\strutbox@=\box54
LaTeX Info: Redefining \big on input line 721.
LaTeX Info: Redefining \Big on input line 722.
LaTeX Info: Redefining \bigg on input line 723.
LaTeX Info: Redefining \Bigg on input line 724.
\big@size=\dimen160
LaTeX Font Info:    Redeclaring font encoding OML on input line 742.
LaTeX Font Info:    Redeclaring font encoding OMS on input line 743.
\macc@depth=\count295
LaTeX Info: Redefining \bmod on input line 904.
LaTeX Info: Redefining \pmod on input line 909.
LaTeX Info: Redefining \smash on input line 939.
LaTeX Info: Redefining \relbar on input line 969.
LaTeX Info: Redefining \Relbar on input line 970.
\c@MaxMatrixCols=\count296
\dotsspace@=\muskip17
\c@parentequation=\count297
\dspbrk@lvl=\count298
\tag@help=\toks23
\row@=\count299
\column@=\count300
\maxfields@=\count301
\andhelp@=\toks24
\eqnshift@=\dimen161
\alignsep@=\dimen162
\tagshift@=\dimen163
\tagwidth@=\dimen164
\totwidth@=\dimen165
\lineht@=\dimen166
\@envbody=\toks25
\multlinegap=\skip52
\multlinetaggap=\skip53
\mathdisplay@stack=\toks26
LaTeX Info: Redefining \[ on input line 2950.
LaTeX Info: Redefining \] on input line 2951.
) (/usr/share/texmf-dist/tex/latex/amsfonts/amssymb.sty
Package: amssymb 2013/01/14 v3.01 AMS font symbols
 (/usr/share/texmf-dist/tex/latex/amsfonts/amsfonts.sty
Package: amsfonts 2013/01/14 v3.01 Basic AMSFonts support
\symAMSa=\mathgroup4
\symAMSb=\mathgroup5
LaTeX Font Info:    Redeclaring math symbol \hbar on input line 98.
LaTeX Font Info:    Overwriting math alphabet `\mathfrak' in version `bold'
(Font)                  U/euf/m/n --> U/euf/b/n on input line 106.
)) (/usr/share/texmf-dist/tex/latex/amscls/amsthm.sty
Package: amsthm 2020/05/29 v2.20.6
\thm@style=\toks27
\thm@bodyfont=\toks28
\thm@headfont=\toks29
\thm@notefont=\toks30
\thm@headpunct=\toks31
\thm@preskip=\skip54
\thm@postskip=\skip55
\thm@headsep=\skip56
\dth@everypar=\toks32
) (/usr/share/texmf-dist/tex/latex/mathtools/mathtools.sty
Package: mathtools 2024/10/04 v1.31 mathematical typesetting tools
 (/usr/share/texmf-dist/tex/latex/tools/calc.sty
Package: calc 2025/03/01 v4.3b Infix arithmetic (KKT,FJ)
\calc@Acount=\count302
\calc@Bcount=\count303
\calc@Adimen=\dimen167
\calc@Bdimen=\dimen168
\calc@Askip=\skip57
\calc@Bskip=\skip58
LaTeX Info: Redefining \setlength on input line 86.
LaTeX Info: Redefining \addtolength on input line 87.
\calc@Ccount=\count304
\calc@Cskip=\skip59
) (/usr/share/texmf-dist/tex/latex/mathtools/mhsetup.sty
Package: mhsetup 2021/03/18 v1.4 programming setup (MH)
)
\g_MT_multlinerow_int=\count305
\l_MT_multwidth_dim=\dimen169
\origjot=\skip60
\l_MT_shortvdotswithinadjustabove_dim=\dimen170
\l_MT_shortvdotswithinadjustbelow_dim=\dimen171
\l_MT_above_intertext_sep=\dimen172
\l_MT_below_intertext_sep=\dimen173
\l_MT_above_shortintertext_sep=\dimen174
\l_MT_below_shortintertext_sep=\dimen175
\xmathstrut@box=\box55
\xmathstrut@dim=\dimen176
) (/usr/share/texmf-dist/tex/latex/graphics/graphicx.sty
Package: graphicx 2024/12/31 v1.2e Enhanced LaTeX Graphics (DPC,SPQR)
 (/usr/share/texmf-dist/tex/latex/graphics/graphics.sty
Package: graphics 2024/08/06 v1.4g Standard LaTeX Graphics (DPC,SPQR)
 (/usr/share/texmf-dist/tex/latex/graphics/trig.sty
Package: trig 2023/12/02 v1.11 sin cos tan (DPC)
) (/usr/share/texmf-dist/tex/latex/graphics-cfg/graphics.cfg
File: graphics.cfg 2016/06/04 v1.11 sample graphics configuration
)
Package graphics Info: Driver file: pdftex.def on input line 106.
)
\Gin@req@height=\dimen177
\Gin@req@width=\dimen178
) (/usr/share/texmf-dist/tex/latex/pgf/frontendlayer/tikz.sty (/usr/share/texmf-dist/tex/latex/pgf/basiclayer/pgf.sty (/usr/share/texmf-dist/tex/latex/pgf/utilities/pgfrcs.sty (/usr/share/texmf-dist/tex/generic/pgf/utilities/pgfutil-common.tex
\pgfutil@everybye=\toks33
\pgfutil@tempdima=\dimen179
\pgfutil@tempdimb=\dimen180
) (/usr/share/texmf-dist/tex/generic/pgf/utilities/pgfutil-latex.def
\pgfutil@abb=\box56
) (/usr/share/texmf-dist/tex/generic/pgf/utilities/pgfrcs.code.tex (/usr/share/texmf-dist/tex/generic/pgf/pgf.revision.tex)
Package: pgfrcs 2025-08-29 v3.1.11a (3.1.11a)
))
Package: pgf 2025-08-29 v3.1.11a (3.1.11a)
 (/usr/share/texmf-dist/tex/latex/pgf/basiclayer/pgfcore.sty (/usr/share/texmf-dist/tex/latex/pgf/systemlayer/pgfsys.sty (/usr/share/texmf-dist/tex/generic/pgf/systemlayer/pgfsys.code.tex
Package: pgfsys 2025-08-29 v3.1.11a (3.1.11a)
 (/usr/share/texmf-dist/tex/generic/pgf/utilities/pgfkeys.code.tex
\pgfkeys@pathtoks=\toks34
\pgfkeys@temptoks=\toks35
 (/usr/share/texmf-dist/tex/generic/pgf/utilities/pgfkeyslibraryfiltered.code.tex
\pgfkeys@tmptoks=\toks36
))
\pgf@x=\dimen181
\pgf@y=\dimen182
\pgf@xa=\dimen183
\pgf@ya=\dimen184
\pgf@xb=\dimen185
\pgf@yb=\dimen186
\pgf@xc=\dimen187
\pgf@yc=\dimen188
\pgf@xd=\dimen189
\pgf@yd=\dimen190
\w@pgf@writea=\write3
\r@pgf@reada=\read3
\c@pgf@counta=\count306
\c@pgf@countb=\count307
\c@pgf@countc=\count308
\c@pgf@countd=\count309
\t@pgf@toka=\toks37
\t@pgf@tokb=\toks38
\t@pgf@tokc=\toks39
\pgf@sys@id@count=\count310
 (/usr/share/texmf-dist/tex/generic/pgf/systemlayer/pgf.cfg
File: pgf.cfg 2025-08-29 v3.1.11a (3.1.11a)
)
Driver file for pgf: pgfsys-pdftex.def
 (/usr/share/texmf-dist/tex/generic/pgf/systemlayer/pgfsys-pdftex.def
File: pgfsys-pdftex.def 2025-08-29 v3.1.11a (3.1.11a)
 (/usr/share/texmf-dist/tex/generic/pgf/systemlayer/pgfsys-common-pdf.def
File: pgfsys-common-pdf.def 2025-08-29 v3.1.11a (3.1.11a)
))) (/usr/share/texmf-dist/tex/generic/pgf/systemlayer/pgfsyssoftpath.code.tex
File: pgfsyssoftpath.code.tex 2025-08-29 v3.1.11a (3.1.11a)
\pgfsyssoftpath@smallbuffer@items=\count311
\pgfsyssoftpath@bigbuffer@items=\count312
) (/usr/share/texmf-dist/tex/generic/pgf/systemlayer/pgfsysprotocol.code.tex
File: pgfsysprotocol.code.tex 2025-08-29 v3.1.11a (3.1.11a)
)) (/usr/share/texmf-dist/tex/generic/pgf/basiclayer/pgfcore.code.tex
Package: pgfcore 2025-08-29 v3.1.11a (3.1.11a)
 (/usr/share/texmf-dist/tex/generic/pgf/math/pgfmath.code.tex (/usr/share/texmf-dist/tex/generic/pgf/math/pgfmathutil.code.tex) (/usr/share/texmf-dist/tex/generic/pgf/math/pgfmathparser.code.tex
\pgfmath@dimen=\dimen191
\pgfmath@count=\count313
\pgfmath@box=\box57
\pgfmath@toks=\toks40
\pgfmath@stack@operand=\toks41
\pgfmath@stack@operation=\toks42
) (/usr/share/texmf-dist/tex/generic/pgf/math/pgfmathfunctions.code.tex) (/usr/share/texmf-dist/tex/generic/pgf/math/pgfmathfunctions.basic.code.tex) (/usr/share/texmf-dist/tex/generic/pgf/math/pgfmathfunctions.trigonometric.code.tex) (/usr/share/texmf-dist/tex/generic/pgf/math/pgfmathfunctions.random.code.tex) (/usr/share/texmf-dist/tex/generic/pgf/math/pgfmathfunctions.comparison.code.tex) (/usr/share/texmf-dist/tex/generic/pgf/math/pgfmathfunctions.base.code.tex) (/usr/share/texmf-dist/tex/generic/pgf/math/pgfmathfunctions.round.code.tex) (/usr/share/texmf-dist/tex/generic/pgf/math/pgfmathfunctions.misc.code.tex) (/usr/share/texmf-dist/tex/generic/pgf/math/pgfmathfunctions.integerarithmetics.code.tex) (/usr/share/texmf-dist/tex/generic/pgf/math/pgfmathcalc.code.tex) (/usr/share/texmf-dist/tex/generic/pgf/math/pgfmathfloat.code.tex
\c@pgfmathroundto@lastzeros=\count314
)) (/usr/share/texmf-dist/tex/generic/pgf/math/pgfint.code.tex) (/usr/share/texmf-dist/tex/generic/pgf/basiclayer/pgfcorepoints.code.tex
File: pgfcorepoints.code.tex 2025-08-29 v3.1.11a (3.1.11a)
\pgf@picminx=\dimen192
\pgf@picmaxx=\dimen193
\pgf@picminy=\dimen194
\pgf@picmaxy=\dimen195
\pgf@pathminx=\dimen196
\pgf@pathmaxx=\dimen197
\pgf@pathminy=\dimen198
\pgf@pathmaxy=\dimen199
\pgf@xx=\dimen256
\pgf@xy=\dimen257
\pgf@yx=\dimen258
\pgf@yy=\dimen259
\pgf@zx=\dimen260
\pgf@zy=\dimen261
) (/usr/share/texmf-dist/tex/generic/pgf/basiclayer/pgfcorepathconstruct.code.tex
File: pgfcorepathconstruct.code.tex 2025-08-29 v3.1.11a (3.1.11a)
\pgf@path@lastx=\dimen262
\pgf@path@lasty=\dimen263
) (/usr/share/texmf-dist/tex/generic/pgf/basiclayer/pgfcorepathusage.code.tex
File: pgfcorepathusage.code.tex 2025-08-29 v3.1.11a (3.1.11a)
\pgf@shorten@end@additional=\dimen264
\pgf@shorten@start@additional=\dimen265
) (/usr/share/texmf-dist/tex/generic/pgf/basiclayer/pgfcorescopes.code.tex
File: pgfcorescopes.code.tex 2025-08-29 v3.1.11a (3.1.11a)
\pgfpic=\box58
\pgf@hbox=\box59
\pgf@layerbox@main=\box60
\pgf@picture@serial@count=\count315
) (/usr/share/texmf-dist/tex/generic/pgf/basiclayer/pgfcoregraphicstate.code.tex
File: pgfcoregraphicstate.code.tex 2025-08-29 v3.1.11a (3.1.11a)
\pgflinewidth=\dimen266
) (/usr/share/texmf-dist/tex/generic/pgf/basiclayer/pgfcoretransformations.code.tex
File: pgfcoretransformations.code.tex 2025-08-29 v3.1.11a (3.1.11a)
\pgf@pt@x=\dimen267
\pgf@pt@y=\dimen268
\pgf@pt@temp=\dimen269
) (/usr/share/texmf-dist/tex/generic/pgf/basiclayer/pgfcorequick.code.tex
File: pgfcorequick.code.tex 2025-08-29 v3.1.11a (3.1.11a)
) (/usr/share/texmf-dist/tex/generic/pgf/basiclayer/pgfcoreobjects.code.tex
File: pgfcoreobjects.code.tex 2025-08-29 v3.1.11a (3.1.11a)
) (/usr/share/texmf-dist/tex/generic/pgf/basiclayer/pgfcorepathprocessing.code.tex
File: pgfcorepathprocessing.code.tex 2025-08-29 v3.1.11a (3.1.11a)
) (/usr/share/texmf-dist/tex/generic/pgf/basiclayer/pgfcorearrows.code.tex
File: pgfcorearrows.code.tex 2025-08-29 v3.1.11a (3.1.11a)
\pgfarrowsep=\dimen270
) (/usr/share/texmf-dist/tex/generic/pgf/basiclayer/pgfcoreshade.code.tex
File: pgfcoreshade.code.tex 2025-08-29 v3.1.11a (3.1.11a)
\pgf@max=\dimen271
\pgf@sys@shading@range@num=\count316
\pgf@shadingcount=\count317
) (/usr/share/texmf-dist/tex/generic/pgf/basiclayer/pgfcoreimage.code.tex
File: pgfcoreimage.code.tex 2025-08-29 v3.1.11a (3.1.11a)
) (/usr/share/texmf-dist/tex/generic/pgf/basiclayer/pgfcoreexternal.code.tex
File: pgfcoreexternal.code.tex 2025-08-29 v3.1.11a (3.1.11a)
\pgfexternal@startupbox=\box61
) (/usr/share/texmf-dist/tex/generic/pgf/basiclayer/pgfcorelayers.code.tex
File: pgfcorelayers.code.tex 2025-08-29 v3.1.11a (3.1.11a)
) (/usr/share/texmf-dist/tex/generic/pgf/basiclayer/pgfcoretransparency.code.tex
File: pgfcoretransparency.code.tex 2025-08-29 v3.1.11a (3.1.11a)
) (/usr/share/texmf-dist/tex/generic/pgf/basiclayer/pgfcorepatterns.code.tex
File: pgfcorepatterns.code.tex 2025-08-29 v3.1.11a (3.1.11a)
) (/usr/share/texmf-dist/tex/generic/pgf/basiclayer/pgfcorerdf.code.tex
File: pgfcorerdf.code.tex 2025-08-29 v3.1.11a (3.1.11a)
))) (/usr/share/texmf-dist/tex/generic/pgf/modules/pgfmoduleshapes.code.tex
File: pgfmoduleshapes.code.tex 2025-08-29 v3.1.11a (3.1.11a)
\pgfnodeparttextbox=\box62
) (/usr/share/texmf-dist/tex/generic/pgf/modules/pgfmoduleplot.code.tex
File: pgfmoduleplot.code.tex 2025-08-29 v3.1.11a (3.1.11a)
) (/usr/share/texmf-dist/tex/latex/pgf/compatibility/pgfcomp-version-0-65.sty
Package: pgfcomp-version-0-65 2025-08-29 v3.1.11a (3.1.11a)
\pgf@nodesepstart=\dimen272
\pgf@nodesepend=\dimen273
) (/usr/share/texmf-dist/tex/latex/pgf/compatibility/pgfcomp-version-1-18.sty
Package: pgfcomp-version-1-18 2025-08-29 v3.1.11a (3.1.11a)
)) (/usr/share/texmf-dist/tex/latex/pgf/utilities/pgffor.sty (/usr/share/texmf-dist/tex/latex/pgf/utilities/pgfkeys.sty (/usr/share/texmf-dist/tex/generic/pgf/utilities/pgfkeys.code.tex)) (/usr/share/texmf-dist/tex/latex/pgf/math/pgfmath.sty (/usr/share/texmf-dist/tex/generic/pgf/math/pgfmath.code.tex)) (/usr/share/texmf-dist/tex/generic/pgf/utilities/pgffor.code.tex
Package: pgffor 2025-08-29 v3.1.11a (3.1.11a)
\pgffor@iter=\dimen274
\pgffor@skip=\dimen275
\pgffor@stack=\toks43
\pgffor@toks=\toks44
)) (/usr/share/texmf-dist/tex/generic/pgf/frontendlayer/tikz/tikz.code.tex
Package: tikz 2025-08-29 v3.1.11a (3.1.11a)
 (/usr/share/texmf-dist/tex/generic/pgf/libraries/pgflibraryplothandlers.code.tex
File: pgflibraryplothandlers.code.tex 2025-08-29 v3.1.11a (3.1.11a)
\pgf@plot@mark@count=\count318
\pgfplotmarksize=\dimen276
)
\tikz@lastx=\dimen277
\tikz@lasty=\dimen278
\tikz@lastxsaved=\dimen279
\tikz@lastysaved=\dimen280
\tikz@lastmovetox=\dimen281
\tikz@lastmovetoy=\dimen282
\tikzleveldistance=\dimen283
\tikzsiblingdistance=\dimen284
\tikz@figbox=\box63
\tikz@figbox@bg=\box64
\tikz@tempbox=\box65
\tikz@tempbox@bg=\box66
\tikztreelevel=\count319
\tikznumberofchildren=\count320
\tikznumberofcurrentchild=\count321
\tikz@fig@count=\count322
 (/usr/share/texmf-dist/tex/generic/pgf/modules/pgfmodulematrix.code.tex
File: pgfmodulematrix.code.tex 2025-08-29 v3.1.11a (3.1.11a)
\pgfmatrixcurrentrow=\count323
\pgfmatrixcurrentcolumn=\count324
\pgf@matrix@numberofcolumns=\count325
)
\tikz@expandcount=\count326
 (/usr/share/texmf-dist/tex/generic/pgf/frontendlayer/tikz/libraries/tikzlibrarytopaths.code.tex
File: tikzlibrarytopaths.code.tex 2025-08-29 v3.1.11a (3.1.11a)
))) (/usr/share/texmf-dist/tex/generic/pgf/frontendlayer/tikz/libraries/tikzlibrarycalc.code.tex
File: tikzlibrarycalc.code.tex 2025-08-29 v3.1.11a (3.1.11a)
) (/usr/share/texmf-dist/tex/generic/pgf/frontendlayer/tikz/libraries/tikzlibrarydecorations.pathreplacing.code.tex (/usr/share/texmf-dist/tex/generic/pgf/frontendlayer/tikz/libraries/tikzlibrarydecorations.code.tex (/usr/share/texmf-dist/tex/generic/pgf/modules/pgfmoduledecorations.code.tex
\pgfdecoratedcompleteddistance=\dimen285
\pgfdecoratedremainingdistance=\dimen286
\pgfdecoratedinputsegmentcompleteddistance=\dimen287
\pgfdecoratedinputsegmentremainingdistance=\dimen288
\pgf@decorate@distancetomove=\dimen289
\pgf@decorate@repeatstate=\count327
\pgfdecorationsegmentamplitude=\dimen290
\pgfdecorationsegmentlength=\dimen291
)
\tikz@lib@dec@box=\box67
) (/usr/share/texmf-dist/tex/generic/pgf/libraries/decorations/pgflibrarydecorations.pathreplacing.code.tex)) (/usr/share/texmf-dist/tex/generic/pgf/frontendlayer/tikz/libraries/tikzlibraryangles.code.tex
File: tikzlibraryangles.code.tex 2025-08-29 v3.1.11a (3.1.11a)
) (/usr/share/texmf-dist/tex/generic/pgf/frontendlayer/tikz/libraries/tikzlibraryquotes.code.tex
File: tikzlibraryquotes.code.tex 2025-08-29 v3.1.11a (3.1.11a)
) (/usr/share/texmf-dist/tex/generic/pgf/frontendlayer/tikz/libraries/tikzlibraryshadows.code.tex
File: tikzlibraryshadows.code.tex 2025-08-29 v3.1.11a (3.1.11a)
 (/usr/share/texmf-dist/tex/generic/pgf/frontendlayer/tikz/libraries/tikzlibraryfadings.code.tex
File: tikzlibraryfadings.code.tex 2025-08-29 v3.1.11a (3.1.11a)
 (/usr/share/texmf-dist/tex/generic/pgf/libraries/pgflibraryfadings.code.tex
File: pgflibraryfadings.code.tex 2025-08-29 v3.1.11a (3.1.11a)
))) (/usr/share/texmf-dist/tex/latex/pgf-blur/tikzlibraryshadows.blur.code.tex  v1.02, 2012/12/09
\pgfbs@fading@count=\count328
) (/usr/share/texmf-dist/tex/generic/pgf/frontendlayer/tikz/libraries/tikzlibraryarrows.code.tex
File: tikzlibraryarrows.code.tex 2025-08-29 v3.1.11a (3.1.11a)
 (/usr/share/texmf-dist/tex/generic/pgf/libraries/pgflibraryarrows.code.tex
File: pgflibraryarrows.code.tex 2025-08-29 v3.1.11a (3.1.11a)
\arrowsize=\dimen292
)) (/usr/share/texmf-dist/tex/latex/pgfplots/pgfplots.sty (/usr/share/texmf-dist/tex/generic/pgfplots/pgfplots.revision.tex)
Package: pgfplots 2025/08/14 v1.18.2 Data Visualization (1.18.2)
 (/usr/share/texmf-dist/tex/generic/pgfplots/pgfplots.code.tex (/usr/share/texmf-dist/tex/generic/pgfplots/pgfplotscore.code.tex
\t@pgfplots@toka=\toks45
\t@pgfplots@tokb=\toks46
\t@pgfplots@tokc=\toks47
\pgfplots@tmpa=\dimen293
\c@pgfplots@coordindex=\count329
\c@pgfplots@scanlineindex=\count330
 (/usr/share/texmf-dist/tex/generic/pgfplots/sys/pgfplotssysgeneric.code.tex)) (/usr/share/texmf-dist/tex/generic/pgfplots/libs/pgfplotslibrary.code.tex) (/usr/share/texmf-dist/tex/generic/pgfplots/oldpgfcompatib/pgfplotsoldpgfsupp_loader.code.tex (/usr/share/texmf-dist/tex/generic/pgf/libraries/pgflibraryfpu.code.tex) (/usr/share/texmf-dist/tex/generic/pgfplots/oldpgfcompatib/pgfplotsoldpgfsupp_pgfutil-common-lists.tex)) (/usr/share/texmf-dist/tex/generic/pgfplots/util/pgfplotsutil.code.tex (/usr/share/texmf-dist/tex/generic/pgfplots/liststructure/pgfplotsliststructure.code.tex) (/usr/share/texmf-dist/tex/generic/pgfplots/liststructure/pgfplotsliststructureext.code.tex) (/usr/share/texmf-dist/tex/generic/pgfplots/liststructure/pgfplotsarray.code.tex
\c@pgfplotsarray@tmp=\count331
) (/usr/share/texmf-dist/tex/generic/pgfplots/liststructure/pgfplotsmatrix.code.tex) (/usr/share/texmf-dist/tex/generic/pgfplots/numtable/pgfplotstableshared.code.tex
\c@pgfplotstable@counta=\count332
\t@pgfplotstable@a=\toks48
) (/usr/share/texmf-dist/tex/generic/pgfplots/liststructure/pgfplotsdeque.code.tex) (/usr/share/texmf-dist/tex/generic/pgfplots/util/pgfplotsbinary.code.tex (/usr/share/texmf-dist/tex/generic/pgfplots/util/pgfplotsbinary.data.code.tex)) (/usr/share/texmf-dist/tex/generic/pgfplots/util/pgfplotsutil.verb.code.tex) (/usr/share/texmf-dist/tex/generic/pgfplots/libs/pgflibrarypgfplots.surfshading.code.tex
\c@pgfplotslibrarysurf@no=\count333
 (/usr/share/texmf-dist/tex/generic/pgfplots/sys/pgflibrarypgfplots.surfshading.pgfsys-pdftex.def))) (/usr/share/texmf-dist/tex/generic/pgfplots/util/pgfplotscolormap.code.tex (/usr/share/texmf-dist/tex/generic/pgfplots/util/pgfplotscolor.code.tex)) (/usr/share/texmf-dist/tex/generic/pgfplots/pgfplotsstackedplots.code.tex) (/usr/share/texmf-dist/tex/generic/pgfplots/pgfplotsplothandlers.code.tex (/usr/share/texmf-dist/tex/generic/pgfplots/pgfplotsmeshplothandler.code.tex (/usr/share/texmf-dist/tex/generic/pgfplots/pgfplotsmeshplotimage.code.tex))) (/usr/share/texmf-dist/tex/generic/pgfplots/pgfplots.scaling.code.tex) (/usr/share/texmf-dist/tex/generic/pgfplots/pgfplotscoordprocessing.code.tex) (/usr/share/texmf-dist/tex/generic/pgfplots/pgfplots.errorbars.code.tex) (/usr/share/texmf-dist/tex/generic/pgfplots/pgfplots.markers.code.tex) (/usr/share/texmf-dist/tex/generic/pgfplots/pgfplotsticks.code.tex) (/usr/share/texmf-dist/tex/generic/pgfplots/pgfplots.paths.code.tex) (/usr/share/texmf-dist/tex/generic/pgf/frontendlayer/tikz/libraries/tikzlibrarydecorations.pathmorphing.code.tex (/usr/share/texmf-dist/tex/generic/pgf/libraries/decorations/pgflibrarydecorations.pathmorphing.code.tex)) (/usr/share/texmf-dist/tex/generic/pgfplots/libs/tikzlibrarypgfplots.contourlua.code.tex)
\pgfplots@numplots=\count334
\pgfplots@xmin@reg=\dimen294
\pgfplots@xmax@reg=\dimen295
\pgfplots@ymin@reg=\dimen296
\pgfplots@ymax@reg=\dimen297
\pgfplots@zmin@reg=\dimen298
\pgfplots@zmax@reg=\dimen299
) (/usr/share/texmf-dist/tex/generic/pgf/frontendlayer/tikz/libraries/tikzlibraryplotmarks.code.tex
File: tikzlibraryplotmarks.code.tex 2025-08-29 v3.1.11a (3.1.11a)
 (/usr/share/texmf-dist/tex/generic/pgf/libraries/pgflibraryplotmarks.code.tex
File: pgflibraryplotmarks.code.tex 2025-08-29 v3.1.11a (3.1.11a)
))) (/usr/share/texmf-dist/tex/latex/caption/caption.sty
Package: caption 2023/08/05 v3.6o Customizing captions (AR)
 (/usr/share/texmf-dist/tex/latex/caption/caption3.sty
Package: caption3 2023/07/31 v2.4d caption3 kernel (AR)
\caption@tempdima=\dimen300
\captionmargin=\dimen301
\caption@leftmargin=\dimen302
\caption@rightmargin=\dimen303
\caption@width=\dimen304
\caption@indent=\dimen305
\caption@parindent=\dimen306
\caption@hangindent=\dimen307
Package caption Info: Standard document class detected.
)
\c@caption@flags=\count335
\c@continuedfloat=\count336
) (/usr/share/texmf-dist/tex/latex/thmtools/thmtools.sty
Package: thmtools 2023/05/04 v0.76
\thmt@toks=\toks49
\c@thmt@dummyctr=\count337
 (/usr/share/texmf-dist/tex/latex/thmtools/thm-patch.sty
Package: thm-patch 2023/05/04 v0.76
 (/usr/share/texmf-dist/tex/latex/thmtools/parseargs.sty
Package: parseargs 2023/05/04 v0.76
\@parsespec=\toks50
)) (/usr/share/texmf-dist/tex/latex/thmtools/thm-kv.sty
Package: thm-kv 2023/05/04 v0.76
Package thm-kv Info: Theorem names will be uppercased on input line 42.

(/usr/share/texmf-dist/tex/latex/kvsetkeys/kvsetkeys.sty
Package: kvsetkeys 2022-10-05 v1.19 Key value parser (HO)
)
Package thm-kv Info: kvsetkeys patch (v1.16 or later) on input line 158.
) (/usr/share/texmf-dist/tex/latex/thmtools/thm-autoref.sty
Package: thm-autoref 2023/05/04 v0.76
 (/usr/share/texmf-dist/tex/latex/thmtools/aliasctr.sty
Package: aliasctr 2023/05/04 v0.76
)) (/usr/share/texmf-dist/tex/latex/thmtools/thm-listof.sty
Package: thm-listof 2023/05/04 v0.76
) (/usr/share/texmf-dist/tex/latex/thmtools/thm-restate.sty
Package: thm-restate 2023/05/04 v0.76
) (/usr/share/texmf-dist/tex/latex/thmtools/thm-amsthm.sty
Package: thm-amsthm 2023/05/04 v0.76
\thmt@style@headstyle=\toks51
)) (/usr/share/texmf-dist/tex/latex/jknapltx/mathrsfs.sty
Package: mathrsfs 1996/01/01 Math RSFS package v1.0 (jk)
\symrsfs=\mathgroup6
) (/usr/share/texmf-dist/tex/latex/stmaryrd/stmaryrd.sty
Package: stmaryrd 1994/03/03 St Mary's Road symbol package
\symstmry=\mathgroup7
LaTeX Font Info:    Overwriting symbol font `stmry' in version `bold'
(Font)                  U/stmry/m/n --> U/stmry/b/n on input line 89.
) (/usr/share/texmf-dist/tex/latex/physics/physics.sty
Package: physics 
 (/usr/share/texmf-dist/tex/latex/l3packages/xparse/xparse.sty (/usr/share/texmf-dist/tex/latex/l3kernel/expl3.sty
Package: expl3 2026-01-19 L3 programming layer (loader) 
 (/usr/share/texmf-dist/tex/latex/l3backend/l3backend-pdftex.def
File: l3backend-pdftex.def 2025-10-09 L3 backend support: PDF output (pdfTeX)
\l__color_backend_stack_int=\count338
))
Package: xparse 2025-10-09 L3 Experimental document command parser
)) (/usr/share/texmf-dist/tex/latex/enumitem/enumitem.sty
Package: enumitem 2025/02/06 v3.11 Customized lists
\labelindent=\skip61
\enit@outerparindent=\dimen308
\enit@toks=\toks52
\enit@inbox=\box68
\enit@count@id=\count339
\enitdp@description=\count340
) (/usr/share/texmf-dist/tex/latex/csquotes/csquotes.sty
Package: csquotes 2024-04-04 v5.2o context-sensitive quotations (JAW)
 (/usr/share/texmf-dist/tex/latex/etoolbox/etoolbox.sty
Package: etoolbox 2025/10/02 v2.5m e-TeX tools for LaTeX (JAW)
\etb@tempcnta=\count341
)
\csq@reset=\count342
\csq@gtype=\count343
\csq@glevel=\count344
\csq@qlevel=\count345
\csq@maxlvl=\count346
\csq@tshold=\count347
\csq@ltx@everypar=\toks53
 (/usr/share/texmf-dist/tex/latex/csquotes/csquotes.def
File: csquotes.def 2024-04-04 v5.2o csquotes generic definitions (JAW)
)
Package csquotes Info: Trying to load configuration file 'csquotes.cfg'...
Package csquotes Info: ... configuration file loaded successfully.
 (/usr/share/texmf-dist/tex/latex/csquotes/csquotes.cfg
File: csquotes.cfg 
)) (/usr/share/texmf-dist/tex/latex/tools/multicol.sty
Package: multicol 2025/10/21 v2.0b multicolumn formatting (FMi)
\c@tracingmulticols=\count348
\mult@box=\box69
\multicol@leftmargin=\dimen309
\c@unbalance=\count349
\c@collectmore=\count350
\doublecol@number=\count351
\multicoltolerance=\count352
\multicolpretolerance=\count353
\full@width=\dimen310
\page@free=\dimen311
\premulticols=\dimen312
\postmulticols=\dimen313
\multicolsep=\skip62
\multicolbaselineskip=\skip63
\partial@page=\box70
\last@line=\box71
\mc@boxedresult=\box72
\maxbalancingoverflow=\dimen314
\mult@rightbox=\box73
\mult@grightbox=\box74
\mult@firstbox=\box75
\mult@gfirstbox=\box76
\@tempa=\box77
\@tempa=\box78
\@tempa=\box79
\@tempa=\box80
\@tempa=\box81
\@tempa=\box82
\@tempa=\box83
\@tempa=\box84
\@tempa=\box85
\@tempa=\box86
\@tempa=\box87
\@tempa=\box88
\@tempa=\box89
\@tempa=\box90
\@tempa=\box91
\@tempa=\box92
\@tempa=\box93
\@tempa=\box94
\@tempa=\box95
\@tempa=\box96
\@tempa=\box97
\@tempa=\box98
\@tempa=\box99
\@tempa=\box100
\@tempa=\box101
\@tempa=\box102
\@tempa=\box103
\@tempa=\box104
\@tempa=\box105
\@tempa=\box106
\@tempa=\box107
\@tempa=\box108
\@tempa=\box109
\@tempa=\box110
\@tempa=\box111
\@tempa=\box112
\c@minrows=\count354
\c@columnbadness=\count355
\c@finalcolumnbadness=\count356
\last@try=\dimen315
\multicolovershoot=\dimen316
\multicolundershoot=\dimen317
\mult@nat@firstbox=\box113
\colbreak@box=\box114
\mc@col@check@num=\count357
\g__mc_curr_col_int=\count358
) (/usr/share/texmf-dist/tex/latex/tocloft/tocloft.sty
Package: tocloft 2017/08/31 v2.3i parameterised ToC, etc., typesetting
Package tocloft Info: The document has chapter divisions on input line 51.
\cftparskip=\skip64
\cftbeforetoctitleskip=\skip65
\cftaftertoctitleskip=\skip66
\cftbeforepartskip=\skip67
\cftpartnumwidth=\skip68
\cftpartindent=\skip69
\cftbeforechapskip=\skip70
\cftchapindent=\skip71
\cftchapnumwidth=\skip72
\cftbeforesecskip=\skip73
\cftsecindent=\skip74
\cftsecnumwidth=\skip75
\cftbeforesubsecskip=\skip76
\cftsubsecindent=\skip77
\cftsubsecnumwidth=\skip78
\cftbeforesubsubsecskip=\skip79
\cftsubsubsecindent=\skip80
\cftsubsubsecnumwidth=\skip81
\cftbeforeparaskip=\skip82
\cftparaindent=\skip83
\cftparanumwidth=\skip84
\cftbeforesubparaskip=\skip85
\cftsubparaindent=\skip86
\cftsubparanumwidth=\skip87
\cftbeforeloftitleskip=\skip88
\cftafterloftitleskip=\skip89
\cftbeforefigskip=\skip90
\cftfigindent=\skip91
\cftfignumwidth=\skip92
\c@lofdepth=\count359
\c@lotdepth=\count360
\cftbeforelottitleskip=\skip93
\cftafterlottitleskip=\skip94
\cftbeforetabskip=\skip95
\cfttabindent=\skip96
\cfttabnumwidth=\skip97
) (/usr/share/texmf-dist/tex/latex/tikz-3dplot/tikz-3dplot.sty (/usr/share/texmf-dist/tex/latex/base/ifthen.sty
Package: ifthen 2024/03/16 v1.1e Standard LaTeX ifthen package (DPC)
) (/usr/share/texmf-dist/tex/generic/pgf/frontendlayer/tikz/libraries/tikzlibrary3d.code.tex
File: tikzlibrary3d.code.tex 2025-08-29 v3.1.11a (3.1.11a)
)) (/usr/share/texmf-dist/tex/latex/mdframed/mdframed.sty
Package: mdframed 2013/07/01 1.9b: mdframed
 (/usr/share/texmf-dist/tex/latex/kvoptions/kvoptions.sty
Package: kvoptions 2022-06-15 v3.15 Key value format for package options (HO)
 (/usr/share/texmf-dist/tex/generic/ltxcmds/ltxcmds.sty
Package: ltxcmds 2023-12-04 v1.26 LaTeX kernel commands for general use (HO)
)) (/usr/share/texmf-dist/tex/latex/zref/zref-abspage.sty
Package: zref-abspage 2025-06-08 v2.36 Module abspage for zref (HO)
 (/usr/share/texmf-dist/tex/latex/zref/zref-base.sty
Package: zref-base 2025-06-08 v2.36 Module base for zref (HO)
 (/usr/share/texmf-dist/tex/generic/infwarerr/infwarerr.sty
Package: infwarerr 2019/12/03 v1.5 Providing info/warning/error messages (HO)
) (/usr/share/texmf-dist/tex/generic/kvdefinekeys/kvdefinekeys.sty
Package: kvdefinekeys 2019-12-19 v1.6 Define keys (HO)
) (/usr/share/texmf-dist/tex/generic/pdftexcmds/pdftexcmds.sty
Package: pdftexcmds 2020-06-27 v0.33 Utility functions of pdfTeX for LuaTeX (HO)
Package pdftexcmds Info: \pdf@primitive is available.
Package pdftexcmds Info: \pdf@ifprimitive is available.
Package pdftexcmds Info: \pdfdraftmode found.
) (/usr/share/texmf-dist/tex/generic/etexcmds/etexcmds.sty
Package: etexcmds 2019/12/15 v1.7 Avoid name clashes with e-TeX commands (HO)
) (/usr/share/texmf-dist/tex/latex/auxhook/auxhook.sty
Package: auxhook 2019-12-17 v1.6 Hooks for auxiliary files (HO)
)
Package zref Info: New property list: main on input line 767.
Package zref Info: New property: default on input line 768.
Package zref Info: New property: page on input line 769.
)
\c@abspage=\count361
Package zref Info: New property: abspage on input line 67.
) (/usr/share/texmf-dist/tex/latex/needspace/needspace.sty
Package: needspace 2025/03/13 v1.3e reserve vertical space
)
\mdf@templength=\skip98
\c@mdf@globalstyle@cnt=\count362
\mdf@skipabove@length=\skip99
\mdf@skipbelow@length=\skip100
\mdf@leftmargin@length=\skip101
\mdf@rightmargin@length=\skip102
\mdf@innerleftmargin@length=\skip103
\mdf@innerrightmargin@length=\skip104
\mdf@innertopmargin@length=\skip105
\mdf@innerbottommargin@length=\skip106
\mdf@splittopskip@length=\skip107
\mdf@splitbottomskip@length=\skip108
\mdf@outermargin@length=\skip109
\mdf@innermargin@length=\skip110
\mdf@linewidth@length=\skip111
\mdf@innerlinewidth@length=\skip112
\mdf@middlelinewidth@length=\skip113
\mdf@outerlinewidth@length=\skip114
\mdf@roundcorner@length=\skip115
\mdf@footenotedistance@length=\skip116
\mdf@userdefinedwidth@length=\skip117
\mdf@needspace@length=\skip118
\mdf@frametitleaboveskip@length=\skip119
\mdf@frametitlebelowskip@length=\skip120
\mdf@frametitlerulewidth@length=\skip121
\mdf@frametitleleftmargin@length=\skip122
\mdf@frametitlerightmargin@length=\skip123
\mdf@shadowsize@length=\skip124
\mdf@extratopheight@length=\skip125
\mdf@subtitleabovelinewidth@length=\skip126
\mdf@subtitlebelowlinewidth@length=\skip127
\mdf@subtitleaboveskip@length=\skip128
\mdf@subtitlebelowskip@length=\skip129
\mdf@subtitleinneraboveskip@length=\skip130
\mdf@subtitleinnerbelowskip@length=\skip131
\mdf@subsubtitleabovelinewidth@length=\skip132
\mdf@subsubtitlebelowlinewidth@length=\skip133
\mdf@subsubtitleaboveskip@length=\skip134
\mdf@subsubtitlebelowskip@length=\skip135
\mdf@subsubtitleinneraboveskip@length=\skip136
\mdf@subsubtitleinnerbelowskip@length=\skip137
 (/usr/share/texmf-dist/tex/latex/mdframed/md-frame-1.mdf
File: md-frame-1.mdf 2013/07/01\ 1.9b: md-frame-1
)
\mdf@frametitlebox=\box115
\mdf@footnotebox=\box116
\mdf@splitbox@one=\box117
\mdf@splitbox@two=\box118
\mdf@splitbox@save=\box119
\mdfsplitboxwidth=\skip138
\mdfsplitboxtotalwidth=\skip139
\mdfsplitboxheight=\skip140
\mdfsplitboxdepth=\skip141
\mdfsplitboxtotalheight=\skip142
\mdfframetitleboxwidth=\skip143
\mdfframetitleboxtotalwidth=\skip144
\mdfframetitleboxheight=\skip145
\mdfframetitleboxdepth=\skip146
\mdfframetitleboxtotalheight=\skip147
\mdffootnoteboxwidth=\skip148
\mdffootnoteboxtotalwidth=\skip149
\mdffootnoteboxheight=\skip150
\mdffootnoteboxdepth=\skip151
\mdffootnoteboxtotalheight=\skip152
\mdftotallinewidth=\skip153
\mdfboundingboxwidth=\skip154
\mdfboundingboxtotalwidth=\skip155
\mdfboundingboxheight=\skip156
\mdfboundingboxdepth=\skip157
\mdfboundingboxtotalheight=\skip158
\mdf@freevspace@length=\skip159
\mdf@horizontalwidthofbox@length=\skip160
\mdf@verticalmarginwhole@length=\skip161
\mdf@horizontalspaceofbox=\skip162
\mdfsubtitleheight=\skip163
\mdfsubsubtitleheight=\skip164
\c@mdfcountframes=\count363

****** mdframed patching \endmdf@trivlist

****** -- success******

\mdf@envdepth=\count364
\c@mdf@env@i=\count365
\c@mdf@env@ii=\count366
\c@mdf@zref@counter=\count367
Package zref Info: New property: mdf@pagevalue on input line 895.
)
\c@defn=\count368
\c@teor=\count369
\c@prop=\count370
\c@lema=\count371
\c@coro=\count372
\c@ejemplo=\count373
\c@ejercicio=\count374
 (/usr/share/texmf-dist/tex/latex/hyperref/hyperref.sty
Package: hyperref 2026-01-29 v7.01p Hypertext links for LaTeX
 (/usr/share/texmf-dist/tex/generic/pdfescape/pdfescape.sty
Package: pdfescape 2019/12/09 v1.15 Implements pdfTeX's escape features (HO)
) (/usr/share/texmf-dist/tex/latex/hycolor/hycolor.sty
Package: hycolor 2020-01-27 v1.10 Color options for hyperref/bookmark (HO)
) (/usr/share/texmf-dist/tex/latex/hyperref/nameref.sty
Package: nameref 2026-01-29 v2.58 Cross-referencing by name of section
 (/usr/share/texmf-dist/tex/latex/refcount/refcount.sty
Package: refcount 2019/12/15 v3.6 Data extraction from label references (HO)
) (/usr/share/texmf-dist/tex/generic/gettitlestring/gettitlestring.sty
Package: gettitlestring 2019/12/15 v1.6 Cleanup title references (HO)
)
\c@section@level=\count375
) (/usr/share/texmf-dist/tex/generic/stringenc/stringenc.sty
Package: stringenc 2019/11/29 v1.12 Convert strings between diff. encodings (HO)
)
\@linkdim=\dimen318
\Hy@linkcounter=\count376
\Hy@pagecounter=\count377
 (/usr/share/texmf-dist/tex/latex/hyperref/pd1enc.def
File: pd1enc.def 2026-01-29 v7.01p Hyperref: PDFDocEncoding definition (HO)
Now handling font encoding PD1 ...
... no UTF-8 mapping file for font encoding PD1
) (/usr/share/texmf-dist/tex/generic/intcalc/intcalc.sty
Package: intcalc 2019/12/15 v1.3 Expandable calculations with integers (HO)
)
\Hy@SavedSpaceFactor=\count378
 (/usr/share/texmf-dist/tex/latex/hyperref/puenc.def
File: puenc.def 2026-01-29 v7.01p Hyperref: PDF Unicode definition (HO)
Now handling font encoding PU ...
... no UTF-8 mapping file for font encoding PU
)
Package hyperref Info: Hyper figures OFF on input line 4201.
Package hyperref Info: Link nesting OFF on input line 4206.
Package hyperref Info: Hyper index ON on input line 4209.
Package hyperref Info: Plain pages OFF on input line 4216.
Package hyperref Info: Backreferencing OFF on input line 4221.
Package hyperref Info: Implicit mode ON; LaTeX internals redefined.
Package hyperref Info: Bookmarks ON on input line 4468.
\c@Hy@tempcnt=\count379
 (/usr/share/texmf-dist/tex/latex/url/url.sty
\Urlmuskip=\muskip18
Package: url 2013/09/16  ver 3.4  Verb mode for urls, etc.
)
LaTeX Info: Redefining \url on input line 4807.
\XeTeXLinkMargin=\dimen319
 (/usr/share/texmf-dist/tex/generic/bitset/bitset.sty
Package: bitset 2019/12/09 v1.3 Handle bit-vector datatype (HO)
 (/usr/share/texmf-dist/tex/generic/bigintcalc/bigintcalc.sty
Package: bigintcalc 2019/12/15 v1.5 Expandable calculations on big integers (HO)
))
\Fld@menulength=\count380
\Field@Width=\dimen320
\Fld@charsize=\dimen321
Package hyperref Info: Hyper figures OFF on input line 6084.
Package hyperref Info: Link nesting OFF on input line 6089.
Package hyperref Info: Hyper index ON on input line 6092.
Package hyperref Info: backreferencing OFF on input line 6099.
Package hyperref Info: Link coloring OFF on input line 6104.
Package hyperref Info: Link coloring with OCG OFF on input line 6109.
Package hyperref Info: PDF/A mode OFF on input line 6114.
\Hy@abspage=\count381
\c@Item=\count382
\c@Hfootnote=\count383
)
Package hyperref Info: Driver (autodetected): hpdftex.
 (/usr/share/texmf-dist/tex/latex/hyperref/hpdftex.def
File: hpdftex.def 2026-01-29 v7.01p Hyperref driver for pdfTeX
\HyAnn@Count=\count384
\Fld@listcount=\count385
\c@bookmark@seq@number=\count386
 (/usr/share/texmf-dist/tex/latex/rerunfilecheck/rerunfilecheck.sty
Package: rerunfilecheck 2025-06-21 v1.11 Rerun checks for auxiliary files (HO)
 (/usr/share/texmf-dist/tex/generic/uniquecounter/uniquecounter.sty
Package: uniquecounter 2019/12/15 v1.4 Provide unlimited unique counter (HO)
)
Package uniquecounter Info: New unique counter `rerunfilecheck' on input line 284.
)
\Hy@SectionHShift=\skip165
)
Package hyperref Info: Option `colorlinks' set `true' on input line 318.
) (/usr/share/texmf-dist/tex/latex/float/float.sty
Package: float 2001/11/08 v1.3d Float enhancements (AL)
\c@float@type=\count387
\float@exts=\toks54
\float@box=\box120
\@float@everytoks=\toks55
\@floatcapt=\box121
) (/usr/share/texmf-dist/tex/latex/placeins/placeins.sty
Package: placeins 2005/04/18  v 2.2
) (/usr/share/texmf-dist/tex/latex/pdfpages/pdfpages.sty
Package: pdfpages 2025/07/23 v0.6g Insert pages of external PDF documents (AM)
 (/usr/share/texmf-dist/tex/latex/eso-pic/eso-pic.sty
Package: eso-pic 2025/12/10 v3.0d eso-pic (RN)
\ESO@tempdima=\dimen322
\ESO@tempdimb=\dimen323
)
\AM@pagewidth=\dimen324
\AM@pageheight=\dimen325
\AM@fboxrule=\dimen326
 (/usr/share/texmf-dist/tex/latex/pdfpages/pppdftex.def
File: pppdftex.def 2025/07/23 v0.6g Pdfpages driver for pdfTeX (AM)
)
\pdfpages@includegraphics@status=\count388
\AM@pagebox=\box122
\AM@global@opts=\toks56
\AM@pagecnt=\count389
\AM@toc@title=\toks57
\AM@lof@heading=\toks58
\c@AM@survey=\count390
\AM@templatesizebox=\box123
) (/usr/share/texmf-dist/tex/latex/tikz-cd/tikz-cd.sty
Package: tikz-cd 2021/05/04 v1.0 Commutative diagrams with TikZ
 (/usr/share/texmf-dist/tex/generic/tikz-cd/tikzlibrarycd.code.tex (/usr/share/texmf-dist/tex/generic/pgf/frontendlayer/tikz/libraries/tikzlibrarymatrix.code.tex
File: tikzlibrarymatrix.code.tex 2025-08-29 v3.1.11a (3.1.11a)
) (/usr/share/texmf-dist/tex/generic/pgf/libraries/pgflibraryarrows.meta.code.tex
File: pgflibraryarrows.meta.code.tex 2025-08-29 v3.1.11a (3.1.11a)
\pgfarrowinset=\dimen327
\pgfarrowlength=\dimen328
\pgfarrowwidth=\dimen329
\pgfarrowlinewidth=\dimen330
))) (/usr/share/texmf-dist/tex/latex/titlesec/titlesec.sty
Package: titlesec 2025/01/04 v2.17 Sectioning titles
\ttl@box=\box124
\beforetitleunit=\skip166
\aftertitleunit=\skip167
\ttl@plus=\dimen331
\ttl@minus=\dimen332
\ttl@toksa=\toks59
\titlewidth=\dimen333
\titlewidthlast=\dimen334
\titlewidthfirst=\dimen335
)
Package csquotes Info: Checking for multilingual support...
Package csquotes Info: ... found 'babel' package.
Package csquotes Info: Adjusting default style.
Package csquotes Info: Redefining alias 'default' -> 'spanish'.
LaTeX Font Info:    Trying to load font information for T1+lmr on input line 21.
 (/usr/share/texmf-dist/tex/latex/lm/t1lmr.fd
File: t1lmr.fd 2015/05/01 v1.6.1 Font defs for Latin Modern
) (./teorianumeros.aux
LaTeX Info: Redefining \. on input line 12.
LaTeX Info: Redefining \% on input line 12.
Package babel Info: 'spanish' activates 'spanish' shorthands.
(babel)             Reported on input line 12.
)
\openout1 = `teorianumeros.aux'.

LaTeX Font Info:    Checking defaults for OML/cmm/m/it on input line 21.
LaTeX Font Info:    ... okay on input line 21.
LaTeX Font Info:    Checking defaults for OMS/cmsy/m/n on input line 21.
LaTeX Font Info:    ... okay on input line 21.
LaTeX Font Info:    Checking defaults for OT1/cmr/m/n on input line 21.
LaTeX Font Info:    ... okay on input line 21.
LaTeX Font Info:    Checking defaults for T1/cmr/m/n on input line 21.
LaTeX Font Info:    ... okay on input line 21.
LaTeX Font Info:    Checking defaults for TS1/cmr/m/n on input line 21.
LaTeX Font Info:    ... okay on input line 21.
LaTeX Font Info:    Checking defaults for OMX/cmex/m/n on input line 21.
LaTeX Font Info:    ... okay on input line 21.
LaTeX Font Info:    Checking defaults for U/cmr/m/n on input line 21.
LaTeX Font Info:    ... okay on input line 21.
LaTeX Font Info:    Checking defaults for PD1/pdf/m/n on input line 21.
LaTeX Font Info:    ... okay on input line 21.
LaTeX Font Info:    Checking defaults for PU/pdf/m/n on input line 21.
LaTeX Font Info:    ... okay on input line 21.
LaTeX Info: Redefining \. on input line 21.
LaTeX Info: Redefining \% on input line 21.

*geometry* driver: auto-detecting
*geometry* detected driver: pdftex
*geometry* verbose mode - [ preamble ] result:
* driver: pdftex
* paper: a4paper
* layout: <same size as paper>
* layoutoffset:(h,v)=(0.0pt,0.0pt)
* modes: twoside 
* h-part:(L,W,R)=(42.67912pt, 512.14963pt, 42.67912pt)
* v-part:(T,H,B)=(42.67912pt, 759.6886pt, 42.67912pt)
* \paperwidth=597.50787pt
* \paperheight=845.04684pt
* \textwidth=512.14963pt
* \textheight=759.6886pt
* \oddsidemargin=-29.59087pt
* \evensidemargin=-29.59087pt
* \topmargin=-61.46466pt
* \headheight=12.0pt
* \headsep=19.8738pt
* \topskip=12.0pt
* \footskip=30.0pt
* \marginparwidth=56.9055pt
* \marginparsep=10.0pt
* \columnsep=10.0pt
* \skip\footins=10.8pt plus 4.0pt minus 2.0pt
* \hoffset=0.0pt
* \voffset=0.0pt
* \mag=1000
* \@twocolumnfalse
* \@twosidetrue
* \@mparswitchtrue
* \@reversemarginfalse
* (1in=72.27pt=25.4mm, 1cm=28.453pt)

(/usr/share/texmf-dist/tex/context/base/mkii/supp-pdf.mkii
[Loading MPS to PDF converter (version 2006.09.02).]
\scratchcounter=\count391
\scratchdimen=\dimen336
\scratchbox=\box125
\nofMPsegments=\count392
\nofMParguments=\count393
\everyMPshowfont=\toks60
\MPscratchCnt=\count394
\MPscratchDim=\dimen337
\MPnumerator=\count395
\makeMPintoPDFobject=\count396
\everyMPtoPDFconversion=\toks61
) (/usr/share/texmf-dist/tex/latex/epstopdf-pkg/epstopdf-base.sty
Package: epstopdf-base 2020-01-24 v2.11 Base part for package epstopdf
Package epstopdf-base Info: Redefining graphics rule for `.eps' on input line 485.
 (/usr/share/texmf-dist/tex/latex/latexconfig/epstopdf-sys.cfg
File: epstopdf-sys.cfg 2010/07/13 v1.3 Configuration of (r)epstopdf for TeX Live
))
Package pgfplots notification 'compat/show suggested version=true': document has been generated with the most recent feature set (\pgfplotsset{compat=1.18}).

Package caption Info: Begin \AtBeginDocument code.
Package caption Info: float package is loaded.
Package caption Info: hyperref package is loaded.
Package caption Info: End \AtBeginDocument code.
Package hyperref Info: Link coloring ON on input line 21.
(./teorianumeros.out) (./teorianumeros.out)
\@outlinefile=\write4
\openout4 = `teorianumeros.out'.

 (/usr/share/texmf-dist/tex/latex/pdflscape/pdflscape.sty
Package: pdflscape 2025-06-23 v0.14 Display of landscape pages in PDF
 (/usr/share/texmf-dist/tex/latex/pdflscape/pdflscape-nometadata.sty
Package: pdflscape-nometadata 2025-06-23 v0.14 Display of landscape pages in PDF (HO)
 (/usr/share/texmf-dist/tex/latex/graphics/lscape.sty
Package: lscape 2020/05/28 v3.02 Landscape Pages (DPC)
)
Package pdflscape Info: Auto-detected driver: pdftex on input line 81.
))
LaTeX Font Info:    Trying to load font information for TS1+lmr on input line 50.
 (/usr/share/texmf-dist/tex/latex/lm/ts1lmr.fd
File: ts1lmr.fd 2015/05/01 v1.6.1 Font defs for Latin Modern
) [1


{/var/lib/texmf/fonts/map/pdftex/updmap/pdftex.map}{/usr/share/texmf-dist/fonts/enc/dvips/lm/lm-ec.enc}{/usr/share/texmf-dist/fonts/enc/dvips/lm/lm-ts1.enc}] (./teorianumeros.toc
LaTeX Info: Redefining \. on input line 1.
LaTeX Info: Redefining \% on input line 1.
LaTeX Font Info:    Trying to load font information for OT1+lmr on input line 2.
 (/usr/share/texmf-dist/tex/latex/lm/ot1lmr.fd
File: ot1lmr.fd 2015/05/01 v1.6.1 Font defs for Latin Modern
)
LaTeX Font Info:    Trying to load font information for OML+lmm on input line 2.
 (/usr/share/texmf-dist/tex/latex/lm/omllmm.fd
File: omllmm.fd 2015/05/01 v1.6.1 Font defs for Latin Modern
)
LaTeX Font Info:    Trying to load font information for OMS+lmsy on input line 2.
 (/usr/share/texmf-dist/tex/latex/lm/omslmsy.fd
File: omslmsy.fd 2015/05/01 v1.6.1 Font defs for Latin Modern
)
LaTeX Font Info:    Trying to load font information for OMX+lmex on input line 2.
 (/usr/share/texmf-dist/tex/latex/lm/omxlmex.fd
File: omxlmex.fd 2015/05/01 v1.6.1 Font defs for Latin Modern
)
LaTeX Font Info:    External font `lmex10' loaded for size
(Font)              <12> on input line 2.
LaTeX Font Info:    External font `lmex10' loaded for size
(Font)              <8> on input line 2.
LaTeX Font Info:    External font `lmex10' loaded for size
(Font)              <6> on input line 2.
LaTeX Font Info:    Trying to load font information for U+msa on input line 2.
 (/usr/share/texmf-dist/tex/latex/amsfonts/umsa.fd
File: umsa.fd 2013/01/14 v3.01 AMS symbols A
)
LaTeX Font Info:    Trying to load font information for U+msb on input line 2.
 (/usr/share/texmf-dist/tex/latex/amsfonts/umsb.fd
File: umsb.fd 2013/01/14 v3.01 AMS symbols B
)
LaTeX Font Info:    Trying to load font information for U+rsfs on input line 2.
 (/usr/share/texmf-dist/tex/latex/jknapltx/ursfs.fd
File: ursfs.fd 1998/03/24 rsfs font definition file (jk)
)
LaTeX Font Info:    Trying to load font information for U+stmry on input line 2.
 (/usr/share/texmf-dist/tex/latex/stmaryrd/Ustmry.fd)
pdfTeX warning (ext4): destination with the same identifier (name{page.1}) has been already used, duplicate ignored
<to be read again> 
                   \relax 
l.37 ...SOR $\sigma _\alpha (n)$}{54}{section.3.6}
                                                  % [1{/usr/share/texmf-dist/fonts/enc/dvips/lm/lm-mathit.enc}{/usr/share/texmf-dist/fonts/enc/dvips/lm/lm-rm.enc}])
\tf@toc=\write5
\openout5 = `teorianumeros.toc'.

LaTeX Info: Redefining \. on input line 58.
LaTeX Info: Redefining \% on input line 58.
Package babel Info: 'spanish' activates 'spanish' shorthands.
(babel)             Reported on input line 58.
 [2{/usr/share/texmf-dist/fonts/enc/dvips/lm/lm-mathex.enc}]
Cap\'{\i }tulo 1.
[3

{/usr/share/texmf-dist/fonts/enc/dvips/lm/lm-mathsy.enc}]
Package mdframed Info: mdframed works in twoside mode on input line 99.
Package mdframed Info: mdframed detected package amsthm 
 changed the theorem header of amsthm
(mdframed)              on input line 99.
Package mdframed Info: mdframed detected package amsthm 
 changed the theorem header of amsthm
(mdframed)              on input line 103.
Package mdframed Info: mdframed works in twoside mode on input line 110.
Package mdframed Info: mdframed detected package amsthm 
 changed the theorem header of amsthm
(mdframed)              on input line 110.
Package mdframed Info: mdframed detected package amsthm 
 changed the theorem header of amsthm
(mdframed)              on input line 124.
LaTeX Info: Redefining \. on input line 134.
LaTeX Info: Redefining \% on input line 134.
 [4]
Package mdframed Info: mdframed works in twoside mode on input line 136.
Package mdframed Info: mdframed detected package amsthm 
 changed the theorem header of amsthm
(mdframed)              on input line 136.
Package mdframed Info: mdframed detected package amsthm 
 changed the theorem header of amsthm
(mdframed)              on input line 142.
Package mdframed Info: mdframed works in twoside mode on input line 164.
Package mdframed Info: mdframed detected package amsthm 
 changed the theorem header of amsthm
(mdframed)              on input line 164.
Package mdframed Info: mdframed detected package amsthm 
 changed the theorem header of amsthm
(mdframed)              on input line 171.
Package mdframed Info: mdframed works in twoside mode on input line 182.
Package mdframed Info: mdframed detected package amsthm 
 changed the theorem header of amsthm
(mdframed)              on input line 182.
Package mdframed Info: mdframed detected package amsthm 
 changed the theorem header of amsthm
(mdframed)              on input line 186.
LaTeX Info: Redefining \. on input line 186.
LaTeX Info: Redefining \% on input line 186.
 [5]
Package mdframed Info: mdframed works in twoside mode on input line 194.
Package mdframed Info: mdframed detected package amsthm 
 changed the theorem header of amsthm
(mdframed)              on input line 194.
Package mdframed Info: mdframed detected package amsthm 
 changed the theorem header of amsthm
(mdframed)              on input line 201.
Package mdframed Info: mdframed works in twoside mode on input line 215.
Package mdframed Info: mdframed detected package amsthm 
 changed the theorem header of amsthm
(mdframed)              on input line 215.
Package mdframed Info: mdframed detected package amsthm 
 changed the theorem header of amsthm
(mdframed)              on input line 217.
Package mdframed Info: mdframed works in twoside mode on input line 226.
Package mdframed Info: mdframed detected package amsthm 
 changed the theorem header of amsthm
(mdframed)              on input line 226.
Package mdframed Info: mdframed detected package amsthm 
 changed the theorem header of amsthm
(mdframed)              on input line 229.
LaTeX Info: Redefining \. on input line 233.
LaTeX Info: Redefining \% on input line 233.
 [6]
Package mdframed Info: mdframed works in twoside mode on input line 237.
Package mdframed Info: mdframed detected package amsthm 
 changed the theorem header of amsthm
(mdframed)              on input line 237.
Package mdframed Info: mdframed detected package amsthm 
 changed the theorem header of amsthm
(mdframed)              on input line 238.
Package mdframed Info: mdframed works in twoside mode on input line 248.
Package mdframed Info: mdframed detected package amsthm 
 changed the theorem header of amsthm
(mdframed)              on input line 248.
Package mdframed Info: mdframed detected package amsthm 
 changed the theorem header of amsthm
(mdframed)              on input line 250.
Package mdframed Info: mdframed works in twoside mode on input line 261.
Package mdframed Info: mdframed detected package amsthm 
 changed the theorem header of amsthm
(mdframed)              on input line 261.
Package mdframed Info: mdframed detected package amsthm 
 changed the theorem header of amsthm
(mdframed)              on input line 262.
Package mdframed Info: mdframed works in twoside mode on input line 270.
Package mdframed Info: mdframed detected package amsthm 
 changed the theorem header of amsthm
(mdframed)              on input line 270.
Package mdframed Info: mdframed detected package amsthm 
 changed the theorem header of amsthm
(mdframed)              on input line 273.
LaTeX Info: Redefining \. on input line 284.
LaTeX Info: Redefining \% on input line 284.
 [7]
Package mdframed Info: mdframed works in twoside mode on input line 284.
Package mdframed Info: mdframed detected package amsthm 
 changed the theorem header of amsthm
(mdframed)              on input line 284.
Package mdframed Info: mdframed detected package amsthm 
 changed the theorem header of amsthm
(mdframed)              on input line 287.
Package mdframed Info: mdframed works in twoside mode on input line 325.
Package mdframed Info: mdframed detected package amsthm 
 changed the theorem header of amsthm
(mdframed)              on input line 325.
Package mdframed Info: mdframed detected package amsthm 
 changed the theorem header of amsthm
(mdframed)              on input line 328.
LaTeX Info: Redefining \. on input line 337.
LaTeX Info: Redefining \% on input line 337.
 [8]
Package mdframed Info: mdframed works in twoside mode on input line 350.
Package mdframed Info: mdframed detected package amsthm 
 changed the theorem header of amsthm
(mdframed)              on input line 350.
Package mdframed Info: mdframed detected package amsthm 
 changed the theorem header of amsthm
(mdframed)              on input line 359.
Package mdframed Info: mdframed works in twoside mode on input line 372.
Package mdframed Info: mdframed detected package amsthm 
 changed the theorem header of amsthm
(mdframed)              on input line 372.
Package mdframed Info: mdframed detected package amsthm 
 changed the theorem header of amsthm
(mdframed)              on input line 373.
LaTeX Info: Redefining \. on input line 389.
LaTeX Info: Redefining \% on input line 389.
 [9]
Package mdframed Info: mdframed works in twoside mode on input line 417.
Package mdframed Info: mdframed detected package amsthm 
 changed the theorem header of amsthm
(mdframed)              on input line 417.
Package mdframed Info: mdframed detected package amsthm 
 changed the theorem header of amsthm
(mdframed)              on input line 424.
LaTeX Info: Redefining \. on input line 442.
LaTeX Info: Redefining \% on input line 442.
 [10]
Package mdframed Info: mdframed works in twoside mode on input line 448.
Package mdframed Info: mdframed detected package amsthm 
 changed the theorem header of amsthm
(mdframed)              on input line 448.
Package mdframed Info: mdframed detected package amsthm 
 changed the theorem header of amsthm
(mdframed)              on input line 461.
LaTeX Info: Redefining \. on input line 488.
LaTeX Info: Redefining \% on input line 488.
 [11]
LaTeX Info: Redefining \. on input line 559.
LaTeX Info: Redefining \% on input line 559.
 [12]
LaTeX Info: Redefining \. on input line 629.
LaTeX Info: Redefining \% on input line 629.
 [13]
LaTeX Info: Redefining \. on input line 692.
LaTeX Info: Redefining \% on input line 692.
 [14]
Cap\'{\i }tulo 2.

pdfTeX warning (ext4): destination with the same identifier (name{defn.1}) has been already used, duplicate ignored
<to be read again> 
                   \relax 
l.700     \begin{definicion}[Función aritmética]
                                                  
Package mdframed Info: mdframed works in twoside mode on input line 700.
Package mdframed Info: mdframed detected package amsthm 
 changed the theorem header of amsthm
(mdframed)              on input line 700.
Package mdframed Info: mdframed detected package amsthm 
 changed the theorem header of amsthm
(mdframed)              on input line 703.
LaTeX Font Info:    External font `lmex10' loaded for size
(Font)              <17.28> on input line 713.
LaTeX Font Info:    External font `lmex10' loaded for size
(Font)              <10> on input line 713.

pdfTeX warning (ext4): destination with the same identifier (name{defn.2}) has been already used, duplicate ignored
<to be read again> 
                   \relax 
l.715     \begin{definicion}[Función de Möbius]
                                                 
Package mdframed Info: mdframed works in twoside mode on input line 715.
Package mdframed Info: mdframed detected package amsthm 
 changed the theorem header of amsthm
(mdframed)              on input line 715.
Package mdframed Info: mdframed detected package amsthm 
 changed the theorem header of amsthm
(mdframed)              on input line 725.
 [15

]
pdfTeX warning (ext4): destination with the same identifier (name{teor.1}) has been already used, duplicate ignored
<to be read again> 
                   \relax 
l.744         S
               i $n\geq1$ tenemos
Package mdframed Info: mdframed works in twoside mode on input line 744.
Package mdframed Info: mdframed detected package amsthm 
 changed the theorem header of amsthm
(mdframed)              on input line 744.
Package mdframed Info: mdframed detected package amsthm 
 changed the theorem header of amsthm
(mdframed)              on input line 752.

pdfTeX warning (ext4): destination with the same identifier (name{defn.3}) has been already used, duplicate ignored
<to be read again> 
                   \relax 
l.769     \begin{definicion}[Indicatriz de Euler]
                                                 
Package mdframed Info: mdframed works in twoside mode on input line 769.
Package mdframed Info: mdframed detected package amsthm 
 changed the theorem header of amsthm
(mdframed)              on input line 769.
Package mdframed Info: mdframed detected package amsthm 
 changed the theorem header of amsthm
(mdframed)              on input line 776.
LaTeX Info: Redefining \. on input line 776.
LaTeX Info: Redefining \% on input line 776.
 [16]
pdfTeX warning (ext4): destination with the same identifier (name{teor.2}) has been already used, duplicate ignored
<to be read again> 
                   \relax 
l.791         S
               i $n\geq1$ tenemos
Package mdframed Info: mdframed works in twoside mode on input line 791.
Package mdframed Info: mdframed detected package amsthm 
 changed the theorem header of amsthm
(mdframed)              on input line 791.
Package mdframed Info: mdframed detected package amsthm 
 changed the theorem header of amsthm
(mdframed)              on input line 795.

pdfTeX warning (ext4): destination with the same identifier (name{teor.3}) has been already used, duplicate ignored
<to be read again> 
                   \relax 
l.827         S
               i $n\geq1$ tenemos
Package mdframed Info: mdframed works in twoside mode on input line 827.
Package mdframed Info: mdframed detected package amsthm 
 changed the theorem header of amsthm
(mdframed)              on input line 827.
Package mdframed Info: mdframed detected package amsthm 
 changed the theorem header of amsthm
(mdframed)              on input line 831.
LaTeX Info: Redefining \. on input line 831.
LaTeX Info: Redefining \% on input line 831.
 [17]
pdfTeX warning (ext4): destination with the same identifier (name{teor.4}) has been already used, duplicate ignored
<to be read again> 
                   \relax 
l.861         P
               ara $n\geq1$ tenemos
Package mdframed Info: mdframed works in twoside mode on input line 861.
Package mdframed Info: mdframed detected package amsthm 
 changed the theorem header of amsthm
(mdframed)              on input line 861.
Package mdframed Info: mdframed detected package amsthm 
 changed the theorem header of amsthm
(mdframed)              on input line 865.
LaTeX Info: Redefining \. on input line 877.
LaTeX Info: Redefining \% on input line 877.
 [18]
pdfTeX warning (ext4): destination with the same identifier (name{teor.5}) has been already used, duplicate ignored
<to be read again> 
                   \relax 
l.895         L
               a indicatriz de Euler posee las siguientes propiedades:
Package mdframed Info: mdframed works in twoside mode on input line 895.
Package mdframed Info: mdframed detected package amsthm 
 changed the theorem header of amsthm
(mdframed)              on input line 895.
Package mdframed Info: mdframed detected package amsthm 
 changed the theorem header of amsthm
(mdframed)              on input line 905.
LaTeX Info: Redefining \. on input line 927.
LaTeX Info: Redefining \% on input line 927.
 [19]
Package mdframed Info: mdframed works in twoside mode on input line 969.
Package mdframed Info: mdframed detected package amsthm 
 changed the theorem header of amsthm
(mdframed)              on input line 969.
Package mdframed Info: mdframed detected package amsthm 
 changed the theorem header of amsthm
(mdframed)              on input line 975.
LaTeX Info: Redefining \. on input line 975.
LaTeX Info: Redefining \% on input line 975.
 [20]
pdfTeX warning (ext4): destination with the same identifier (name{teor.6}) has been already used, duplicate ignored
<to be read again> 
                   \relax 
l.988         L
               a multiplicación de Dirichlet es asociativa y conmutativa. E...
Package mdframed Info: mdframed works in twoside mode on input line 988.
Package mdframed Info: mdframed detected package amsthm 
 changed the theorem header of amsthm
(mdframed)              on input line 988.
Package mdframed Info: mdframed detected package amsthm 
 changed the theorem header of amsthm
(mdframed)              on input line 994.
Package mdframed Info: mdframed works in twoside mode on input line 1017.
Package mdframed Info: mdframed detected package amsthm 
 changed the theorem header of amsthm
(mdframed)              on input line 1017.
Package mdframed Info: mdframed detected package amsthm 
 changed the theorem header of amsthm
(mdframed)              on input line 1027.
LaTeX Info: Redefining \. on input line 1027.
LaTeX Info: Redefining \% on input line 1027.
 [21]
pdfTeX warning (ext4): destination with the same identifier (name{teor.7}) has been already used, duplicate ignored
<to be read again> 
                   \relax 
l.1030         P
                ara todo $f$ se tiene $I*f=f*I=f$.
Package mdframed Info: mdframed works in twoside mode on input line 1030.
Package mdframed Info: mdframed detected package amsthm 
 changed the theorem header of amsthm
(mdframed)              on input line 1030.
Package mdframed Info: mdframed detected package amsthm 
 changed the theorem header of amsthm
(mdframed)              on input line 1031.

pdfTeX warning (ext4): destination with the same identifier (name{teor.8}) has been already used, duplicate ignored
<to be read again> 
                   \relax 
l.1045         S
                i $f$ es una función aritmética con $f(1)\neq0$ existe una...
Package mdframed Info: mdframed works in twoside mode on input line 1045.
Package mdframed Info: mdframed detected package amsthm 
 changed the theorem header of amsthm
(mdframed)              on input line 1045.
Package mdframed Info: mdframed detected package amsthm 
 changed the theorem header of amsthm
(mdframed)              on input line 1056.
LaTeX Info: Redefining \. on input line 1073.
LaTeX Info: Redefining \% on input line 1073.
 [22]
Package mdframed Info: mdframed works in twoside mode on input line 1099.
Package mdframed Info: mdframed detected package amsthm 
 changed the theorem header of amsthm
(mdframed)              on input line 1099.
Package mdframed Info: mdframed detected package amsthm 
 changed the theorem header of amsthm
(mdframed)              on input line 1102.

pdfTeX warning (ext4): destination with the same identifier (name{teor.9}) has been already used, duplicate ignored
<to be read again> 
                   \relax 
l.1118 ...rema}[Fórmula de inversión de Möbius]
                                                  
Package mdframed Info: mdframed works in twoside mode on input line 1118.
Package mdframed Info: mdframed detected package amsthm 
 changed the theorem header of amsthm
(mdframed)              on input line 1118.
Package mdframed Info: mdframed detected package amsthm 
 changed the theorem header of amsthm
(mdframed)              on input line 1128.
LaTeX Info: Redefining \. on input line 1128.
LaTeX Info: Redefining \% on input line 1128.
 [23]
Package mdframed Info: mdframed works in twoside mode on input line 1147.
Package mdframed Info: mdframed detected package amsthm 
 changed the theorem header of amsthm
(mdframed)              on input line 1147.
Package mdframed Info: mdframed detected package amsthm 
 changed the theorem header of amsthm
(mdframed)              on input line 1156.

pdfTeX warning (ext4): destination with the same identifier (name{teor.10}) has been already used, duplicate ignored
<to be read again> 
                   \relax 
l.1172         S
                i $n\geq1$ tenemos
Package mdframed Info: mdframed works in twoside mode on input line 1172.
Package mdframed Info: mdframed detected package amsthm 
 changed the theorem header of amsthm
(mdframed)              on input line 1172.
Package mdframed Info: mdframed detected package amsthm 
 changed the theorem header of amsthm
(mdframed)              on input line 1176.
LaTeX Info: Redefining \. on input line 1181.
LaTeX Info: Redefining \% on input line 1181.
 [24]
pdfTeX warning (ext4): destination with the same identifier (name{teor.11}) has been already used, duplicate ignored
<to be read again> 
                   \relax 
l.1202         S
                i $n\geq1$ tenemos
Package mdframed Info: mdframed works in twoside mode on input line 1202.
Package mdframed Info: mdframed detected package amsthm 
 changed the theorem header of amsthm
(mdframed)              on input line 1202.
Package mdframed Info: mdframed detected package amsthm 
 changed the theorem header of amsthm
(mdframed)              on input line 1206.
Package mdframed Info: mdframed works in twoside mode on input line 1225.
Package mdframed Info: mdframed detected package amsthm 
 changed the theorem header of amsthm
(mdframed)              on input line 1225.
Package mdframed Info: mdframed detected package amsthm 
 changed the theorem header of amsthm
(mdframed)              on input line 1235.
LaTeX Info: Redefining \. on input line 1235.
LaTeX Info: Redefining \% on input line 1235.
 [25]
pdfTeX warning (ext4): destination with the same identifier (name{teor.12}) has been already used, duplicate ignored
<to be read again> 
                   \relax 
l.1283         S
                i $f$ es multiplicativa, entonces $f(1)=1$.
LaTeX Info: Redefining \. on input line 1283.
LaTeX Info: Redefining \% on input line 1283.
 [26]
Package mdframed Info: mdframed works in twoside mode on input line 1283.
Package mdframed Info: mdframed detected package amsthm 
 changed the theorem header of amsthm
(mdframed)              on input line 1283.
Package mdframed Info: mdframed detected package amsthm 
 changed the theorem header of amsthm
(mdframed)              on input line 1284.

pdfTeX warning (ext4): destination with the same identifier (name{teor.13}) has been already used, duplicate ignored
<to be read again> 
                   \relax 
l.1294         D
                ada $f$ con $f(1)=1$, entonces:
Package mdframed Info: mdframed works in twoside mode on input line 1294.
Package mdframed Info: mdframed detected package amsthm 
 changed the theorem header of amsthm
(mdframed)              on input line 1294.
Package mdframed Info: mdframed detected package amsthm 
 changed the theorem header of amsthm
(mdframed)              on input line 1308.

pdfTeX warning (ext4): destination with the same identifier (name{teor.14}) has been already used, duplicate ignored
<to be read again> 
                   \relax 
l.1318         S
                i $f$ y $g$ son multiplicativas, también lo es su producto ...
Package mdframed Info: mdframed works in twoside mode on input line 1318.
Package mdframed Info: mdframed detected package amsthm 
 changed the theorem header of amsthm
(mdframed)              on input line 1318.
Package mdframed Info: mdframed detected package amsthm 
 changed the theorem header of amsthm
(mdframed)              on input line 1319.
LaTeX Info: Redefining \. on input line 1334.
LaTeX Info: Redefining \% on input line 1334.
 [27]
pdfTeX warning (ext4): destination with the same identifier (name{teor.15}) has been already used, duplicate ignored
<to be read again> 
                   \relax 
l.1344         S
                i $g$ y $f*g$ son multiplicativas, $f$ también es multiplic...
Package mdframed Info: mdframed works in twoside mode on input line 1344.
Package mdframed Info: mdframed detected package amsthm 
 changed the theorem header of amsthm
(mdframed)              on input line 1344.
Package mdframed Info: mdframed detected package amsthm 
 changed the theorem header of amsthm
(mdframed)              on input line 1345.
Package mdframed Info: mdframed works in twoside mode on input line 1375.
Package mdframed Info: mdframed detected package amsthm 
 changed the theorem header of amsthm
(mdframed)              on input line 1375.
Package mdframed Info: mdframed detected package amsthm 
 changed the theorem header of amsthm
(mdframed)              on input line 1376.
LaTeX Info: Redefining \. on input line 1381.
LaTeX Info: Redefining \% on input line 1381.
 [28]
Package mdframed Info: mdframed works in twoside mode on input line 1393.
Package mdframed Info: mdframed detected package amsthm 
 changed the theorem header of amsthm
(mdframed)              on input line 1393.
Package mdframed Info: mdframed detected package amsthm 
 changed the theorem header of amsthm
(mdframed)              on input line 1398.
LaTeX Info: Redefining \. on input line 1432.
LaTeX Info: Redefining \% on input line 1432.
 [29]
Package mdframed Info: mdframed works in twoside mode on input line 1440.
Package mdframed Info: mdframed detected package amsthm 
 changed the theorem header of amsthm
(mdframed)              on input line 1440.
Package mdframed Info: mdframed detected package amsthm 
 changed the theorem header of amsthm
(mdframed)              on input line 1444.
Package mdframed Info: mdframed works in twoside mode on input line 1467.
Package mdframed Info: mdframed detected package amsthm 
 changed the theorem header of amsthm
(mdframed)              on input line 1467.
Package mdframed Info: mdframed detected package amsthm 
 changed the theorem header of amsthm
(mdframed)              on input line 1472.
Package mdframed Info: mdframed works in twoside mode on input line 1478.
Package mdframed Info: mdframed detected package amsthm 
 changed the theorem header of amsthm
(mdframed)              on input line 1478.
Package mdframed Info: mdframed detected package amsthm 
 changed the theorem header of amsthm
(mdframed)              on input line 1487.
LaTeX Info: Redefining \. on input line 1487.
LaTeX Info: Redefining \% on input line 1487.
 [30]
Package mdframed Info: mdframed works in twoside mode on input line 1511.
Package mdframed Info: mdframed detected package amsthm 
 changed the theorem header of amsthm
(mdframed)              on input line 1511.
Package mdframed Info: mdframed detected package amsthm 
 changed the theorem header of amsthm
(mdframed)              on input line 1517.
LaTeX Info: Redefining \. on input line 1538.
LaTeX Info: Redefining \% on input line 1538.
 [31]
Package mdframed Info: mdframed works in twoside mode on input line 1544.
Package mdframed Info: mdframed detected package amsthm 
 changed the theorem header of amsthm
(mdframed)              on input line 1544.
Package mdframed Info: mdframed detected package amsthm 
 changed the theorem header of amsthm
(mdframed)              on input line 1548.
Package mdframed Info: mdframed works in twoside mode on input line 1584.
Package mdframed Info: mdframed detected package amsthm 
 changed the theorem header of amsthm
(mdframed)              on input line 1584.
Package mdframed Info: mdframed detected package amsthm 
 changed the theorem header of amsthm
(mdframed)              on input line 1589.
LaTeX Info: Redefining \. on input line 1589.
LaTeX Info: Redefining \% on input line 1589.
 [32]
Package mdframed Info: mdframed works in twoside mode on input line 1613.
Package mdframed Info: mdframed detected package amsthm 
 changed the theorem header of amsthm
(mdframed)              on input line 1613.
Package mdframed Info: mdframed detected package amsthm 
 changed the theorem header of amsthm
(mdframed)              on input line 1623.
Package mdframed Info: mdframed works in twoside mode on input line 1636.
Package mdframed Info: mdframed detected package amsthm 
 changed the theorem header of amsthm
(mdframed)              on input line 1636.
Package mdframed Info: mdframed detected package amsthm 
 changed the theorem header of amsthm
(mdframed)              on input line 1642.
LaTeX Info: Redefining \. on input line 1642.
LaTeX Info: Redefining \% on input line 1642.
 [33]
LaTeX Info: Redefining \. on input line 1693.
LaTeX Info: Redefining \% on input line 1693.
 [34]
LaTeX Info: Redefining \. on input line 1747.
LaTeX Info: Redefining \% on input line 1747.
 [35]
Package mdframed Info: mdframed works in twoside mode on input line 1747.
Package mdframed Info: mdframed detected package amsthm 
 changed the theorem header of amsthm
(mdframed)              on input line 1747.
Package mdframed Info: mdframed detected package amsthm 
 changed the theorem header of amsthm
(mdframed)              on input line 1754.
Package mdframed Info: mdframed works in twoside mode on input line 1758.
Package mdframed Info: mdframed detected package amsthm 
 changed the theorem header of amsthm
(mdframed)              on input line 1758.
Package mdframed Info: mdframed detected package amsthm 
 changed the theorem header of amsthm
(mdframed)              on input line 1763.
LaTeX Info: Redefining \. on input line 1791.
LaTeX Info: Redefining \% on input line 1791.
 [36]
Package mdframed Info: mdframed works in twoside mode on input line 1818.
Package mdframed Info: mdframed detected package amsthm 
 changed the theorem header of amsthm
(mdframed)              on input line 1818.
Package mdframed Info: mdframed detected package amsthm 
 changed the theorem header of amsthm
(mdframed)              on input line 1823.
LaTeX Info: Redefining \. on input line 1832.
LaTeX Info: Redefining \% on input line 1832.
 [37]
Package mdframed Info: mdframed works in twoside mode on input line 1874.
Package mdframed Info: mdframed detected package amsthm 
 changed the theorem header of amsthm
(mdframed)              on input line 1874.
Package mdframed Info: mdframed detected package amsthm 
 changed the theorem header of amsthm
(mdframed)              on input line 1880.
LaTeX Info: Redefining \. on input line 1887.
LaTeX Info: Redefining \% on input line 1887.
 [38]
Package mdframed Info: mdframed works in twoside mode on input line 1894.
Package mdframed Info: mdframed detected package amsthm 
 changed the theorem header of amsthm
(mdframed)              on input line 1894.
Package mdframed Info: mdframed detected package amsthm 
 changed the theorem header of amsthm
(mdframed)              on input line 1900.
LaTeX Info: Redefining \. on input line 1935.
LaTeX Info: Redefining \% on input line 1935.
 [39]
Package mdframed Info: mdframed works in twoside mode on input line 1936.
Package mdframed Info: mdframed detected package amsthm 
 changed the theorem header of amsthm
(mdframed)              on input line 1936.
Package mdframed Info: mdframed detected package amsthm 
 changed the theorem header of amsthm
(mdframed)              on input line 1942.

pdfTeX warning (ext4): destination with the same identifier (name{ejercicio.1}) has been already used, duplicate ignored
<to be read again> 
                   \relax 
l.1963     \begin{ejercicio}
                            
pdfTeX warning (ext4): destination with the same identifier (name{ejercicio.2}) has been already used, duplicate ignored
<to be read again> 
                   \relax 
l.1972     \begin{ejercicio}
                            
pdfTeX warning (ext4): destination with the same identifier (name{ejercicio.3}) has been already used, duplicate ignored
<to be read again> 
                   \relax 
l.1983     \begin{ejercicio}
                            
LaTeX Info: Redefining \. on input line 1987.
LaTeX Info: Redefining \% on input line 1987.
 [40]
pdfTeX warning (ext4): destination with the same identifier (name{ejercicio.4}) has been already used, duplicate ignored
<to be read again> 
                   \relax 
l.1990     \begin{ejercicio}
                            
pdfTeX warning (ext4): destination with the same identifier (name{ejercicio.5}) has been already used, duplicate ignored
<to be read again> 
                   \relax 
l.1995     \begin{ejercicio}
                            
pdfTeX warning (ext4): destination with the same identifier (name{ejercicio.6}) has been already used, duplicate ignored
<to be read again> 
                   \relax 
l.2000     \begin{ejercicio}
                            
pdfTeX warning (ext4): destination with the same identifier (name{ejercicio.7}) has been already used, duplicate ignored
<to be read again> 
                   \relax 
l.2017     \begin{ejercicio}
                            
pdfTeX warning (ext4): destination with the same identifier (name{ejercicio.8}) has been already used, duplicate ignored
<to be read again> 
                   \relax 
l.2030     \begin{ejercicio}
                            
pdfTeX warning (ext4): destination with the same identifier (name{ejercicio.9}) has been already used, duplicate ignored
<to be read again> 
                   \relax 
l.2039     \begin{ejercicio}
                            
pdfTeX warning (ext4): destination with the same identifier (name{ejercicio.10}) has been already used, duplicate ignored
<to be read again> 
                   \relax 
l.2051     \begin{ejercicio}
                            
pdfTeX warning (ext4): destination with the same identifier (name{ejercicio.11}) has been already used, duplicate ignored
<to be read again> 
                   \relax 
l.2055     \begin{ejercicio}
                            
pdfTeX warning (ext4): destination with the same identifier (name{ejercicio.12}) has been already used, duplicate ignored
<to be read again> 
                   \relax 
l.2059     \begin{ejercicio}
                            
pdfTeX warning (ext4): destination with the same identifier (name{ejercicio.13}) has been already used, duplicate ignored
<to be read again> 
                   \relax 
l.2063     \begin{ejercicio}
                            
LaTeX Info: Redefining \. on input line 2069.
LaTeX Info: Redefining \% on input line 2069.
 [41]
pdfTeX warning (ext4): destination with the same identifier (name{ejercicio.14}) has been already used, duplicate ignored
<to be read again> 
                   \relax 
l.2073     \begin{ejercicio}
                            
pdfTeX warning (ext4): destination with the same identifier (name{ejercicio.15}) has been already used, duplicate ignored
<to be read again> 
                   \relax 
l.2089     \begin{ejercicio}
                            
pdfTeX warning (ext4): destination with the same identifier (name{ejercicio.16}) has been already used, duplicate ignored
<to be read again> 
                   \relax 
l.2098     \begin{ejercicio}
                            
pdfTeX warning (ext4): destination with the same identifier (name{ejercicio.17}) has been already used, duplicate ignored
<to be read again> 
                   \relax 
l.2107     \begin{ejercicio}
                            
pdfTeX warning (ext4): destination with the same identifier (name{ejercicio.18}) has been already used, duplicate ignored
<to be read again> 
                   \relax 
l.2123     \begin{ejercicio}
                            
pdfTeX warning (ext4): destination with the same identifier (name{ejercicio.19}) has been already used, duplicate ignored
<to be read again> 
                   \relax 
l.2128     \begin{ejercicio}
                            
pdfTeX warning (ext4): destination with the same identifier (name{ejercicio.20}) has been already used, duplicate ignored
<to be read again> 
                   \relax 
l.2134     \begin{ejercicio}
                            
LaTeX Info: Redefining \. on input line 2137.
LaTeX Info: Redefining \% on input line 2137.
 [42]
pdfTeX warning (ext4): destination with the same identifier (name{ejercicio.21}) has been already used, duplicate ignored
<to be read again> 
                   \relax 
l.2142     \begin{ejercicio}
                            
pdfTeX warning (ext4): destination with the same identifier (name{ejercicio.22}) has been already used, duplicate ignored
<to be read again> 
                   \relax 
l.2147     \begin{ejercicio}
                            
pdfTeX warning (ext4): destination with the same identifier (name{ejercicio.23}) has been already used, duplicate ignored
<to be read again> 
                   \relax 
l.2156     \begin{ejercicio}
                            
pdfTeX warning (ext4): destination with the same identifier (name{ejercicio.24}) has been already used, duplicate ignored
<to be read again> 
                   \relax 
l.2161     \begin{ejercicio}
                            
pdfTeX warning (ext4): destination with the same identifier (name{ejercicio.25}) has been already used, duplicate ignored
<to be read again> 
                   \relax 
l.2168     \begin{ejercicio}
                            
pdfTeX warning (ext4): destination with the same identifier (name{ejercicio.26}) has been already used, duplicate ignored
<to be read again> 
                   \relax 
l.2176     \begin{ejercicio}
                            
pdfTeX warning (ext4): destination with the same identifier (name{ejercicio.27}) has been already used, duplicate ignored
<to be read again> 
                   \relax 
l.2182     \begin{ejercicio}
                            
pdfTeX warning (ext4): destination with the same identifier (name{ejercicio.28}) has been already used, duplicate ignored
<to be read again> 
                   \relax 
l.2195     \begin{ejercicio}
                            
LaTeX Info: Redefining \. on input line 2200.
LaTeX Info: Redefining \% on input line 2200.
 [43]
pdfTeX warning (ext4): destination with the same identifier (name{ejercicio.29}) has been already used, duplicate ignored
<to be read again> 
                   \relax 
l.2207     \begin{ejercicio}
                            
pdfTeX warning (ext4): destination with the same identifier (name{ejercicio.30}) has been already used, duplicate ignored
<to be read again> 
                   \relax 
l.2219     \begin{ejercicio}
                            
LaTeX Info: Redefining \. on input line 2261.
LaTeX Info: Redefining \% on input line 2261.
 [44]
LaTeX Info: Redefining \. on input line 2326.
LaTeX Info: Redefining \% on input line 2326.
 [45]
LaTeX Info: Redefining \. on input line 2329.
LaTeX Info: Redefining \% on input line 2329.
 [46]
Cap\'{\i }tulo 3.
[47

]
Overfull \hbox (0.6174pt too wide) in paragraph at lines 2383--2383
|[]\T1/lmr/bx/n/17.28 LA NO-TA-CI�N $\OML/lmm/m/it/17.28 O$ \T1/lmr/bx/n/17.28 MA-Y�S-CU-LA. IGUAL-DAD ASIN-
 []


pdfTeX warning (ext4): destination with the same identifier (name{defn.1}) has been already used, duplicate ignored
<to be read again> 
                   \relax 
l.2385     \begin{definicion}[O mayúscula]
                                           
Package mdframed Info: mdframed works in twoside mode on input line 2385.
Package mdframed Info: mdframed detected package amsthm 
 changed the theorem header of amsthm
(mdframed)              on input line 2385.
Package mdframed Info: mdframed detected package amsthm 
 changed the theorem header of amsthm
(mdframed)              on input line 2395.

pdfTeX warning (ext4): destination with the same identifier (name{defn.2}) has been already used, duplicate ignored
<to be read again> 
                   \relax 
l.2404 ...\begin{definicion}[Igualdad asintótica]
                                                  
Package mdframed Info: mdframed works in twoside mode on input line 2404.
Package mdframed Info: mdframed detected package amsthm 
 changed the theorem header of amsthm
(mdframed)              on input line 2404.
Package mdframed Info: mdframed detected package amsthm 
 changed the theorem header of amsthm
(mdframed)              on input line 2413.
LaTeX Info: Redefining \. on input line 2422.
LaTeX Info: Redefining \% on input line 2422.
 [48]
pdfTeX warning (ext4): destination with the same identifier (name{teor.1}) has been already used, duplicate ignored
<to be read again> 
                   \relax 
l.2436 ...teorema}[Fórmula de sumación de Euler]
                                                  
Package mdframed Info: mdframed works in twoside mode on input line 2436.
Package mdframed Info: mdframed detected package amsthm 
 changed the theorem header of amsthm
(mdframed)              on input line 2436.
Package mdframed Info: mdframed detected package amsthm 
 changed the theorem header of amsthm
(mdframed)              on input line 2443.
LaTeX Info: Redefining \. on input line 2474.
LaTeX Info: Redefining \% on input line 2474.
 [49]
pdfTeX warning (ext4): destination with the same identifier (name{teor.2}) has been already used, duplicate ignored
<to be read again> 
                   \relax 
l.2484         S
                i $x\geq1$ tenemos:
Package mdframed Info: mdframed works in twoside mode on input line 2484.
Package mdframed Info: mdframed detected package amsthm 
 changed the theorem header of amsthm
(mdframed)              on input line 2484.
Package mdframed Info: mdframed detected package amsthm 
 changed the theorem header of amsthm
(mdframed)              on input line 2493.
LaTeX Info: Redefining \. on input line 2514.
LaTeX Info: Redefining \% on input line 2514.
 [50]
LaTeX Info: Redefining \. on input line 2564.
LaTeX Info: Redefining \% on input line 2564.
 [51]
pdfTeX warning (ext4): destination with the same identifier (name{teor.3}) has been already used, duplicate ignored
<to be read again> 
                   \relax 
l.2573         P
                ara todo $x\geq1$ tenemos
Package mdframed Info: mdframed works in twoside mode on input line 2573.
Package mdframed Info: mdframed detected package amsthm 
 changed the theorem header of amsthm
(mdframed)              on input line 2573.
Package mdframed Info: mdframed detected package amsthm 
 changed the theorem header of amsthm
(mdframed)              on input line 2578.
<figuras/figura3-1.pdf, id=657, 256.35976pt x 267.12297pt>
File: figuras/figura3-1.pdf Graphic file (type pdf)
<use figuras/figura3-1.pdf>
Package pdftex.def Info: figuras/figura3-1.pdf  used on input line 2605.
(pdftex.def)             Requested size: 256.35912pt x 267.1223pt.
LaTeX Info: Redefining \. on input line 2608.
LaTeX Info: Redefining \% on input line 2608.
 [52]
<figuras/figura3-2.pdf, id=665, 244.6209pt x 268.99997pt>
File: figuras/figura3-2.pdf Graphic file (type pdf)
<use figuras/figura3-2.pdf>
Package pdftex.def Info: figuras/figura3-2.pdf  used on input line 2636.
(pdftex.def)             Requested size: 244.62029pt x 268.99931pt.
LaTeX Info: Redefining \. on input line 2639.
LaTeX Info: Redefining \% on input line 2639.
 [53 <./figuras/figura3-1.pdf>]
pdfTeX warning (ext4): destination with the same identifier (name{teor.4}) has been already used, duplicate ignored
<to be read again> 
                   \relax 
l.2666         P
                ara todo $x\geq1$ tenemos
Package mdframed Info: mdframed works in twoside mode on input line 2666.
Package mdframed Info: mdframed detected package amsthm 
 changed the theorem header of amsthm
(mdframed)              on input line 2666.
Package mdframed Info: mdframed detected package amsthm 
 changed the theorem header of amsthm
(mdframed)              on input line 2670.
LaTeX Info: Redefining \. on input line 2670.
LaTeX Info: Redefining \% on input line 2670.
 [54 <./figuras/figura3-2.pdf>]
pdfTeX warning (ext4): destination with the same identifier (name{teor.5}) has been already used, duplicate ignored
<to be read again> 
                   \relax 
l.2690         S
                i $x\geq1$ y $\alpha>0$, $\alpha\neq1$, tenemos
Package mdframed Info: mdframed works in twoside mode on input line 2690.
Package mdframed Info: mdframed detected package amsthm 
 changed the theorem header of amsthm
(mdframed)              on input line 2690.
Package mdframed Info: mdframed detected package amsthm 
 changed the theorem header of amsthm
(mdframed)              on input line 2695.

pdfTeX warning (ext4): destination with the same identifier (name{teor.6}) has been already used, duplicate ignored
<to be read again> 
                   \relax 
l.2719         S
                i $\beta>0$, sea $\delta=\max\{0,1-\beta\}$. Entonces, si $x...
LaTeX Info: Redefining \. on input line 2719.
LaTeX Info: Redefining \% on input line 2719.
 [55]
Package mdframed Info: mdframed works in twoside mode on input line 2719.
Package mdframed Info: mdframed detected package amsthm 
 changed the theorem header of amsthm
(mdframed)              on input line 2719.
Package mdframed Info: mdframed detected package amsthm 
 changed the theorem header of amsthm
(mdframed)              on input line 2724.

pdfTeX warning (ext4): destination with the same identifier (name{teor.7}) has been already used, duplicate ignored
<to be read again> 
                   \relax 
l.2765         P
                ara $x>1$ tenemos
Package mdframed Info: mdframed works in twoside mode on input line 2765.
Package mdframed Info: mdframed detected package amsthm 
 changed the theorem header of amsthm
(mdframed)              on input line 2765.
Package mdframed Info: mdframed detected package amsthm 
 changed the theorem header of amsthm
(mdframed)              on input line 2770.
LaTeX Info: Redefining \. on input line 2770.
LaTeX Info: Redefining \% on input line 2770.
 [56]
Overfull \hbox (5.27867pt too wide) in paragraph at lines 2790--2790
\T1/lmr/bx/n/17.28 PUN-TOS RE-TI-CU-LA-RES VI-SI-BLES DES-DE EL ORI-
 []


pdfTeX warning (ext4): destination with the same identifier (name{defn.3}) has been already used, duplicate ignored
<to be read again> 
                   \relax 
l.2796 ...{definicion}[Puntos mutuamente visibles]
                                                  
Package mdframed Info: mdframed works in twoside mode on input line 2796.
Package mdframed Info: mdframed detected package amsthm 
 changed the theorem header of amsthm
(mdframed)              on input line 2796.
Package mdframed Info: mdframed detected package amsthm 
 changed the theorem header of amsthm
(mdframed)              on input line 2800.

pdfTeX warning (ext4): destination with the same identifier (name{teor.8}) has been already used, duplicate ignored
<to be read again> 
                   \relax 
l.2803         D
                os puntos reticulares $(a,b)$ y $(m,n)$ son mutuamente visib...
Package mdframed Info: mdframed works in twoside mode on input line 2803.
Package mdframed Info: mdframed detected package amsthm 
 changed the theorem header of amsthm
(mdframed)              on input line 2803.
Package mdframed Info: mdframed detected package amsthm 
 changed the theorem header of amsthm
(mdframed)              on input line 2805.
LaTeX Info: Redefining \. on input line 2811.
LaTeX Info: Redefining \% on input line 2811.

Overfull \hbox (104.3098pt too wide) has occurred while \output is active
\T1/lmr/m/sl/12 3.8.  UNA APLICACI�N A LA DISTRIBUCI�N DE LOS PUNTOS RETICULARES VISIBLES DESDE EL ORIGEN \T1/lmr/m/n/12 57
 []

[57]
pdfTeX warning (ext4): destination with the same identifier (name{teor.9}) has been already used, duplicate ignored
<to be read again> 
                   \relax 
l.2846         E
                l conjunto de puntos reticulares visibles desde el origen ti...
Package mdframed Info: mdframed works in twoside mode on input line 2846.
Package mdframed Info: mdframed detected package amsthm 
 changed the theorem header of amsthm
(mdframed)              on input line 2846.
Package mdframed Info: mdframed detected package amsthm 
 changed the theorem header of amsthm
(mdframed)              on input line 2848.
LaTeX Info: Redefining \. on input line 2865.
LaTeX Info: Redefining \% on input line 2865.
 [58]
<figuras/figura3-3.pdf, id=741, 221.19638pt x 223.1828pt>
File: figuras/figura3-3.pdf Graphic file (type pdf)
<use figuras/figura3-3.pdf>
Package pdftex.def Info: figuras/figura3-3.pdf  used on input line 2869.
(pdftex.def)             Requested size: 221.19582pt x 223.18225pt.
LaTeX Info: Redefining \. on input line 2901.
LaTeX Info: Redefining \% on input line 2901.
 [59 <./figuras/figura3-3.pdf>]
pdfTeX warning (ext4): destination with the same identifier (name{teor.10}) has been already used, duplicate ignored
<to be read again> 
                   \relax 
l.2921         S
                i $h=f*g$, sea
Package mdframed Info: mdframed works in twoside mode on input line 2921.
Package mdframed Info: mdframed detected package amsthm 
 changed the theorem header of amsthm
(mdframed)              on input line 2921.
Package mdframed Info: mdframed detected package amsthm 
 changed the theorem header of amsthm
(mdframed)              on input line 2930.

pdfTeX warning (ext4): destination with the same identifier (name{teor.11}) has been already used, duplicate ignored
<to be read again> 
                   \relax 
l.2954         S
                i $F(x)=\sum_{n\leq x}f(n)$ tenemos
Package mdframed Info: mdframed works in twoside mode on input line 2954.
Package mdframed Info: mdframed detected package amsthm 
 changed the theorem header of amsthm
(mdframed)              on input line 2954.
Package mdframed Info: mdframed detected package amsthm 
 changed the theorem header of amsthm
(mdframed)              on input line 2959.
LaTeX Info: Redefining \. on input line 2959.
LaTeX Info: Redefining \% on input line 2959.
 [60]
pdfTeX warning (ext4): destination with the same identifier (name{teor.12}) has been already used, duplicate ignored
<to be read again> 
                   \relax 
l.2968         P
                ara $x\geq1$ tenemos
Package mdframed Info: mdframed works in twoside mode on input line 2968.
Package mdframed Info: mdframed detected package amsthm 
 changed the theorem header of amsthm
(mdframed)              on input line 2968.
Package mdframed Info: mdframed detected package amsthm 
 changed the theorem header of amsthm
(mdframed)              on input line 2976.

pdfTeX warning (ext4): destination with the same identifier (name{teor.13}) has been already used, duplicate ignored
<to be read again> 
                   \relax 
l.3003         P
                ara todo $x\geq1$ tenemos
Package mdframed Info: mdframed works in twoside mode on input line 3003.
Package mdframed Info: mdframed detected package amsthm 
 changed the theorem header of amsthm
(mdframed)              on input line 3003.
Package mdframed Info: mdframed detected package amsthm 
 changed the theorem header of amsthm
(mdframed)              on input line 3008.
LaTeX Info: Redefining \. on input line 3008.
LaTeX Info: Redefining \% on input line 3008.
 [61]
pdfTeX warning (ext4): destination with the same identifier (name{teor.14}) has been already used, duplicate ignored
<to be read again> 
                   \relax 
l.3034     \begin{teorema}[Identidad de Legendre]
                                                 
Package mdframed Info: mdframed works in twoside mode on input line 3034.
Package mdframed Info: mdframed detected package amsthm 
 changed the theorem header of amsthm
(mdframed)              on input line 3034.
Package mdframed Info: mdframed detected package amsthm 
 changed the theorem header of amsthm
(mdframed)              on input line 3043.
LaTeX Info: Redefining \. on input line 3057.
LaTeX Info: Redefining \% on input line 3057.
 [62]
pdfTeX warning (ext4): destination with the same identifier (name{teor.15}) has been already used, duplicate ignored
<to be read again> 
                   \relax 
l.3063         S
                i $x\geq2$ tenemos
Package mdframed Info: mdframed works in twoside mode on input line 3063.
Package mdframed Info: mdframed detected package amsthm 
 changed the theorem header of amsthm
(mdframed)              on input line 3063.
Package mdframed Info: mdframed detected package amsthm 
 changed the theorem header of amsthm
(mdframed)              on input line 3071.

pdfTeX warning (ext4): destination with the same identifier (name{teor.16}) has been already used, duplicate ignored
<to be read again> 
                   \relax 
l.3090         P
                ara $x\geq2$ tenemos
Package mdframed Info: mdframed works in twoside mode on input line 3090.
Package mdframed Info: mdframed detected package amsthm 
 changed the theorem header of amsthm
(mdframed)              on input line 3090.
Package mdframed Info: mdframed detected package amsthm 
 changed the theorem header of amsthm
(mdframed)              on input line 3095.
LaTeX Info: Redefining \. on input line 3118.
LaTeX Info: Redefining \% on input line 3118.
 [63]
pdfTeX warning (ext4): destination with the same identifier (name{teor.17}) has been already used, duplicate ignored
<to be read again> 
                   \relax 
l.3147         S
                i $a$ y $b$ son números reales positivos tales que $ab=x$, ...
Package mdframed Info: mdframed works in twoside mode on input line 3147.
Package mdframed Info: mdframed detected package amsthm 
 changed the theorem header of amsthm
(mdframed)              on input line 3147.
Package mdframed Info: mdframed detected package amsthm 
 changed the theorem header of amsthm
(mdframed)              on input line 3152.
LaTeX Info: Redefining \. on input line 3163.
LaTeX Info: Redefining \% on input line 3163.
 [64]
<figuras/figura3-4.pdf, id=792, 343.2333pt x 308.12717pt>
File: figuras/figura3-4.pdf Graphic file (type pdf)
<use figuras/figura3-4.pdf>
Package pdftex.def Info: figuras/figura3-4.pdf  used on input line 3167.
(pdftex.def)             Requested size: 343.23245pt x 308.1264pt.

pdfTeX warning (ext4): destination with the same identifier (name{ejercicio.1}) has been already used, duplicate ignored
<to be read again> 
                   \relax 
l.3182     \begin{ejercicio}
                            
pdfTeX warning (ext4): destination with the same identifier (name{ejercicio.2}) has been already used, duplicate ignored
<to be read again> 
                   \relax 
l.3193     \begin{ejercicio}
                            
LaTeX Info: Redefining \. on input line 3197.
LaTeX Info: Redefining \% on input line 3197.
 [65 <./figuras/figura3-4.pdf>]
pdfTeX warning (ext4): destination with the same identifier (name{ejercicio.3}) has been already used, duplicate ignored
<to be read again> 
                   \relax 
l.3201     \begin{ejercicio}
                            
pdfTeX warning (ext4): destination with the same identifier (name{ejercicio.4}) has been already used, duplicate ignored
<to be read again> 
                   \relax 
l.3209     \begin{ejercicio}
                            
pdfTeX warning (ext4): destination with the same identifier (name{ejercicio.5}) has been already used, duplicate ignored
<to be read again> 
                   \relax 
l.3219     \begin{ejercicio}
                            
pdfTeX warning (ext4): destination with the same identifier (name{ejercicio.6}) has been already used, duplicate ignored
<to be read again> 
                   \relax 
l.3235     \begin{ejercicio}
                            
pdfTeX warning (ext4): destination with the same identifier (name{ejercicio.7}) has been already used, duplicate ignored
<to be read again> 
                   \relax 
l.3247     \begin{ejercicio}
                            
pdfTeX warning (ext4): destination with the same identifier (name{ejercicio.8}) has been already used, duplicate ignored
<to be read again> 
                   \relax 
l.3257     \begin{ejercicio}
                            
LaTeX Info: Redefining \. on input line 3262.
LaTeX Info: Redefining \% on input line 3262.
 [66]
pdfTeX warning (ext4): destination with the same identifier (name{ejercicio.9}) has been already used, duplicate ignored
<to be read again> 
                   \relax 
l.3265     \begin{ejercicio}
                            
pdfTeX warning (ext4): destination with the same identifier (name{ejercicio.10}) has been already used, duplicate ignored
<to be read again> 
                   \relax 
l.3280     \begin{ejercicio}
                            
pdfTeX warning (ext4): destination with the same identifier (name{ejercicio.11}) has been already used, duplicate ignored
<to be read again> 
                   \relax 
l.3287     \begin{ejercicio}
                            
pdfTeX warning (ext4): destination with the same identifier (name{ejercicio.12}) has been already used, duplicate ignored
<to be read again> 
                   \relax 
l.3310     \begin{ejercicio}
                            
LaTeX Info: Redefining \. on input line 3324.
LaTeX Info: Redefining \% on input line 3324.
 [67]
pdfTeX warning (ext4): destination with the same identifier (name{ejercicio.13}) has been already used, duplicate ignored
<to be read again> 
                   \relax 
l.3325     \begin{ejercicio}
                            
pdfTeX warning (ext4): destination with the same identifier (name{ejercicio.14}) has been already used, duplicate ignored
<to be read again> 
                   \relax 
l.3337     \begin{ejercicio}
                            
pdfTeX warning (ext4): destination with the same identifier (name{ejercicio.15}) has been already used, duplicate ignored
<to be read again> 
                   \relax 
l.3341     \begin{ejercicio}
                            
pdfTeX warning (ext4): destination with the same identifier (name{ejercicio.16}) has been already used, duplicate ignored
<to be read again> 
                   \relax 
l.3347     \begin{ejercicio}
                            
pdfTeX warning (ext4): destination with the same identifier (name{ejercicio.17}) has been already used, duplicate ignored
<to be read again> 
                   \relax 
l.3354     \begin{ejercicio}
                            
pdfTeX warning (ext4): destination with the same identifier (name{ejercicio.18}) has been already used, duplicate ignored
<to be read again> 
                   \relax 
l.3361     \begin{ejercicio}
                            
pdfTeX warning (ext4): destination with the same identifier (name{ejercicio.19}) has been already used, duplicate ignored
<to be read again> 
                   \relax 
l.3373     \begin{ejercicio}
                            
pdfTeX warning (ext4): destination with the same identifier (name{ejercicio.20}) has been already used, duplicate ignored
<to be read again> 
                   \relax 
l.3385     \begin{ejercicio}
                            
LaTeX Info: Redefining \. on input line 3388.
LaTeX Info: Redefining \% on input line 3388.
 [68]
pdfTeX warning (ext4): destination with the same identifier (name{ejercicio.21}) has been already used, duplicate ignored
<to be read again> 
                   \relax 
l.3389     \begin{ejercicio}
                            
pdfTeX warning (ext4): destination with the same identifier (name{ejercicio.22}) has been already used, duplicate ignored
<to be read again> 
                   \relax 
l.3393     \begin{ejercicio}
                            
pdfTeX warning (ext4): destination with the same identifier (name{ejercicio.23}) has been already used, duplicate ignored
<to be read again> 
                   \relax 
l.3401     \begin{ejercicio}
                            
pdfTeX warning (ext4): destination with the same identifier (name{ejercicio.24}) has been already used, duplicate ignored
<to be read again> 
                   \relax 
l.3408     \begin{ejercicio}
                            
pdfTeX warning (ext4): destination with the same identifier (name{ejercicio.25}) has been already used, duplicate ignored
<to be read again> 
                   \relax 
l.3415     \begin{ejercicio}
                            
pdfTeX warning (ext4): destination with the same identifier (name{ejercicio.26}) has been already used, duplicate ignored
<to be read again> 
                   \relax 
l.3426     \begin{ejercicio}
                            
LaTeX Info: Redefining \. on input line 3433.
LaTeX Info: Redefining \% on input line 3433.
 [69]
LaTeX Info: Redefining \. on input line 3433.
LaTeX Info: Redefining \% on input line 3433.
 [70

]
Cap\'{\i }tulo 4.

pdfTeX warning (ext4): destination with the same identifier (name{defn.1}) has been already used, duplicate ignored
<to be read again> 
                   \relax 
l.3473 ...efinicion}[Función $\psi$ de Chebyshev]
                                                   [71]
Package mdframed Info: mdframed works in twoside mode on input line 3473.
Package mdframed Info: mdframed detected package amsthm 
 changed the theorem header of amsthm
(mdframed)              on input line 3473.
Package mdframed Info: mdframed detected package amsthm 
 changed the theorem header of amsthm
(mdframed)              on input line 3478.

pdfTeX warning (ext4): destination with the same identifier (name{defn.2}) has been already used, duplicate ignored
<to be read again> 
                   \relax 
l.3504 ...cion}[Función $\vartheta$ de Chebyshev]
                                                  
Package mdframed Info: mdframed works in twoside mode on input line 3504.
Package mdframed Info: mdframed detected package amsthm 
 changed the theorem header of amsthm
(mdframed)              on input line 3504.
Package mdframed Info: mdframed detected package amsthm 
 changed the theorem header of amsthm
(mdframed)              on input line 3510.

pdfTeX warning (ext4): destination with the same identifier (name{teor.1}) has been already used, duplicate ignored
<to be read again> 
                   \relax 
l.3520         P
                ara $x>0$ tenemos
Package mdframed Info: mdframed works in twoside mode on input line 3520.
Package mdframed Info: mdframed detected package amsthm 
 changed the theorem header of amsthm
(mdframed)              on input line 3520.
Package mdframed Info: mdframed detected package amsthm 
 changed the theorem header of amsthm
(mdframed)              on input line 3524.
LaTeX Info: Redefining \. on input line 3524.
LaTeX Info: Redefining \% on input line 3524.
 [72]
pdfTeX warning (ext4): destination with the same identifier (name{teor.2}) has been already used, duplicate ignored
<to be read again> 
                   \relax 
l.3566     \begin{teorema}[Identidad de Abel]
                                             
Package mdframed Info: mdframed works in twoside mode on input line 3566.
Package mdframed Info: mdframed detected package amsthm 
 changed the theorem header of amsthm
(mdframed)              on input line 3566.
Package mdframed Info: mdframed detected package amsthm 
 changed the theorem header of amsthm
(mdframed)              on input line 3576.
LaTeX Info: Redefining \. on input line 3576.
LaTeX Info: Redefining \% on input line 3576.
 [73]
LaTeX Info: Redefining \. on input line 3607.
LaTeX Info: Redefining \% on input line 3607.
 [74]
pdfTeX warning (ext4): destination with the same identifier (name{teor.3}) has been already used, duplicate ignored
<to be read again> 
                   \relax 
l.3625         P
                ara $x\geq2$ tenemos
Package mdframed Info: mdframed works in twoside mode on input line 3625.
Package mdframed Info: mdframed detected package amsthm 
 changed the theorem header of amsthm
(mdframed)              on input line 3625.
Package mdframed Info: mdframed detected package amsthm 
 changed the theorem header of amsthm
(mdframed)              on input line 3633.
LaTeX Info: Redefining \. on input line 3663.
LaTeX Info: Redefining \% on input line 3663.
 [75]
pdfTeX warning (ext4): destination with the same identifier (name{teor.4}) has been already used, duplicate ignored
<to be read again> 
                   \relax 
l.3670         L
                as relaciones que siguen son lógicamente equivalentes:
Package mdframed Info: mdframed works in twoside mode on input line 3670.
Package mdframed Info: mdframed detected package amsthm 
 changed the theorem header of amsthm
(mdframed)              on input line 3670.
Package mdframed Info: mdframed detected package amsthm 
 changed the theorem header of amsthm
(mdframed)              on input line 3680.
LaTeX Info: Redefining \. on input line 3716.
LaTeX Info: Redefining \% on input line 3716.
 [76]
pdfTeX warning (ext4): destination with the same identifier (name{teor.5}) has been already used, duplicate ignored
<to be read again> 
                   \relax 
l.3729         S
                i $p_n$ designa el primo $n$-ésimo, entonces las siguientes...
Package mdframed Info: mdframed works in twoside mode on input line 3729.
Package mdframed Info: mdframed detected package amsthm 
 changed the theorem header of amsthm
(mdframed)              on input line 3729.
Package mdframed Info: mdframed detected package amsthm 
 changed the theorem header of amsthm
(mdframed)              on input line 3740.
LaTeX Info: Redefining \. on input line 3772.
LaTeX Info: Redefining \% on input line 3772.
 [77]
pdfTeX warning (ext4): destination with the same identifier (name{teor.6}) has been already used, duplicate ignored
<to be read again> 
                   \relax 
l.3826         P
                ara cada entero $n\geq2$ tenemos
Package mdframed Info: mdframed works in twoside mode on input line 3826.
Package mdframed Info: mdframed detected package amsthm 
 changed the theorem header of amsthm
(mdframed)              on input line 3826.
Package mdframed Info: mdframed detected package amsthm 
 changed the theorem header of amsthm
(mdframed)              on input line 3830.
LaTeX Info: Redefining \. on input line 3830.
LaTeX Info: Redefining \% on input line 3830.
 [78]
LaTeX Info: Redefining \. on input line 3879.
LaTeX Info: Redefining \% on input line 3879.
 [79]
pdfTeX warning (ext4): destination with the same identifier (name{teor.7}) has been already used, duplicate ignored
<to be read again> 
                   \relax 
l.3931         P
                ara $n\geq1$ el $n$-ésimo primo $p_n$ satisface las desigua...
Package mdframed Info: mdframed works in twoside mode on input line 3931.
Package mdframed Info: mdframed detected package amsthm 
 changed the theorem header of amsthm
(mdframed)              on input line 3931.
Package mdframed Info: mdframed detected package amsthm 
 changed the theorem header of amsthm
(mdframed)              on input line 3935.
LaTeX Info: Redefining \. on input line 3935.
LaTeX Info: Redefining \% on input line 3935.
 [80]
LaTeX Info: Redefining \. on input line 3984.
LaTeX Info: Redefining \% on input line 3984.
 [81]
pdfTeX warning (ext4): destination with the same identifier (name{teor.8}) has been already used, duplicate ignored
<to be read again> 
                   \relax 
l.4000         S
                ea $\{a(n)\}$ una sucesión no negativa tal que
Package mdframed Info: mdframed works in twoside mode on input line 4000.
Package mdframed Info: mdframed detected package amsthm 
 changed the theorem header of amsthm
(mdframed)              on input line 4000.
Package mdframed Info: mdframed detected package amsthm 
 changed the theorem header of amsthm
(mdframed)              on input line 4021.
LaTeX Info: Redefining \. on input line 4031.
LaTeX Info: Redefining \% on input line 4031.
 [82]
LaTeX Info: Redefining \. on input line 4083.
LaTeX Info: Redefining \% on input line 4083.
 [83]
pdfTeX warning (ext4): destination with the same identifier (name{teor.9}) has been already used, duplicate ignored
<to be read again> 
                   \relax 
l.4129         P
                ara todo $x\geq1$ tenemos
Package mdframed Info: mdframed works in twoside mode on input line 4129.
Package mdframed Info: mdframed detected package amsthm 
 changed the theorem header of amsthm
(mdframed)              on input line 4129.
Package mdframed Info: mdframed detected package amsthm 
 changed the theorem header of amsthm
(mdframed)              on input line 4141.
LaTeX Info: Redefining \. on input line 4141.
LaTeX Info: Redefining \% on input line 4141.
 [84]
pdfTeX warning (ext4): destination with the same identifier (name{teor.10}) has been already used, duplicate ignored
<to be read again> 
                   \relax 
l.4166         P
                ara todo $x\geq1$ tenemos
Package mdframed Info: mdframed works in twoside mode on input line 4166.
Package mdframed Info: mdframed detected package amsthm 
 changed the theorem header of amsthm
(mdframed)              on input line 4166.
Package mdframed Info: mdframed detected package amsthm 
 changed the theorem header of amsthm
(mdframed)              on input line 4178.
LaTeX Info: Redefining \. on input line 4188.
LaTeX Info: Redefining \% on input line 4188.
 [85]
pdfTeX warning (ext4): destination with the same identifier (name{teor.11}) has been already used, duplicate ignored
<to be read again> 
                   \relax 
l.4190         P
                ara todo $x\geq1$ tenemos
Package mdframed Info: mdframed works in twoside mode on input line 4190.
Package mdframed Info: mdframed detected package amsthm 
 changed the theorem header of amsthm
(mdframed)              on input line 4190.
Package mdframed Info: mdframed detected package amsthm 
 changed the theorem header of amsthm
(mdframed)              on input line 4198.

pdfTeX warning (ext4): destination with the same identifier (name{teor.12}) has been already used, duplicate ignored
<to be read again> 
                   \relax 
l.4207         E
                xiste una constante $A$ tal que
Package mdframed Info: mdframed works in twoside mode on input line 4207.
Package mdframed Info: mdframed detected package amsthm 
 changed the theorem header of amsthm
(mdframed)              on input line 4207.
Package mdframed Info: mdframed detected package amsthm 
 changed the theorem header of amsthm
(mdframed)              on input line 4212.
LaTeX Info: Redefining \. on input line 4242.
LaTeX Info: Redefining \% on input line 4242.
 [86]
Overfull \hbox (0.71101pt too wide) in paragraph at lines 4269--4269
|[]\T1/lmr/bx/n/17.28 LAS SU-MAS PAR-CIA-LES DE LA FUN-CI�N DE M�-
 []


pdfTeX warning (ext4): destination with the same identifier (name{defn.3}) has been already used, duplicate ignored
<to be read again> 
                   \relax 
l.4272         S
                i $x\geq1$ definimos
Package mdframed Info: mdframed works in twoside mode on input line 4272.
Package mdframed Info: mdframed detected package amsthm 
 changed the theorem header of amsthm
(mdframed)              on input line 4272.
Package mdframed Info: mdframed detected package amsthm 
 changed the theorem header of amsthm
(mdframed)              on input line 4276.
LaTeX Info: Redefining \. on input line 4291.
LaTeX Info: Redefining \% on input line 4291.
 [87]
pdfTeX warning (ext4): destination with the same identifier (name{defn.4}) has been already used, duplicate ignored
<to be read again> 
                   \relax 
l.4299         S
                i $x\geq1$ definimos
Package mdframed Info: mdframed works in twoside mode on input line 4299.
Package mdframed Info: mdframed detected package amsthm 
 changed the theorem header of amsthm
(mdframed)              on input line 4299.
Package mdframed Info: mdframed detected package amsthm 
 changed the theorem header of amsthm
(mdframed)              on input line 4303.

pdfTeX warning (ext4): destination with the same identifier (name{teor.13}) has been already used, duplicate ignored
<to be read again> 
                   \relax 
l.4309         T
                enemos
Package mdframed Info: mdframed works in twoside mode on input line 4309.
Package mdframed Info: mdframed detected package amsthm 
 changed the theorem header of amsthm
(mdframed)              on input line 4309.
Package mdframed Info: mdframed detected package amsthm 
 changed the theorem header of amsthm
(mdframed)              on input line 4313.

pdfTeX warning (ext4): destination with the same identifier (name{teor.14}) has been already used, duplicate ignored
<to be read again> 
                   \relax 
l.4336         E
                l teorema del número primo implica
Package mdframed Info: mdframed works in twoside mode on input line 4336.
Package mdframed Info: mdframed detected package amsthm 
 changed the theorem header of amsthm
(mdframed)              on input line 4336.
Package mdframed Info: mdframed detected package amsthm 
 changed the theorem header of amsthm
(mdframed)              on input line 4340.
LaTeX Info: Redefining \. on input line 4340.
LaTeX Info: Redefining \% on input line 4340.
 [88]
Overfull \hbox (31.24448pt too wide) in paragraph at lines 4343--4346
[]\T1/lmr/m/n/12 Utilizamos el teo-re-ma del n�-me-ro pri-mo en la for-ma $\OML/lmm/m/it/12  \OT1/lmr/m/n/12 (\OML/lmm/m/it/12 x\OT1/lmr/m/n/12 ) \OMS/lmsy/m/n/12 ^^X \OML/lmm/m/it/12 x$ \T1/lmr/m/n/12 y ve-mos que $\OML/lmm/m/it/12 H\OT1/lmr/m/n/12 (\OML/lmm/m/it/12 x\OT1/lmr/m/n/12 )\OML/lmm/m/it/12 =\OT1/lmr/m/n/12 (\OML/lmm/m/it/12 x [] x\OT1/lmr/m/n/12 ) \OMS/lmsy/m/n/12 !
 []

LaTeX Info: Redefining \. on input line 4389.
LaTeX Info: Redefining \% on input line 4389.
[89]
pdfTeX warning (ext4): destination with the same identifier (name{defn.5}) has been already used, duplicate ignored
<to be read again> 
                   \relax 
l.4434 ...definicion}[La notación $o$ minúscula]
                                                  
Package mdframed Info: mdframed works in twoside mode on input line 4434.
Package mdframed Info: mdframed detected package amsthm 
 changed the theorem header of amsthm
(mdframed)              on input line 4434.
Package mdframed Info: mdframed detected package amsthm 
 changed the theorem header of amsthm
(mdframed)              on input line 4440.
LaTeX Info: Redefining \. on input line 4448.
LaTeX Info: Redefining \% on input line 4448.
 [90]
pdfTeX warning (ext4): destination with the same identifier (name{teor.15}) has been already used, duplicate ignored
<to be read again> 
                   \relax 
l.4465         L
                a relación
Package mdframed Info: mdframed works in twoside mode on input line 4465.
Package mdframed Info: mdframed detected package amsthm 
 changed the theorem header of amsthm
(mdframed)              on input line 4465.
Package mdframed Info: mdframed detected package amsthm 
 changed the theorem header of amsthm
(mdframed)              on input line 4470.
LaTeX Info: Redefining \. on input line 4506.
LaTeX Info: Redefining \% on input line 4506.
 [91]
pdfTeX warning (ext4): destination with the same identifier (name{teor.16}) has been already used, duplicate ignored
<to be read again> 
                   \relax 
l.4518         L
                a fórmula de Selberg implica una desigualdad integral de la...
Package mdframed Info: mdframed works in twoside mode on input line 4518.
Package mdframed Info: mdframed detected package amsthm 
 changed the theorem header of amsthm
(mdframed)              on input line 4518.
Package mdframed Info: mdframed detected package amsthm 
 changed the theorem header of amsthm
(mdframed)              on input line 4522.

pdfTeX warning (ext4): destination with the same identifier (name{teor.17}) has been already used, duplicate ignored
<to be read again> 
                   \relax 
l.4551         S
                ea $F$ una función a valores reales --o complejos-- definid...
LaTeX Info: Redefining \. on input line 4551.
LaTeX Info: Redefining \% on input line 4551.
 [92]
Package mdframed Info: mdframed works in twoside mode on input line 4551.
Package mdframed Info: mdframed detected package amsthm 
 changed the theorem header of amsthm
(mdframed)              on input line 4551.
Package mdframed Info: mdframed detected package amsthm 
 changed the theorem header of amsthm
(mdframed)              on input line 4561.

pdfTeX warning (ext4): destination with the same identifier (name{teor.18}) has been already used, duplicate ignored
<to be read again> 
                   \relax 
l.4594 ...eorema}[Fórmula asintótica de Selberg]
                                                  
Package mdframed Info: mdframed works in twoside mode on input line 4594.
Package mdframed Info: mdframed detected package amsthm 
 changed the theorem header of amsthm
(mdframed)              on input line 4594.
Package mdframed Info: mdframed detected package amsthm 
 changed the theorem header of amsthm
(mdframed)              on input line 4599.
LaTeX Info: Redefining \. on input line 4599.
LaTeX Info: Redefining \% on input line 4599.
 [93]
pdfTeX warning (ext4): destination with the same identifier (name{ejercicio.1}) has been already used, duplicate ignored
<to be read again> 
                   \relax 
l.4645     \begin{ejercicio}
                            
LaTeX Info: Redefining \. on input line 4652.
LaTeX Info: Redefining \% on input line 4652.
 [94]
pdfTeX warning (ext4): destination with the same identifier (name{ejercicio.2}) has been already used, duplicate ignored
<to be read again> 
                   \relax 
l.4660     \begin{ejercicio}
                            
pdfTeX warning (ext4): destination with the same identifier (name{ejercicio.3}) has been already used, duplicate ignored
<to be read again> 
                   \relax 
l.4674     \begin{ejercicio}
                            
pdfTeX warning (ext4): destination with the same identifier (name{ejercicio.4}) has been already used, duplicate ignored
<to be read again> 
                   \relax 
l.4679     \begin{ejercicio}
                            
pdfTeX warning (ext4): destination with the same identifier (name{ejercicio.5}) has been already used, duplicate ignored
<to be read again> 
                   \relax 
l.4685     \begin{ejercicio}
                            
pdfTeX warning (ext4): destination with the same identifier (name{ejercicio.6}) has been already used, duplicate ignored
<to be read again> 
                   \relax 
l.4689     \begin{ejercicio}
                            
pdfTeX warning (ext4): destination with the same identifier (name{ejercicio.7}) has been already used, duplicate ignored
<to be read again> 
                   \relax 
l.4696     \begin{ejercicio}
                            
pdfTeX warning (ext4): destination with the same identifier (name{ejercicio.8}) has been already used, duplicate ignored
<to be read again> 
                   \relax 
l.4701     \begin{ejercicio}
                            
pdfTeX warning (ext4): destination with the same identifier (name{ejercicio.9}) has been already used, duplicate ignored
<to be read again> 
                   \relax 
l.4705     \begin{ejercicio}
                            
pdfTeX warning (ext4): destination with the same identifier (name{ejercicio.10}) has been already used, duplicate ignored
<to be read again> 
                   \relax 
l.4715     \begin{ejercicio}
                            
LaTeX Info: Redefining \. on input line 4719.
LaTeX Info: Redefining \% on input line 4719.
 [95]
pdfTeX warning (ext4): destination with the same identifier (name{ejercicio.11}) has been already used, duplicate ignored
<to be read again> 
                   \relax 
l.4724     \begin{ejercicio}
                            
pdfTeX warning (ext4): destination with the same identifier (name{ejercicio.12}) has been already used, duplicate ignored
<to be read again> 
                   \relax 
l.4732     \begin{ejercicio}
                            
pdfTeX warning (ext4): destination with the same identifier (name{ejercicio.13}) has been already used, duplicate ignored
<to be read again> 
                   \relax 
l.4736     \begin{ejercicio}
                            
pdfTeX warning (ext4): destination with the same identifier (name{ejercicio.14}) has been already used, duplicate ignored
<to be read again> 
                   \relax 
l.4740     \begin{ejercicio}
                            
pdfTeX warning (ext4): destination with the same identifier (name{ejercicio.15}) has been already used, duplicate ignored
<to be read again> 
                   \relax 
l.4745     \begin{ejercicio}
                            
pdfTeX warning (ext4): destination with the same identifier (name{ejercicio.16}) has been already used, duplicate ignored
<to be read again> 
                   \relax 
l.4750     \begin{ejercicio}
                            
pdfTeX warning (ext4): destination with the same identifier (name{ejercicio.17}) has been already used, duplicate ignored
<to be read again> 
                   \relax 
l.4760     \begin{ejercicio}
                            
pdfTeX warning (ext4): destination with the same identifier (name{ejercicio.18}) has been already used, duplicate ignored
<to be read again> 
                   \relax 
l.4775     \begin{ejercicio}
                            
LaTeX Info: Redefining \. on input line 4780.
LaTeX Info: Redefining \% on input line 4780.
 [96]
pdfTeX warning (ext4): destination with the same identifier (name{ejercicio.19}) has been already used, duplicate ignored
<to be read again> 
                   \relax 
l.4783     \begin{ejercicio}
                            
pdfTeX warning (ext4): destination with the same identifier (name{ejercicio.20}) has been already used, duplicate ignored
<to be read again> 
                   \relax 
l.4806     \begin{ejercicio}
                            
pdfTeX warning (ext4): destination with the same identifier (name{ejercicio.21}) has been already used, duplicate ignored
<to be read again> 
                   \relax 
l.4818     \begin{ejercicio}
                            
pdfTeX warning (ext4): destination with the same identifier (name{ejercicio.22}) has been already used, duplicate ignored
<to be read again> 
                   \relax 
l.4833     \begin{ejercicio}
                            
LaTeX Info: Redefining \. on input line 4839.
LaTeX Info: Redefining \% on input line 4839.
 [97]
pdfTeX warning (ext4): destination with the same identifier (name{ejercicio.23}) has been already used, duplicate ignored
<to be read again> 
                   \relax 
l.4844     \begin{ejercicio}
                            
pdfTeX warning (ext4): destination with the same identifier (name{ejercicio.24}) has been already used, duplicate ignored
<to be read again> 
                   \relax 
l.4856     \begin{ejercicio}
                            
pdfTeX warning (ext4): destination with the same identifier (name{ejercicio.25}) has been already used, duplicate ignored
<to be read again> 
                   \relax 
l.4870     \begin{ejercicio}
                            
pdfTeX warning (ext4): destination with the same identifier (name{ejercicio.26}) has been already used, duplicate ignored
<to be read again> 
                   \relax 
l.4876     \begin{ejercicio}
                            
LaTeX Info: Redefining \. on input line 4905.
LaTeX Info: Redefining \% on input line 4905.
 [98]
pdfTeX warning (ext4): destination with the same identifier (name{ejercicio.27}) has been already used, duplicate ignored
<to be read again> 
                   \relax 
l.4918     \begin{ejercicio}
                            
pdfTeX warning (ext4): destination with the same identifier (name{ejercicio.28}) has been already used, duplicate ignored
<to be read again> 
                   \relax 
l.4933     \begin{ejercicio}
                            
pdfTeX warning (ext4): destination with the same identifier (name{ejercicio.29}) has been already used, duplicate ignored
<to be read again> 
                   \relax 
l.4960     \begin{ejercicio}
                            
LaTeX Info: Redefining \. on input line 4966.
LaTeX Info: Redefining \% on input line 4966.
 [99]
pdfTeX warning (ext4): destination with the same identifier (name{ejercicio.30}) has been already used, duplicate ignored
<to be read again> 
                   \relax 
l.4970     \begin{ejercicio}
                            
LaTeX Info: Redefining \. on input line 4998.
LaTeX Info: Redefining \% on input line 4998.
 [100] (./teorianumeros.aux
LaTeX Info: Redefining \. on input line 12.
LaTeX Info: Redefining \% on input line 12.
)
 ***********
LaTeX2e <2025-11-01>
L3 programming layer <2026-01-19>
 ***********
Package rerunfilecheck Info: File `teorianumeros.out' has not changed.
(rerunfilecheck)             Checksum: 51522140EB1567E5116F762A184CFC6D;13292.
 ) 
Here is how much of TeX's memory you used:
 42251 strings out of 467525
 938063 string characters out of 5425861
 1476579 words of memory out of 5000000
 70082 multiletter control sequences out of 15000+600000
 704962 words of font info for 102 fonts, out of 8000000 for 9000
 1141 hyphenation exceptions out of 8191
 99i,16n,108p,864b,1225s stack positions out of 10000i,1000n,20000p,200000b,200000s
</usr/share/texmf-dist/fonts/type1/public/amsfonts/cmextra/cmex7.pfb></usr/share/texmf-dist/fonts/type1/public/amsfonts/cm/cmmi10.pfb></usr/share/texmf-dist/fonts/type1/public/amsfonts/cm/cmmi7.pfb></usr/share/texmf-dist/fonts/type1/public/amsfonts/cm/cmr7.pfb></usr/share/texmf-dist/fonts/type1/public/amsfonts/cm/cmsy7.pfb></usr/share/texmf-dist/fonts/type1/public/lm/lmbx10.pfb></usr/share/texmf-dist/fonts/type1/public/lm/lmbx12.pfb></usr/share/texmf-dist/fonts/type1/public/lm/lmex10.pfb></usr/share/texmf-dist/fonts/type1/public/lm/lmmi12.pfb></usr/share/texmf-dist/fonts/type1/public/lm/lmmi6.pfb></usr/share/texmf-dist/fonts/type1/public/lm/lmmi8.pfb></usr/share/texmf-dist/fonts/type1/public/lm/lmr12.pfb></usr/share/texmf-dist/fonts/type1/public/lm/lmr17.pfb></usr/share/texmf-dist/fonts/type1/public/lm/lmr6.pfb></usr/share/texmf-dist/fonts/type1/public/lm/lmr8.pfb></usr/share/texmf-dist/fonts/type1/public/lm/lmri12.pfb></usr/share/texmf-dist/fonts/type1/public/lm/lmro12.pfb></usr/share/texmf-dist/fonts/type1/public/lm/lmsy10.pfb></usr/share/texmf-dist/fonts/type1/public/lm/lmsy8.pfb></usr/share/texmf-dist/fonts/type1/public/amsfonts/symbols/msam10.pfb></usr/share/texmf-dist/fonts/type1/public/amsfonts/symbols/msbm10.pfb>
Output written on teorianumeros.pdf (101 pages, 641270 bytes).
PDF statistics:
 1167 PDF objects out of 1200 (max. 8388607)
 979 compressed objects within 10 object streams
 336 named destinations out of 1000 (max. 500000)
 561 words of extra memory for PDF output out of 10000 (max. 10000000)

