This is pdfTeX, Version 3.141592653-2.6-1.40.29 (TeX Live 2026/Arch Linux) (preloaded format=pdflatex 2026.9.16)  22 SEP 2026 22:52
entering extended mode
 restricted \write18 enabled.
 file:line:error style messages enabled.
 %&-line parsing enabled.
**"/home/radojka/DEMAT-UG/Matematicas/Segundo Semestre/Algebra Lineal/Notas lineal/Algebra_lineal.tex"
(/home/radojka/DEMAT-UG/Matematicas/Segundo Semestre/Algebra Lineal/Notas lineal/Algebra_lineal.tex
LaTeX2e <2025-11-01>
L3 programming layer <2026-01-19>
(/usr/share/texmf-dist/tex/latex/base/book.cls
Document Class: book 2025/01/22 v1.4n Standard LaTeX document class
(/usr/share/texmf-dist/tex/latex/base/bk12.clo
File: bk12.clo 2025/01/22 v1.4n Standard LaTeX file (size option)
)
\c@part=\count275
\c@chapter=\count276
\c@section=\count277
\c@subsection=\count278
\c@subsubsection=\count279
\c@paragraph=\count280
\c@subparagraph=\count281
\c@figure=\count282
\c@table=\count283
\abovecaptionskip=\skip49
\belowcaptionskip=\skip50
\bibindent=\dimen148
) (/usr/share/texmf-dist/tex/latex/titlesec/titlesec.sty
Package: titlesec 2025/01/04 v2.17 Sectioning titles
\ttl@box=\box53
\beforetitleunit=\skip51
\aftertitleunit=\skip52
\ttl@plus=\dimen149
\ttl@minus=\dimen150
\ttl@toksa=\toks17
\titlewidth=\dimen151
\titlewidthlast=\dimen152
\titlewidthfirst=\dimen153
) (/usr/share/texmf-dist/tex/latex/xcolor/xcolor.sty
Package: xcolor 2024/09/29 v3.02 LaTeX color extensions (UK)
 (/usr/share/texmf-dist/tex/latex/graphics-cfg/color.cfg
File: color.cfg 2016/01/02 v1.6 sample color configuration
)
Package xcolor Info: Driver file: pdftex.def on input line 274.
 (/usr/share/texmf-dist/tex/latex/graphics-def/pdftex.def
File: pdftex.def 2025/09/29 v1.2d Graphics/color driver for pdftex
) (/usr/share/texmf-dist/tex/latex/graphics/mathcolor.ltx)
Package xcolor Info: Model `cmy' substituted by `cmy0' on input line 1349.
Package xcolor Info: Model `hsb' substituted by `rgb' on input line 1353.
Package xcolor Info: Model `RGB' extended on input line 1365.
Package xcolor Info: Model `HTML' substituted by `rgb' on input line 1367.
Package xcolor Info: Model `Hsb' substituted by `hsb' on input line 1368.
Package xcolor Info: Model `tHsb' substituted by `hsb' on input line 1369.
Package xcolor Info: Model `HSB' substituted by `hsb' on input line 1370.
Package xcolor Info: Model `Gray' substituted by `gray' on input line 1371.
Package xcolor Info: Model `wave' substituted by `hsb' on input line 1372.
) (./ugmath.sty
Package: ugmath 2025/01/01 Estilo matemático personal
 (/usr/share/texmf-dist/tex/generic/babel/babel.sty
Package: babel 2026/02/14 v26.3 The multilingual framework for LuaLaTeX, pdfLaTeX and XeLaTeX
\babel@savecnt=\count284
LaTeX Encoding Info:    Redeclaring text command \ij (encoding OT1) on input line 2078.
LaTeX Encoding Info:    Redeclaring text command \IJ (encoding OT1) on input line 2080.
LaTeX Encoding Info:    Redeclaring text command \ij (encoding T1) on input line 2082.
LaTeX Encoding Info:    Redeclaring text command \IJ (encoding T1) on input line 2083.
LaTeX Encoding Info:    Ignoring declaration for text command \ij (encoding ?) on input line 2084.
LaTeX Encoding Info:    Ignoring declaration for text command \IJ (encoding ?) on input line 2086.
LaTeX Encoding Info:    Ignoring declaration for text command \SS (encoding ?) on input line 2111.
\U@D=\dimen154
\l@unhyphenated=\language91
 (/usr/share/texmf-dist/tex/generic/babel/txtbabel.def)
\bbl@readstream=\read2
\bbl@dirlevel=\count285
 (/usr/share/texmf-dist/tex/generic/babel/locale/es/babel-spanish.tex)
Package babel Info: Importing font and identification data for spanish
(babel)             from babel-es.ini. Reported on input line 4330.
 (/usr/share/texmf-dist/tex/generic/babel-spanish/spanish.ldf
Language: spanish.ldf 2021/05/27 v5.0q Spanish support from the babel system
\es@quottoks=\toks18
\es@quotdepth=\count286
Package babel Info: Making " an active character on input line 570.
Package babel Info: Making . an active character on input line 675.
Package babel Info: Making < an active character on input line 722.
Package babel Info: Making > an active character on input line 722.
))
LaTeX Encoding Info:    Redeclaring text command \guillemotleft (encoding OT1) on input line 6.
LaTeX Encoding Info:    Redeclaring text command \guillemotright (encoding OT1) on input line 6.
 (/usr/share/texmf-dist/tex/latex/base/inputenc.sty
Package: inputenc 2024/02/08 v1.3d Input encoding file
\inpenc@prehook=\toks19
\inpenc@posthook=\toks20
) (/usr/share/texmf-dist/tex/latex/base/fontenc.sty
Package: fontenc 2025/07/18 v2.1d Standard LaTeX package
) (/usr/share/texmf-dist/tex/latex/libertinus/libertinus.sty
Package: libertinus 2020/05/06 v. 0.02 (Herbert Voss) Supports libertinus fonts for pdflatex/lualatex/xelatex
 (/usr/share/texmf-dist/tex/generic/iftex/iftex.sty
Package: iftex 2024/12/12 v1.0g TeX engine tests
) (/usr/share/texmf-dist/tex/latex/xkeyval/xkeyval.sty
Package: xkeyval 2025/11/04 v2.10 package option processing (HA)
 (/usr/share/texmf-dist/tex/generic/xkeyval/xkeyval.tex (/usr/share/texmf-dist/tex/generic/xkeyval/xkvutils.tex
\XKV@toks=\toks21
\XKV@tempa@toks=\toks22
\XKV@tempb@toks=\toks23
 (/usr/share/texmf-dist/tex/generic/xkeyval/keyval.tex))
\XKV@depth=\count287
File: xkeyval.tex 2014/12/03 v2.7a key=value parser (HA)
)) (/usr/share/texmf-dist/tex/latex/libertinus-type1/libertinus-type1.sty
Package: libertinus-type1 2025/11/17 (Bob Tennent) Supports libertinus fonts for latex/pdflatex.
 (/usr/share/texmf-dist/tex/generic/iftex/ifxetex.sty
Package: ifxetex 2019/10/25 v0.7 ifxetex legacy package. Use iftex instead.
) (/usr/share/texmf-dist/tex/generic/iftex/ifluatex.sty
Package: ifluatex 2019/10/25 v1.5 ifluatex legacy package. Use iftex instead.
) (/usr/share/texmf-dist/tex/latex/base/textcomp.sty
Package: textcomp 2024/04/24 v2.1b Standard LaTeX package
) (/usr/share/texmf-dist/tex/latex/base/fontenc.sty
Package: fontenc 2025/07/18 v2.1d Standard LaTeX package
) (/usr/share/texmf-dist/tex/latex/fontaxes/fontaxes.sty
Package: fontaxes 2026-01-02 v2.0.2 Font selection axes (deprecated)
Applying: [2024-11-01] Use figureversions if present on input line 74.
 (/usr/share/texmf-dist/tex/latex/figureversions/figureversions.sty
Package: figureversions 2025-04-29 v1.0.1 Figure versions
)
Already applied: [0000-00-00] Fall back to v1 on input line 76.
))) (/usr/share/texmf-dist/tex/latex/microtype/microtype.sty
Package: microtype 2026/03/01 v3.2d Micro-typographical refinements (RS)
 (/usr/share/texmf-dist/tex/latex/etoolbox/etoolbox.sty
Package: etoolbox 2025/10/02 v2.5m e-TeX tools for LaTeX (JAW)
\etb@tempcnta=\count288
)
\MT@toks=\toks24
\MT@tempbox=\box54
\MT@count=\count289
LaTeX Info: Redefining \noprotrusionifhmode on input line 1084.
LaTeX Info: Redefining \leftprotrusion on input line 1085.
\MT@prot@toks=\toks25
LaTeX Info: Redefining \rightprotrusion on input line 1104.
LaTeX Info: Redefining \textls on input line 1449.
\MT@outer@kern=\dimen155
LaTeX Info: Redefining \microtypecontext on input line 2053.
LaTeX Info: Redefining \textmicrotypecontext on input line 2070.
\MT@listname@count=\count290
 (/usr/share/texmf-dist/tex/latex/microtype/microtype-pdftex.def
File: microtype-pdftex.def 2026/03/01 v3.2d Definitions specific to pdftex (RS)
LaTeX Info: Redefining \lsstyle on input line 944.
LaTeX Info: Redefining \lslig on input line 944.
\MT@outer@space=\skip53
)
Package microtype Info: Loading configuration file microtype.cfg.
 (/usr/share/texmf-dist/tex/latex/microtype/microtype.cfg
File: microtype.cfg 2026/03/01 v3.2d microtype main configuration file (RS)
)
LaTeX Info: Redefining \microtypesetup on input line 3065.
) (/usr/share/texmf-dist/tex/latex/geometry/geometry.sty
Package: geometry 2020/01/02 v5.9 Page Geometry
 (/usr/share/texmf-dist/tex/generic/iftex/ifvtex.sty
Package: ifvtex 2019/10/25 v1.7 ifvtex legacy package. Use iftex instead.
)
\Gm@cnth=\count291
\Gm@cntv=\count292
\c@Gm@tempcnt=\count293
\Gm@bindingoffset=\dimen156
\Gm@wd@mp=\dimen157
\Gm@odd@mp=\dimen158
\Gm@even@mp=\dimen159
\Gm@layoutwidth=\dimen160
\Gm@layoutheight=\dimen161
\Gm@layouthoffset=\dimen162
\Gm@layoutvoffset=\dimen163
\Gm@dimlist=\toks26
) (/usr/share/texmf-dist/tex/latex/graphics/dvipsnam.def
File: dvipsnam.def 2016/06/17 v3.0m Driver-dependent file (DPC,SPQR)
) (/usr/share/texmf-dist/tex/latex/setspace/setspace.sty
Package: setspace 2022/12/04 v6.7b set line spacing
) (/usr/share/texmf-dist/tex/latex/amsmath/amsmath.sty
Package: amsmath 2025/07/09 v2.17z AMS math features
\@mathmargin=\skip54

For additional information on amsmath, use the `?' option.
(/usr/share/texmf-dist/tex/latex/amsmath/amstext.sty
Package: amstext 2024/11/17 v2.01 AMS text
 (/usr/share/texmf-dist/tex/latex/amsmath/amsgen.sty
File: amsgen.sty 1999/11/30 v2.0 generic functions
\@emptytoks=\toks27
\ex@=\dimen164
)) (/usr/share/texmf-dist/tex/latex/amsmath/amsbsy.sty
Package: amsbsy 1999/11/29 v1.2d Bold Symbols
\pmbraise@=\dimen165
) (/usr/share/texmf-dist/tex/latex/amsmath/amsopn.sty
Package: amsopn 2022/04/08 v2.04 operator names
)
\inf@bad=\count294
LaTeX Info: Redefining \frac on input line 233.
\uproot@=\count295
\leftroot@=\count296
LaTeX Info: Redefining \overline on input line 398.
LaTeX Info: Redefining \colon on input line 409.
\classnum@=\count297
\DOTSCASE@=\count298
LaTeX Info: Redefining \ldots on input line 495.
LaTeX Info: Redefining \dots on input line 498.
LaTeX Info: Redefining \cdots on input line 619.
\Mathstrutbox@=\box55
\strutbox@=\box56
LaTeX Info: Redefining \big on input line 721.
LaTeX Info: Redefining \Big on input line 722.
LaTeX Info: Redefining \bigg on input line 723.
LaTeX Info: Redefining \Bigg on input line 724.
\big@size=\dimen166
LaTeX Font Info:    Redeclaring font encoding OML on input line 742.
LaTeX Font Info:    Redeclaring font encoding OMS on input line 743.
\macc@depth=\count299
LaTeX Info: Redefining \bmod on input line 904.
LaTeX Info: Redefining \pmod on input line 909.
LaTeX Info: Redefining \smash on input line 939.
LaTeX Info: Redefining \relbar on input line 969.
LaTeX Info: Redefining \Relbar on input line 970.
\c@MaxMatrixCols=\count300
\dotsspace@=\muskip17
\c@parentequation=\count301
\dspbrk@lvl=\count302
\tag@help=\toks28
\row@=\count303
\column@=\count304
\maxfields@=\count305
\andhelp@=\toks29
\eqnshift@=\dimen167
\alignsep@=\dimen168
\tagshift@=\dimen169
\tagwidth@=\dimen170
\totwidth@=\dimen171
\lineht@=\dimen172
\@envbody=\toks30
\multlinegap=\skip55
\multlinetaggap=\skip56
\mathdisplay@stack=\toks31
LaTeX Info: Redefining \[ on input line 2950.
LaTeX Info: Redefining \] on input line 2951.
) (/usr/share/texmf-dist/tex/latex/amsfonts/amssymb.sty
Package: amssymb 2013/01/14 v3.01 AMS font symbols
 (/usr/share/texmf-dist/tex/latex/amsfonts/amsfonts.sty
Package: amsfonts 2013/01/14 v3.01 Basic AMSFonts support
\symAMSa=\mathgroup4
\symAMSb=\mathgroup5
LaTeX Font Info:    Redeclaring math symbol \hbar on input line 98.
LaTeX Font Info:    Overwriting math alphabet `\mathfrak' in version `bold'
(Font)                  U/euf/m/n --> U/euf/b/n on input line 106.
)) (/usr/share/texmf-dist/tex/latex/amscls/amsthm.sty
Package: amsthm 2020/05/29 v2.20.6
\thm@style=\toks32
\thm@bodyfont=\toks33
\thm@headfont=\toks34
\thm@notefont=\toks35
\thm@headpunct=\toks36
\thm@preskip=\skip57
\thm@postskip=\skip58
\thm@headsep=\skip59
\dth@everypar=\toks37
) (/usr/share/texmf-dist/tex/latex/mathtools/mathtools.sty
Package: mathtools 2024/10/04 v1.31 mathematical typesetting tools
 (/usr/share/texmf-dist/tex/latex/tools/calc.sty
Package: calc 2025/03/01 v4.3b Infix arithmetic (KKT,FJ)
\calc@Acount=\count306
\calc@Bcount=\count307
\calc@Adimen=\dimen173
\calc@Bdimen=\dimen174
\calc@Askip=\skip60
\calc@Bskip=\skip61
LaTeX Info: Redefining \setlength on input line 86.
LaTeX Info: Redefining \addtolength on input line 87.
\calc@Ccount=\count308
\calc@Cskip=\skip62
) (/usr/share/texmf-dist/tex/latex/mathtools/mhsetup.sty
Package: mhsetup 2021/03/18 v1.4 programming setup (MH)
)
\g_MT_multlinerow_int=\count309
\l_MT_multwidth_dim=\dimen175
\origjot=\skip63
\l_MT_shortvdotswithinadjustabove_dim=\dimen176
\l_MT_shortvdotswithinadjustbelow_dim=\dimen177
\l_MT_above_intertext_sep=\dimen178
\l_MT_below_intertext_sep=\dimen179
\l_MT_above_shortintertext_sep=\dimen180
\l_MT_below_shortintertext_sep=\dimen181
\xmathstrut@box=\box57
\xmathstrut@dim=\dimen182
) (/usr/share/texmf-dist/tex/latex/graphics/graphicx.sty
Package: graphicx 2024/12/31 v1.2e Enhanced LaTeX Graphics (DPC,SPQR)
 (/usr/share/texmf-dist/tex/latex/graphics/graphics.sty
Package: graphics 2024/08/06 v1.4g Standard LaTeX Graphics (DPC,SPQR)
 (/usr/share/texmf-dist/tex/latex/graphics/trig.sty
Package: trig 2023/12/02 v1.11 sin cos tan (DPC)
) (/usr/share/texmf-dist/tex/latex/graphics-cfg/graphics.cfg
File: graphics.cfg 2016/06/04 v1.11 sample graphics configuration
)
Package graphics Info: Driver file: pdftex.def on input line 106.
)
\Gin@req@height=\dimen183
\Gin@req@width=\dimen184
) (/usr/share/texmf-dist/tex/latex/pgf/frontendlayer/tikz.sty (/usr/share/texmf-dist/tex/latex/pgf/basiclayer/pgf.sty (/usr/share/texmf-dist/tex/latex/pgf/utilities/pgfrcs.sty (/usr/share/texmf-dist/tex/generic/pgf/utilities/pgfutil-common.tex
\pgfutil@everybye=\toks38
\pgfutil@tempdima=\dimen185
\pgfutil@tempdimb=\dimen186
) (/usr/share/texmf-dist/tex/generic/pgf/utilities/pgfutil-latex.def
\pgfutil@abb=\box58
) (/usr/share/texmf-dist/tex/generic/pgf/utilities/pgfrcs.code.tex (/usr/share/texmf-dist/tex/generic/pgf/pgf.revision.tex)
Package: pgfrcs 2025-08-29 v3.1.11a (3.1.11a)
))
Package: pgf 2025-08-29 v3.1.11a (3.1.11a)
 (/usr/share/texmf-dist/tex/latex/pgf/basiclayer/pgfcore.sty (/usr/share/texmf-dist/tex/latex/pgf/systemlayer/pgfsys.sty (/usr/share/texmf-dist/tex/generic/pgf/systemlayer/pgfsys.code.tex
Package: pgfsys 2025-08-29 v3.1.11a (3.1.11a)
 (/usr/share/texmf-dist/tex/generic/pgf/utilities/pgfkeys.code.tex
\pgfkeys@pathtoks=\toks39
\pgfkeys@temptoks=\toks40
 (/usr/share/texmf-dist/tex/generic/pgf/utilities/pgfkeyslibraryfiltered.code.tex
\pgfkeys@tmptoks=\toks41
))
\pgf@x=\dimen187
\pgf@y=\dimen188
\pgf@xa=\dimen189
\pgf@ya=\dimen190
\pgf@xb=\dimen191
\pgf@yb=\dimen192
\pgf@xc=\dimen193
\pgf@yc=\dimen194
\pgf@xd=\dimen195
\pgf@yd=\dimen196
\w@pgf@writea=\write3
\r@pgf@reada=\read3
\c@pgf@counta=\count310
\c@pgf@countb=\count311
\c@pgf@countc=\count312
\c@pgf@countd=\count313
\t@pgf@toka=\toks42
\t@pgf@tokb=\toks43
\t@pgf@tokc=\toks44
\pgf@sys@id@count=\count314
 (/usr/share/texmf-dist/tex/generic/pgf/systemlayer/pgf.cfg
File: pgf.cfg 2025-08-29 v3.1.11a (3.1.11a)
)
Driver file for pgf: pgfsys-pdftex.def
 (/usr/share/texmf-dist/tex/generic/pgf/systemlayer/pgfsys-pdftex.def
File: pgfsys-pdftex.def 2025-08-29 v3.1.11a (3.1.11a)
 (/usr/share/texmf-dist/tex/generic/pgf/systemlayer/pgfsys-common-pdf.def
File: pgfsys-common-pdf.def 2025-08-29 v3.1.11a (3.1.11a)
))) (/usr/share/texmf-dist/tex/generic/pgf/systemlayer/pgfsyssoftpath.code.tex
File: pgfsyssoftpath.code.tex 2025-08-29 v3.1.11a (3.1.11a)
\pgfsyssoftpath@smallbuffer@items=\count315
\pgfsyssoftpath@bigbuffer@items=\count316
) (/usr/share/texmf-dist/tex/generic/pgf/systemlayer/pgfsysprotocol.code.tex
File: pgfsysprotocol.code.tex 2025-08-29 v3.1.11a (3.1.11a)
)) (/usr/share/texmf-dist/tex/generic/pgf/basiclayer/pgfcore.code.tex
Package: pgfcore 2025-08-29 v3.1.11a (3.1.11a)
 (/usr/share/texmf-dist/tex/generic/pgf/math/pgfmath.code.tex (/usr/share/texmf-dist/tex/generic/pgf/math/pgfmathutil.code.tex) (/usr/share/texmf-dist/tex/generic/pgf/math/pgfmathparser.code.tex
\pgfmath@dimen=\dimen197
\pgfmath@count=\count317
\pgfmath@box=\box59
\pgfmath@toks=\toks45
\pgfmath@stack@operand=\toks46
\pgfmath@stack@operation=\toks47
) (/usr/share/texmf-dist/tex/generic/pgf/math/pgfmathfunctions.code.tex) (/usr/share/texmf-dist/tex/generic/pgf/math/pgfmathfunctions.basic.code.tex) (/usr/share/texmf-dist/tex/generic/pgf/math/pgfmathfunctions.trigonometric.code.tex) (/usr/share/texmf-dist/tex/generic/pgf/math/pgfmathfunctions.random.code.tex) (/usr/share/texmf-dist/tex/generic/pgf/math/pgfmathfunctions.comparison.code.tex) (/usr/share/texmf-dist/tex/generic/pgf/math/pgfmathfunctions.base.code.tex) (/usr/share/texmf-dist/tex/generic/pgf/math/pgfmathfunctions.round.code.tex) (/usr/share/texmf-dist/tex/generic/pgf/math/pgfmathfunctions.misc.code.tex) (/usr/share/texmf-dist/tex/generic/pgf/math/pgfmathfunctions.integerarithmetics.code.tex) (/usr/share/texmf-dist/tex/generic/pgf/math/pgfmathcalc.code.tex) (/usr/share/texmf-dist/tex/generic/pgf/math/pgfmathfloat.code.tex
\c@pgfmathroundto@lastzeros=\count318
)) (/usr/share/texmf-dist/tex/generic/pgf/math/pgfint.code.tex) (/usr/share/texmf-dist/tex/generic/pgf/basiclayer/pgfcorepoints.code.tex
File: pgfcorepoints.code.tex 2025-08-29 v3.1.11a (3.1.11a)
\pgf@picminx=\dimen198
\pgf@picmaxx=\dimen199
\pgf@picminy=\dimen256
\pgf@picmaxy=\dimen257
\pgf@pathminx=\dimen258
\pgf@pathmaxx=\dimen259
\pgf@pathminy=\dimen260
\pgf@pathmaxy=\dimen261
\pgf@xx=\dimen262
\pgf@xy=\dimen263
\pgf@yx=\dimen264
\pgf@yy=\dimen265
\pgf@zx=\dimen266
\pgf@zy=\dimen267
) (/usr/share/texmf-dist/tex/generic/pgf/basiclayer/pgfcorepathconstruct.code.tex
File: pgfcorepathconstruct.code.tex 2025-08-29 v3.1.11a (3.1.11a)
\pgf@path@lastx=\dimen268
\pgf@path@lasty=\dimen269
) (/usr/share/texmf-dist/tex/generic/pgf/basiclayer/pgfcorepathusage.code.tex
File: pgfcorepathusage.code.tex 2025-08-29 v3.1.11a (3.1.11a)
\pgf@shorten@end@additional=\dimen270
\pgf@shorten@start@additional=\dimen271
) (/usr/share/texmf-dist/tex/generic/pgf/basiclayer/pgfcorescopes.code.tex
File: pgfcorescopes.code.tex 2025-08-29 v3.1.11a (3.1.11a)
\pgfpic=\box60
\pgf@hbox=\box61
\pgf@layerbox@main=\box62
\pgf@picture@serial@count=\count319
) (/usr/share/texmf-dist/tex/generic/pgf/basiclayer/pgfcoregraphicstate.code.tex
File: pgfcoregraphicstate.code.tex 2025-08-29 v3.1.11a (3.1.11a)
\pgflinewidth=\dimen272
) (/usr/share/texmf-dist/tex/generic/pgf/basiclayer/pgfcoretransformations.code.tex
File: pgfcoretransformations.code.tex 2025-08-29 v3.1.11a (3.1.11a)
\pgf@pt@x=\dimen273
\pgf@pt@y=\dimen274
\pgf@pt@temp=\dimen275
) (/usr/share/texmf-dist/tex/generic/pgf/basiclayer/pgfcorequick.code.tex
File: pgfcorequick.code.tex 2025-08-29 v3.1.11a (3.1.11a)
) (/usr/share/texmf-dist/tex/generic/pgf/basiclayer/pgfcoreobjects.code.tex
File: pgfcoreobjects.code.tex 2025-08-29 v3.1.11a (3.1.11a)
) (/usr/share/texmf-dist/tex/generic/pgf/basiclayer/pgfcorepathprocessing.code.tex
File: pgfcorepathprocessing.code.tex 2025-08-29 v3.1.11a (3.1.11a)
) (/usr/share/texmf-dist/tex/generic/pgf/basiclayer/pgfcorearrows.code.tex
File: pgfcorearrows.code.tex 2025-08-29 v3.1.11a (3.1.11a)
\pgfarrowsep=\dimen276
) (/usr/share/texmf-dist/tex/generic/pgf/basiclayer/pgfcoreshade.code.tex
File: pgfcoreshade.code.tex 2025-08-29 v3.1.11a (3.1.11a)
\pgf@max=\dimen277
\pgf@sys@shading@range@num=\count320
\pgf@shadingcount=\count321
) (/usr/share/texmf-dist/tex/generic/pgf/basiclayer/pgfcoreimage.code.tex
File: pgfcoreimage.code.tex 2025-08-29 v3.1.11a (3.1.11a)
) (/usr/share/texmf-dist/tex/generic/pgf/basiclayer/pgfcoreexternal.code.tex
File: pgfcoreexternal.code.tex 2025-08-29 v3.1.11a (3.1.11a)
\pgfexternal@startupbox=\box63
) (/usr/share/texmf-dist/tex/generic/pgf/basiclayer/pgfcorelayers.code.tex
File: pgfcorelayers.code.tex 2025-08-29 v3.1.11a (3.1.11a)
) (/usr/share/texmf-dist/tex/generic/pgf/basiclayer/pgfcoretransparency.code.tex
File: pgfcoretransparency.code.tex 2025-08-29 v3.1.11a (3.1.11a)
) (/usr/share/texmf-dist/tex/generic/pgf/basiclayer/pgfcorepatterns.code.tex
File: pgfcorepatterns.code.tex 2025-08-29 v3.1.11a (3.1.11a)
) (/usr/share/texmf-dist/tex/generic/pgf/basiclayer/pgfcorerdf.code.tex
File: pgfcorerdf.code.tex 2025-08-29 v3.1.11a (3.1.11a)
))) (/usr/share/texmf-dist/tex/generic/pgf/modules/pgfmoduleshapes.code.tex
File: pgfmoduleshapes.code.tex 2025-08-29 v3.1.11a (3.1.11a)
\pgfnodeparttextbox=\box64
) (/usr/share/texmf-dist/tex/generic/pgf/modules/pgfmoduleplot.code.tex
File: pgfmoduleplot.code.tex 2025-08-29 v3.1.11a (3.1.11a)
) (/usr/share/texmf-dist/tex/latex/pgf/compatibility/pgfcomp-version-0-65.sty
Package: pgfcomp-version-0-65 2025-08-29 v3.1.11a (3.1.11a)
\pgf@nodesepstart=\dimen278
\pgf@nodesepend=\dimen279
) (/usr/share/texmf-dist/tex/latex/pgf/compatibility/pgfcomp-version-1-18.sty
Package: pgfcomp-version-1-18 2025-08-29 v3.1.11a (3.1.11a)
)) (/usr/share/texmf-dist/tex/latex/pgf/utilities/pgffor.sty (/usr/share/texmf-dist/tex/latex/pgf/utilities/pgfkeys.sty (/usr/share/texmf-dist/tex/generic/pgf/utilities/pgfkeys.code.tex)) (/usr/share/texmf-dist/tex/latex/pgf/math/pgfmath.sty (/usr/share/texmf-dist/tex/generic/pgf/math/pgfmath.code.tex)) (/usr/share/texmf-dist/tex/generic/pgf/utilities/pgffor.code.tex
Package: pgffor 2025-08-29 v3.1.11a (3.1.11a)
\pgffor@iter=\dimen280
\pgffor@skip=\dimen281
\pgffor@stack=\toks48
\pgffor@toks=\toks49
)) (/usr/share/texmf-dist/tex/generic/pgf/frontendlayer/tikz/tikz.code.tex
Package: tikz 2025-08-29 v3.1.11a (3.1.11a)
 (/usr/share/texmf-dist/tex/generic/pgf/libraries/pgflibraryplothandlers.code.tex
File: pgflibraryplothandlers.code.tex 2025-08-29 v3.1.11a (3.1.11a)
\pgf@plot@mark@count=\count322
\pgfplotmarksize=\dimen282
)
\tikz@lastx=\dimen283
\tikz@lasty=\dimen284
\tikz@lastxsaved=\dimen285
\tikz@lastysaved=\dimen286
\tikz@lastmovetox=\dimen287
\tikz@lastmovetoy=\dimen288
\tikzleveldistance=\dimen289
\tikzsiblingdistance=\dimen290
\tikz@figbox=\box65
\tikz@figbox@bg=\box66
\tikz@tempbox=\box67
\tikz@tempbox@bg=\box68
\tikztreelevel=\count323
\tikznumberofchildren=\count324
\tikznumberofcurrentchild=\count325
\tikz@fig@count=\count326
 (/usr/share/texmf-dist/tex/generic/pgf/modules/pgfmodulematrix.code.tex
File: pgfmodulematrix.code.tex 2025-08-29 v3.1.11a (3.1.11a)
\pgfmatrixcurrentrow=\count327
\pgfmatrixcurrentcolumn=\count328
\pgf@matrix@numberofcolumns=\count329
)
\tikz@expandcount=\count330
 (/usr/share/texmf-dist/tex/generic/pgf/frontendlayer/tikz/libraries/tikzlibrarytopaths.code.tex
File: tikzlibrarytopaths.code.tex 2025-08-29 v3.1.11a (3.1.11a)
))) (/usr/share/texmf-dist/tex/generic/pgf/frontendlayer/tikz/libraries/tikzlibrarycalc.code.tex
File: tikzlibrarycalc.code.tex 2025-08-29 v3.1.11a (3.1.11a)
) (/usr/share/texmf-dist/tex/generic/pgf/frontendlayer/tikz/libraries/tikzlibrarydecorations.pathreplacing.code.tex (/usr/share/texmf-dist/tex/generic/pgf/frontendlayer/tikz/libraries/tikzlibrarydecorations.code.tex (/usr/share/texmf-dist/tex/generic/pgf/modules/pgfmoduledecorations.code.tex
\pgfdecoratedcompleteddistance=\dimen291
\pgfdecoratedremainingdistance=\dimen292
\pgfdecoratedinputsegmentcompleteddistance=\dimen293
\pgfdecoratedinputsegmentremainingdistance=\dimen294
\pgf@decorate@distancetomove=\dimen295
\pgf@decorate@repeatstate=\count331
\pgfdecorationsegmentamplitude=\dimen296
\pgfdecorationsegmentlength=\dimen297
)
\tikz@lib@dec@box=\box69
) (/usr/share/texmf-dist/tex/generic/pgf/libraries/decorations/pgflibrarydecorations.pathreplacing.code.tex)) (/usr/share/texmf-dist/tex/generic/pgf/frontendlayer/tikz/libraries/tikzlibraryangles.code.tex
File: tikzlibraryangles.code.tex 2025-08-29 v3.1.11a (3.1.11a)
) (/usr/share/texmf-dist/tex/generic/pgf/frontendlayer/tikz/libraries/tikzlibraryquotes.code.tex
File: tikzlibraryquotes.code.tex 2025-08-29 v3.1.11a (3.1.11a)
) (/usr/share/texmf-dist/tex/generic/pgf/frontendlayer/tikz/libraries/tikzlibraryshadows.code.tex
File: tikzlibraryshadows.code.tex 2025-08-29 v3.1.11a (3.1.11a)
 (/usr/share/texmf-dist/tex/generic/pgf/frontendlayer/tikz/libraries/tikzlibraryfadings.code.tex
File: tikzlibraryfadings.code.tex 2025-08-29 v3.1.11a (3.1.11a)
 (/usr/share/texmf-dist/tex/generic/pgf/libraries/pgflibraryfadings.code.tex
File: pgflibraryfadings.code.tex 2025-08-29 v3.1.11a (3.1.11a)
))) (/usr/share/texmf-dist/tex/latex/pgf-blur/tikzlibraryshadows.blur.code.tex  v1.02, 2012/12/09
\pgfbs@fading@count=\count332
) (/usr/share/texmf-dist/tex/generic/pgf/frontendlayer/tikz/libraries/tikzlibraryarrows.code.tex
File: tikzlibraryarrows.code.tex 2025-08-29 v3.1.11a (3.1.11a)
 (/usr/share/texmf-dist/tex/generic/pgf/libraries/pgflibraryarrows.code.tex
File: pgflibraryarrows.code.tex 2025-08-29 v3.1.11a (3.1.11a)
\arrowsize=\dimen298
)) (/usr/share/texmf-dist/tex/latex/pgfplots/pgfplots.sty (/usr/share/texmf-dist/tex/generic/pgfplots/pgfplots.revision.tex)
Package: pgfplots 2025/08/14 v1.18.2 Data Visualization (1.18.2)
 (/usr/share/texmf-dist/tex/generic/pgfplots/pgfplots.code.tex (/usr/share/texmf-dist/tex/generic/pgfplots/pgfplotscore.code.tex
\t@pgfplots@toka=\toks50
\t@pgfplots@tokb=\toks51
\t@pgfplots@tokc=\toks52
\pgfplots@tmpa=\dimen299
\c@pgfplots@coordindex=\count333
\c@pgfplots@scanlineindex=\count334
 (/usr/share/texmf-dist/tex/generic/pgfplots/sys/pgfplotssysgeneric.code.tex)) (/usr/share/texmf-dist/tex/generic/pgfplots/libs/pgfplotslibrary.code.tex) (/usr/share/texmf-dist/tex/generic/pgfplots/oldpgfcompatib/pgfplotsoldpgfsupp_loader.code.tex (/usr/share/texmf-dist/tex/generic/pgf/libraries/pgflibraryfpu.code.tex) (/usr/share/texmf-dist/tex/generic/pgfplots/oldpgfcompatib/pgfplotsoldpgfsupp_pgfutil-common-lists.tex)) (/usr/share/texmf-dist/tex/generic/pgfplots/util/pgfplotsutil.code.tex (/usr/share/texmf-dist/tex/generic/pgfplots/liststructure/pgfplotsliststructure.code.tex) (/usr/share/texmf-dist/tex/generic/pgfplots/liststructure/pgfplotsliststructureext.code.tex) (/usr/share/texmf-dist/tex/generic/pgfplots/liststructure/pgfplotsarray.code.tex
\c@pgfplotsarray@tmp=\count335
) (/usr/share/texmf-dist/tex/generic/pgfplots/liststructure/pgfplotsmatrix.code.tex) (/usr/share/texmf-dist/tex/generic/pgfplots/numtable/pgfplotstableshared.code.tex
\c@pgfplotstable@counta=\count336
\t@pgfplotstable@a=\toks53
) (/usr/share/texmf-dist/tex/generic/pgfplots/liststructure/pgfplotsdeque.code.tex) (/usr/share/texmf-dist/tex/generic/pgfplots/util/pgfplotsbinary.code.tex (/usr/share/texmf-dist/tex/generic/pgfplots/util/pgfplotsbinary.data.code.tex)) (/usr/share/texmf-dist/tex/generic/pgfplots/util/pgfplotsutil.verb.code.tex) (/usr/share/texmf-dist/tex/generic/pgfplots/libs/pgflibrarypgfplots.surfshading.code.tex
\c@pgfplotslibrarysurf@no=\count337
 (/usr/share/texmf-dist/tex/generic/pgfplots/sys/pgflibrarypgfplots.surfshading.pgfsys-pdftex.def))) (/usr/share/texmf-dist/tex/generic/pgfplots/util/pgfplotscolormap.code.tex (/usr/share/texmf-dist/tex/generic/pgfplots/util/pgfplotscolor.code.tex)) (/usr/share/texmf-dist/tex/generic/pgfplots/pgfplotsstackedplots.code.tex) (/usr/share/texmf-dist/tex/generic/pgfplots/pgfplotsplothandlers.code.tex (/usr/share/texmf-dist/tex/generic/pgfplots/pgfplotsmeshplothandler.code.tex (/usr/share/texmf-dist/tex/generic/pgfplots/pgfplotsmeshplotimage.code.tex))) (/usr/share/texmf-dist/tex/generic/pgfplots/pgfplots.scaling.code.tex) (/usr/share/texmf-dist/tex/generic/pgfplots/pgfplotscoordprocessing.code.tex) (/usr/share/texmf-dist/tex/generic/pgfplots/pgfplots.errorbars.code.tex) (/usr/share/texmf-dist/tex/generic/pgfplots/pgfplots.markers.code.tex) (/usr/share/texmf-dist/tex/generic/pgfplots/pgfplotsticks.code.tex) (/usr/share/texmf-dist/tex/generic/pgfplots/pgfplots.paths.code.tex) (/usr/share/texmf-dist/tex/generic/pgf/frontendlayer/tikz/libraries/tikzlibrarydecorations.pathmorphing.code.tex (/usr/share/texmf-dist/tex/generic/pgf/libraries/decorations/pgflibrarydecorations.pathmorphing.code.tex)) (/usr/share/texmf-dist/tex/generic/pgfplots/libs/tikzlibrarypgfplots.contourlua.code.tex)
\pgfplots@numplots=\count338
\pgfplots@xmin@reg=\dimen300
\pgfplots@xmax@reg=\dimen301
\pgfplots@ymin@reg=\dimen302
\pgfplots@ymax@reg=\dimen303
\pgfplots@zmin@reg=\dimen304
\pgfplots@zmax@reg=\dimen305
) (/usr/share/texmf-dist/tex/generic/pgf/frontendlayer/tikz/libraries/tikzlibraryplotmarks.code.tex
File: tikzlibraryplotmarks.code.tex 2025-08-29 v3.1.11a (3.1.11a)
 (/usr/share/texmf-dist/tex/generic/pgf/libraries/pgflibraryplotmarks.code.tex
File: pgflibraryplotmarks.code.tex 2025-08-29 v3.1.11a (3.1.11a)
))) (/usr/share/texmf-dist/tex/latex/caption/caption.sty
Package: caption 2023/08/05 v3.6o Customizing captions (AR)
 (/usr/share/texmf-dist/tex/latex/caption/caption3.sty
Package: caption3 2023/07/31 v2.4d caption3 kernel (AR)
\caption@tempdima=\dimen306
\captionmargin=\dimen307
\caption@leftmargin=\dimen308
\caption@rightmargin=\dimen309
\caption@width=\dimen310
\caption@indent=\dimen311
\caption@parindent=\dimen312
\caption@hangindent=\dimen313
Package caption Info: Standard document class detected.
)
\c@caption@flags=\count339
\c@continuedfloat=\count340
) (/usr/share/texmf-dist/tex/latex/thmtools/thmtools.sty
Package: thmtools 2023/05/04 v0.76
\thmt@toks=\toks54
\c@thmt@dummyctr=\count341
 (/usr/share/texmf-dist/tex/latex/thmtools/thm-patch.sty
Package: thm-patch 2023/05/04 v0.76
 (/usr/share/texmf-dist/tex/latex/thmtools/parseargs.sty
Package: parseargs 2023/05/04 v0.76
\@parsespec=\toks55
)) (/usr/share/texmf-dist/tex/latex/thmtools/thm-kv.sty
Package: thm-kv 2023/05/04 v0.76
Package thm-kv Info: Theorem names will be uppercased on input line 42.

(/usr/share/texmf-dist/tex/latex/kvsetkeys/kvsetkeys.sty
Package: kvsetkeys 2022-10-05 v1.19 Key value parser (HO)
)
Package thm-kv Info: kvsetkeys patch (v1.16 or later) on input line 158.
) (/usr/share/texmf-dist/tex/latex/thmtools/thm-autoref.sty
Package: thm-autoref 2023/05/04 v0.76
 (/usr/share/texmf-dist/tex/latex/thmtools/aliasctr.sty
Package: aliasctr 2023/05/04 v0.76
)) (/usr/share/texmf-dist/tex/latex/thmtools/thm-listof.sty
Package: thm-listof 2023/05/04 v0.76
) (/usr/share/texmf-dist/tex/latex/thmtools/thm-restate.sty
Package: thm-restate 2023/05/04 v0.76
) (/usr/share/texmf-dist/tex/latex/thmtools/thm-amsthm.sty
Package: thm-amsthm 2023/05/04 v0.76
\thmt@style@headstyle=\toks56
)) (/usr/share/texmf-dist/tex/latex/jknapltx/mathrsfs.sty
Package: mathrsfs 1996/01/01 Math RSFS package v1.0 (jk)
\symrsfs=\mathgroup6
) (/usr/share/texmf-dist/tex/latex/stmaryrd/stmaryrd.sty
Package: stmaryrd 1994/03/03 St Mary's Road symbol package
\symstmry=\mathgroup7
LaTeX Font Info:    Overwriting symbol font `stmry' in version `bold'
(Font)                  U/stmry/m/n --> U/stmry/b/n on input line 89.
) (/usr/share/texmf-dist/tex/latex/physics/physics.sty
Package: physics 
 (/usr/share/texmf-dist/tex/latex/l3packages/xparse/xparse.sty (/usr/share/texmf-dist/tex/latex/l3kernel/expl3.sty
Package: expl3 2026-01-19 L3 programming layer (loader) 
 (/usr/share/texmf-dist/tex/latex/l3backend/l3backend-pdftex.def
File: l3backend-pdftex.def 2025-10-09 L3 backend support: PDF output (pdfTeX)
\l__color_backend_stack_int=\count342
))
Package: xparse 2025-10-09 L3 Experimental document command parser
)) (/usr/share/texmf-dist/tex/latex/enumitem/enumitem.sty
Package: enumitem 2025/02/06 v3.11 Customized lists
\enitkv@toks@=\toks57
\labelindent=\skip64
\enit@outerparindent=\dimen314
\enit@toks=\toks58
\enit@inbox=\box70
\enit@count@id=\count343
\enitdp@description=\count344
) (/usr/share/texmf-dist/tex/latex/csquotes/csquotes.sty
Package: csquotes 2024-04-04 v5.2o context-sensitive quotations (JAW)
\csq@reset=\count345
\csq@gtype=\count346
\csq@glevel=\count347
\csq@qlevel=\count348
\csq@maxlvl=\count349
\csq@tshold=\count350
\csq@ltx@everypar=\toks59
 (/usr/share/texmf-dist/tex/latex/csquotes/csquotes.def
File: csquotes.def 2024-04-04 v5.2o csquotes generic definitions (JAW)
)
Package csquotes Info: Trying to load configuration file 'csquotes.cfg'...
Package csquotes Info: ... configuration file loaded successfully.
 (/usr/share/texmf-dist/tex/latex/csquotes/csquotes.cfg
File: csquotes.cfg 
)) (/usr/share/texmf-dist/tex/latex/tools/multicol.sty
Package: multicol 2025/10/21 v2.0b multicolumn formatting (FMi)
\c@tracingmulticols=\count351
\mult@box=\box71
\multicol@leftmargin=\dimen315
\c@unbalance=\count352
\c@collectmore=\count353
\doublecol@number=\count354
\multicoltolerance=\count355
\multicolpretolerance=\count356
\full@width=\dimen316
\page@free=\dimen317
\premulticols=\dimen318
\postmulticols=\dimen319
\multicolsep=\skip65
\multicolbaselineskip=\skip66
\partial@page=\box72
\last@line=\box73
\mc@boxedresult=\box74
\maxbalancingoverflow=\dimen320
\mult@rightbox=\box75
\mult@grightbox=\box76
\mult@firstbox=\box77
\mult@gfirstbox=\box78
\@tempa=\box79
\@tempa=\box80
\@tempa=\box81
\@tempa=\box82
\@tempa=\box83
\@tempa=\box84
\@tempa=\box85
\@tempa=\box86
\@tempa=\box87
\@tempa=\box88
\@tempa=\box89
\@tempa=\box90
\@tempa=\box91
\@tempa=\box92
\@tempa=\box93
\@tempa=\box94
\@tempa=\box95
\@tempa=\box96
\@tempa=\box97
\@tempa=\box98
\@tempa=\box99
\@tempa=\box100
\@tempa=\box101
\@tempa=\box102
\@tempa=\box103
\@tempa=\box104
\@tempa=\box105
\@tempa=\box106
\@tempa=\box107
\@tempa=\box108
\@tempa=\box109
\@tempa=\box110
\@tempa=\box111
\@tempa=\box112
\@tempa=\box113
\@tempa=\box114
\c@minrows=\count357
\c@columnbadness=\count358
\c@finalcolumnbadness=\count359
\last@try=\dimen321
\multicolovershoot=\dimen322
\multicolundershoot=\dimen323
\mult@nat@firstbox=\box115
\colbreak@box=\box116
\mc@col@check@num=\count360
\g__mc_curr_col_int=\count361
) (/usr/share/texmf-dist/tex/latex/tocloft/tocloft.sty
Package: tocloft 2017/08/31 v2.3i parameterised ToC, etc., typesetting
Package tocloft Info: The document has chapter divisions on input line 51.
\cftparskip=\skip67
\cftbeforetoctitleskip=\skip68
\cftaftertoctitleskip=\skip69
\cftbeforepartskip=\skip70
\cftpartnumwidth=\skip71
\cftpartindent=\skip72
\cftbeforechapskip=\skip73
\cftchapindent=\skip74
\cftchapnumwidth=\skip75
\cftbeforesecskip=\skip76
\cftsecindent=\skip77
\cftsecnumwidth=\skip78
\cftbeforesubsecskip=\skip79
\cftsubsecindent=\skip80
\cftsubsecnumwidth=\skip81
\cftbeforesubsubsecskip=\skip82
\cftsubsubsecindent=\skip83
\cftsubsubsecnumwidth=\skip84
\cftbeforeparaskip=\skip85
\cftparaindent=\skip86
\cftparanumwidth=\skip87
\cftbeforesubparaskip=\skip88
\cftsubparaindent=\skip89
\cftsubparanumwidth=\skip90
\cftbeforeloftitleskip=\skip91
\cftafterloftitleskip=\skip92
\cftbeforefigskip=\skip93
\cftfigindent=\skip94
\cftfignumwidth=\skip95
\c@lofdepth=\count362
\c@lotdepth=\count363
\cftbeforelottitleskip=\skip96
\cftafterlottitleskip=\skip97
\cftbeforetabskip=\skip98
\cfttabindent=\skip99
\cfttabnumwidth=\skip100
) (/usr/share/texmf-dist/tex/latex/tikz-3dplot/tikz-3dplot.sty (/usr/share/texmf-dist/tex/latex/base/ifthen.sty
Package: ifthen 2024/03/16 v1.1e Standard LaTeX ifthen package (DPC)
) (/usr/share/texmf-dist/tex/generic/pgf/frontendlayer/tikz/libraries/tikzlibrary3d.code.tex
File: tikzlibrary3d.code.tex 2025-08-29 v3.1.11a (3.1.11a)
)) (/usr/share/texmf-dist/tex/latex/mdframed/mdframed.sty
Package: mdframed 2013/07/01 1.9b: mdframed
 (/usr/share/texmf-dist/tex/latex/kvoptions/kvoptions.sty
Package: kvoptions 2022-06-15 v3.15 Key value format for package options (HO)
 (/usr/share/texmf-dist/tex/generic/ltxcmds/ltxcmds.sty
Package: ltxcmds 2023-12-04 v1.26 LaTeX kernel commands for general use (HO)
)) (/usr/share/texmf-dist/tex/latex/zref/zref-abspage.sty
Package: zref-abspage 2025-06-08 v2.36 Module abspage for zref (HO)
 (/usr/share/texmf-dist/tex/latex/zref/zref-base.sty
Package: zref-base 2025-06-08 v2.36 Module base for zref (HO)
 (/usr/share/texmf-dist/tex/generic/infwarerr/infwarerr.sty
Package: infwarerr 2019/12/03 v1.5 Providing info/warning/error messages (HO)
) (/usr/share/texmf-dist/tex/generic/kvdefinekeys/kvdefinekeys.sty
Package: kvdefinekeys 2019-12-19 v1.6 Define keys (HO)
) (/usr/share/texmf-dist/tex/generic/pdftexcmds/pdftexcmds.sty
Package: pdftexcmds 2020-06-27 v0.33 Utility functions of pdfTeX for LuaTeX (HO)
Package pdftexcmds Info: \pdf@primitive is available.
Package pdftexcmds Info: \pdf@ifprimitive is available.
Package pdftexcmds Info: \pdfdraftmode found.
) (/usr/share/texmf-dist/tex/generic/etexcmds/etexcmds.sty
Package: etexcmds 2019/12/15 v1.7 Avoid name clashes with e-TeX commands (HO)
) (/usr/share/texmf-dist/tex/latex/auxhook/auxhook.sty
Package: auxhook 2019-12-17 v1.6 Hooks for auxiliary files (HO)
)
Package zref Info: New property list: main on input line 767.
Package zref Info: New property: default on input line 768.
Package zref Info: New property: page on input line 769.
)
\c@abspage=\count364
Package zref Info: New property: abspage on input line 67.
) (/usr/share/texmf-dist/tex/latex/needspace/needspace.sty
Package: needspace 2025/03/13 v1.3e reserve vertical space
)
\mdf@templength=\skip101
\c@mdf@globalstyle@cnt=\count365
\mdf@skipabove@length=\skip102
\mdf@skipbelow@length=\skip103
\mdf@leftmargin@length=\skip104
\mdf@rightmargin@length=\skip105
\mdf@innerleftmargin@length=\skip106
\mdf@innerrightmargin@length=\skip107
\mdf@innertopmargin@length=\skip108
\mdf@innerbottommargin@length=\skip109
\mdf@splittopskip@length=\skip110
\mdf@splitbottomskip@length=\skip111
\mdf@outermargin@length=\skip112
\mdf@innermargin@length=\skip113
\mdf@linewidth@length=\skip114
\mdf@innerlinewidth@length=\skip115
\mdf@middlelinewidth@length=\skip116
\mdf@outerlinewidth@length=\skip117
\mdf@roundcorner@length=\skip118
\mdf@footenotedistance@length=\skip119
\mdf@userdefinedwidth@length=\skip120
\mdf@needspace@length=\skip121
\mdf@frametitleaboveskip@length=\skip122
\mdf@frametitlebelowskip@length=\skip123
\mdf@frametitlerulewidth@length=\skip124
\mdf@frametitleleftmargin@length=\skip125
\mdf@frametitlerightmargin@length=\skip126
\mdf@shadowsize@length=\skip127
\mdf@extratopheight@length=\skip128
\mdf@subtitleabovelinewidth@length=\skip129
\mdf@subtitlebelowlinewidth@length=\skip130
\mdf@subtitleaboveskip@length=\skip131
\mdf@subtitlebelowskip@length=\skip132
\mdf@subtitleinneraboveskip@length=\skip133
\mdf@subtitleinnerbelowskip@length=\skip134
\mdf@subsubtitleabovelinewidth@length=\skip135
\mdf@subsubtitlebelowlinewidth@length=\skip136
\mdf@subsubtitleaboveskip@length=\skip137
\mdf@subsubtitlebelowskip@length=\skip138
\mdf@subsubtitleinneraboveskip@length=\skip139
\mdf@subsubtitleinnerbelowskip@length=\skip140
 (/usr/share/texmf-dist/tex/latex/mdframed/md-frame-1.mdf
File: md-frame-1.mdf 2013/07/01\ 1.9b: md-frame-1
)
\mdf@frametitlebox=\box117
\mdf@footnotebox=\box118
\mdf@splitbox@one=\box119
\mdf@splitbox@two=\box120
\mdf@splitbox@save=\box121
\mdfsplitboxwidth=\skip141
\mdfsplitboxtotalwidth=\skip142
\mdfsplitboxheight=\skip143
\mdfsplitboxdepth=\skip144
\mdfsplitboxtotalheight=\skip145
\mdfframetitleboxwidth=\skip146
\mdfframetitleboxtotalwidth=\skip147
\mdfframetitleboxheight=\skip148
\mdfframetitleboxdepth=\skip149
\mdfframetitleboxtotalheight=\skip150
\mdffootnoteboxwidth=\skip151
\mdffootnoteboxtotalwidth=\skip152
\mdffootnoteboxheight=\skip153
\mdffootnoteboxdepth=\skip154
\mdffootnoteboxtotalheight=\skip155
\mdftotallinewidth=\skip156
\mdfboundingboxwidth=\skip157
\mdfboundingboxtotalwidth=\skip158
\mdfboundingboxheight=\skip159
\mdfboundingboxdepth=\skip160
\mdfboundingboxtotalheight=\skip161
\mdf@freevspace@length=\skip162
\mdf@horizontalwidthofbox@length=\skip163
\mdf@verticalmarginwhole@length=\skip164
\mdf@horizontalspaceofbox=\skip165
\mdfsubtitleheight=\skip166
\mdfsubsubtitleheight=\skip167
\c@mdfcountframes=\count366

****** mdframed patching \endmdf@trivlist

****** -- success******

\mdf@envdepth=\count367
\c@mdf@env@i=\count368
\c@mdf@env@ii=\count369
\c@mdf@zref@counter=\count370
Package zref Info: New property: mdf@pagevalue on input line 895.
)
\c@defn=\count371
\c@teor=\count372
\c@prop=\count373
\c@lema=\count374
\c@coro=\count375
\c@ejemplo=\count376
\c@ejercicio=\count377
 (/usr/share/texmf-dist/tex/latex/hyperref/hyperref.sty
Package: hyperref 2026-01-29 v7.01p Hypertext links for LaTeX
 (/usr/share/texmf-dist/tex/generic/pdfescape/pdfescape.sty
Package: pdfescape 2019/12/09 v1.15 Implements pdfTeX's escape features (HO)
) (/usr/share/texmf-dist/tex/latex/hycolor/hycolor.sty
Package: hycolor 2020-01-27 v1.10 Color options for hyperref/bookmark (HO)
) (/usr/share/texmf-dist/tex/latex/hyperref/nameref.sty
Package: nameref 2026-01-29 v2.58 Cross-referencing by name of section
 (/usr/share/texmf-dist/tex/latex/refcount/refcount.sty
Package: refcount 2019/12/15 v3.6 Data extraction from label references (HO)
) (/usr/share/texmf-dist/tex/generic/gettitlestring/gettitlestring.sty
Package: gettitlestring 2019/12/15 v1.6 Cleanup title references (HO)
)
\c@section@level=\count378
) (/usr/share/texmf-dist/tex/generic/stringenc/stringenc.sty
Package: stringenc 2019/11/29 v1.12 Convert strings between diff. encodings (HO)
)
\@linkdim=\dimen324
\Hy@linkcounter=\count379
\Hy@pagecounter=\count380
 (/usr/share/texmf-dist/tex/latex/hyperref/pd1enc.def
File: pd1enc.def 2026-01-29 v7.01p Hyperref: PDFDocEncoding definition (HO)
Now handling font encoding PD1 ...
... no UTF-8 mapping file for font encoding PD1
) (/usr/share/texmf-dist/tex/generic/intcalc/intcalc.sty
Package: intcalc 2019/12/15 v1.3 Expandable calculations with integers (HO)
)
\Hy@SavedSpaceFactor=\count381
 (/usr/share/texmf-dist/tex/latex/hyperref/puenc.def
File: puenc.def 2026-01-29 v7.01p Hyperref: PDF Unicode definition (HO)
Now handling font encoding PU ...
... no UTF-8 mapping file for font encoding PU
)
Package hyperref Info: Hyper figures OFF on input line 4201.
Package hyperref Info: Link nesting OFF on input line 4206.
Package hyperref Info: Hyper index ON on input line 4209.
Package hyperref Info: Plain pages OFF on input line 4216.
Package hyperref Info: Backreferencing OFF on input line 4221.
Package hyperref Info: Implicit mode ON; LaTeX internals redefined.
Package hyperref Info: Bookmarks ON on input line 4468.
\c@Hy@tempcnt=\count382
 (/usr/share/texmf-dist/tex/latex/url/url.sty
\Urlmuskip=\muskip18
Package: url 2013/09/16  ver 3.4  Verb mode for urls, etc.
)
LaTeX Info: Redefining \url on input line 4807.
\XeTeXLinkMargin=\dimen325
 (/usr/share/texmf-dist/tex/generic/bitset/bitset.sty
Package: bitset 2019/12/09 v1.3 Handle bit-vector datatype (HO)
 (/usr/share/texmf-dist/tex/generic/bigintcalc/bigintcalc.sty
Package: bigintcalc 2019/12/15 v1.5 Expandable calculations on big integers (HO)
))
\Fld@menulength=\count383
\Field@Width=\dimen326
\Fld@charsize=\dimen327
Package hyperref Info: Hyper figures OFF on input line 6084.
Package hyperref Info: Link nesting OFF on input line 6089.
Package hyperref Info: Hyper index ON on input line 6092.
Package hyperref Info: backreferencing OFF on input line 6099.
Package hyperref Info: Link coloring OFF on input line 6104.
Package hyperref Info: Link coloring with OCG OFF on input line 6109.
Package hyperref Info: PDF/A mode OFF on input line 6114.
\Hy@abspage=\count384
\c@Item=\count385
\c@Hfootnote=\count386
)
Package hyperref Info: Driver (autodetected): hpdftex.
 (/usr/share/texmf-dist/tex/latex/hyperref/hpdftex.def
File: hpdftex.def 2026-01-29 v7.01p Hyperref driver for pdfTeX
\HyAnn@Count=\count387
\Fld@listcount=\count388
\c@bookmark@seq@number=\count389
 (/usr/share/texmf-dist/tex/latex/rerunfilecheck/rerunfilecheck.sty
Package: rerunfilecheck 2025-06-21 v1.11 Rerun checks for auxiliary files (HO)
 (/usr/share/texmf-dist/tex/generic/uniquecounter/uniquecounter.sty
Package: uniquecounter 2019/12/15 v1.4 Provide unlimited unique counter (HO)
)
Package uniquecounter Info: New unique counter `rerunfilecheck' on input line 284.
)
\Hy@SectionHShift=\skip168
)
Package hyperref Info: Option `colorlinks' set `true' on input line 329.
) (/usr/share/texmf-dist/tex/latex/float/float.sty
Package: float 2001/11/08 v1.3d Float enhancements (AL)
\c@float@type=\count390
\float@exts=\toks60
\float@box=\box122
\@float@everytoks=\toks61
\@floatcapt=\box123
) (/usr/share/texmf-dist/tex/latex/placeins/placeins.sty
Package: placeins 2005/04/18  v 2.2
) (/usr/share/texmf-dist/tex/latex/pdfpages/pdfpages.sty
Package: pdfpages 2025/07/23 v0.6g Insert pages of external PDF documents (AM)
 (/usr/share/texmf-dist/tex/latex/eso-pic/eso-pic.sty
Package: eso-pic 2025/12/10 v3.0d eso-pic (RN)
\ESO@tempdima=\dimen328
\ESO@tempdimb=\dimen329
)
\AM@pagewidth=\dimen330
\AM@pageheight=\dimen331
\AM@fboxrule=\dimen332
 (/usr/share/texmf-dist/tex/latex/pdfpages/pppdftex.def
File: pppdftex.def 2025/07/23 v0.6g Pdfpages driver for pdfTeX (AM)
)
\pdfpages@includegraphics@status=\count391
\AM@pagebox=\box124
\AM@global@opts=\toks62
\AM@pagecnt=\count392
\AM@toc@title=\toks63
\AM@lof@heading=\toks64
\c@AM@survey=\count393
\AM@templatesizebox=\box125
) (/usr/share/texmf-dist/tex/latex/tikz-cd/tikz-cd.sty
Package: tikz-cd 2021/05/04 v1.0 Commutative diagrams with TikZ
 (/usr/share/texmf-dist/tex/generic/tikz-cd/tikzlibrarycd.code.tex (/usr/share/texmf-dist/tex/generic/pgf/frontendlayer/tikz/libraries/tikzlibrarymatrix.code.tex
File: tikzlibrarymatrix.code.tex 2025-08-29 v3.1.11a (3.1.11a)
) (/usr/share/texmf-dist/tex/generic/pgf/libraries/pgflibraryarrows.meta.code.tex
File: pgflibraryarrows.meta.code.tex 2025-08-29 v3.1.11a (3.1.11a)
\pgfarrowinset=\dimen333
\pgfarrowlength=\dimen334
\pgfarrowwidth=\dimen335
\pgfarrowlinewidth=\dimen336
)))
Package csquotes Info: Checking for multilingual support...
Package csquotes Info: ... found 'babel' package.
Package csquotes Info: Adjusting default style.
Package csquotes Info: Redefining alias 'default' -> 'spanish'.
LaTeX Font Info:    Trying to load font information for T1+LibertinusSerif-TLF on input line 54.
 (/usr/share/texmf-dist/tex/latex/libertinus-type1/T1LibertinusSerif-TLF.fd
File: T1LibertinusSerif-TLF.fd 2024/09/22 (autoinst) Font definitions for T1/LibertinusSerif-TLF.
)
LaTeX Font Info:    Font shape `T1/LibertinusSerif-TLF/m/n' will be
(Font)              scaled to size 12.0pt on input line 54.
 (./Algebra_lineal.aux
LaTeX Info: Redefining \. on input line 12.
LaTeX Info: Redefining \% on input line 12.
Package babel Info: 'spanish' activates 'spanish' shorthands.
(babel)             Reported on input line 12.
)
\openout1 = `Algebra_lineal.aux'.

LaTeX Font Info:    Checking defaults for OML/cmm/m/it on input line 54.
LaTeX Font Info:    ... okay on input line 54.
LaTeX Font Info:    Checking defaults for OMS/cmsy/m/n on input line 54.
LaTeX Font Info:    ... okay on input line 54.
LaTeX Font Info:    Checking defaults for OT1/cmr/m/n on input line 54.
LaTeX Font Info:    ... okay on input line 54.
LaTeX Font Info:    Checking defaults for T1/cmr/m/n on input line 54.
LaTeX Font Info:    ... okay on input line 54.
LaTeX Font Info:    Checking defaults for TS1/cmr/m/n on input line 54.
LaTeX Font Info:    ... okay on input line 54.
LaTeX Font Info:    Checking defaults for OMX/cmex/m/n on input line 54.
LaTeX Font Info:    ... okay on input line 54.
LaTeX Font Info:    Checking defaults for U/cmr/m/n on input line 54.
LaTeX Font Info:    ... okay on input line 54.
LaTeX Font Info:    Checking defaults for PD1/pdf/m/n on input line 54.
LaTeX Font Info:    ... okay on input line 54.
LaTeX Font Info:    Checking defaults for PU/pdf/m/n on input line 54.
LaTeX Font Info:    ... okay on input line 54.
 (/usr/share/texmf-dist/tex/context/base/mkii/supp-pdf.mkii
[Loading MPS to PDF converter (version 2006.09.02).]
\scratchcounter=\count394
\scratchdimen=\dimen337
\scratchbox=\box126
\nofMPsegments=\count395
\nofMParguments=\count396
\everyMPshowfont=\toks65
\MPscratchCnt=\count397
\MPscratchDim=\dimen338
\MPnumerator=\count398
\makeMPintoPDFobject=\count399
\everyMPtoPDFconversion=\toks66
) (/usr/share/texmf-dist/tex/latex/epstopdf-pkg/epstopdf-base.sty
Package: epstopdf-base 2020-01-24 v2.11 Base part for package epstopdf
Package epstopdf-base Info: Redefining graphics rule for `.eps' on input line 485.
 (/usr/share/texmf-dist/tex/latex/latexconfig/epstopdf-sys.cfg
File: epstopdf-sys.cfg 2010/07/13 v1.3 Configuration of (r)epstopdf for TeX Live
))
LaTeX Info: Redefining \. on input line 54.
LaTeX Info: Redefining \% on input line 54.
\c@mv@tabular=\count400
\c@mv@boldtabular=\count401
LaTeX Info: Redefining \microtypecontext on input line 54.
Package microtype Info: Applying patch `item' on input line 54.
Package microtype Info: Applying patch `toc' on input line 54.
Package microtype Info: Applying patch `eqnum' on input line 54.
Package microtype Info: Applying patch `footnote' on input line 54.
Package microtype Info: Applying patch `verbatim' on input line 54.
LaTeX Info: Redefining \microtypesetup on input line 54.
Package microtype Info: Generating PDF output.
Package microtype Info: Character protrusion enabled (level 2).
Package microtype Info: Using default protrusion set `alltext'.
Package microtype Info: Automatic font expansion enabled (level 2),
(microtype)             stretch: 20, shrink: 20, step: 1, non-selected.
Package microtype Info: Using default expansion set `alltext-nott'.
Package microtype Info: Patching command `\showhyphens'.
Package microtype Info: No adjustment of tracking.
Package microtype Info: No adjustment of interword spacing.
Package microtype Info: No adjustment of character kerning.
Package microtype Info: Loading generic protrusion settings for font family
(microtype)             `LibertinusSerif-TLF' (encoding: T1).
(microtype)             For optimal results, create family-specific settings.
(microtype)             See the microtype manual for details.

*geometry* driver: auto-detecting
*geometry* detected driver: pdftex
*geometry* verbose mode - [ preamble ] result:
* driver: pdftex
* paper: a4paper
* layout: <same size as paper>
* layoutoffset:(h,v)=(0.0pt,0.0pt)
* modes: twoside 
* h-part:(L,W,R)=(42.67912pt, 512.14963pt, 42.67912pt)
* v-part:(T,H,B)=(42.67912pt, 759.6886pt, 42.67912pt)
* \paperwidth=597.50787pt
* \paperheight=845.04684pt
* \textwidth=512.14963pt
* \textheight=759.6886pt
* \oddsidemargin=-29.59087pt
* \evensidemargin=-29.59087pt
* \topmargin=-61.46466pt
* \headheight=12.0pt
* \headsep=19.8738pt
* \topskip=12.0pt
* \footskip=30.0pt
* \marginparwidth=56.9055pt
* \marginparsep=10.0pt
* \columnsep=10.0pt
* \skip\footins=10.8pt plus 4.0pt minus 2.0pt
* \hoffset=0.0pt
* \voffset=0.0pt
* \mag=1000
* \@twocolumnfalse
* \@twosidetrue
* \@mparswitchtrue
* \@reversemarginfalse
* (1in=72.27pt=25.4mm, 1cm=28.453pt)

Package pgfplots notification 'compat/show suggested version=true': document has been generated with the most recent feature set (\pgfplotsset{compat=1.18}).

Package caption Info: Begin \AtBeginDocument code.
Package caption Info: float package is loaded.
Package caption Info: hyperref package is loaded.
Package caption Info: End \AtBeginDocument code.
Package hyperref Info: Link coloring ON on input line 54.
(./Algebra_lineal.out) (./Algebra_lineal.out)
\@outlinefile=\write4
\openout4 = `Algebra_lineal.out'.

 (/usr/share/texmf-dist/tex/latex/pdflscape/pdflscape.sty
Package: pdflscape 2025-06-23 v0.14 Display of landscape pages in PDF
 (/usr/share/texmf-dist/tex/latex/pdflscape/pdflscape-nometadata.sty
Package: pdflscape-nometadata 2025-06-23 v0.14 Display of landscape pages in PDF (HO)
 (/usr/share/texmf-dist/tex/latex/graphics/lscape.sty
Package: lscape 2020/05/28 v3.02 Landscape Pages (DPC)
)
Package pdflscape Info: Auto-detected driver: pdftex on input line 81.
))
<portada-nueva/portada-algebra-lineal-i.pdf, id=123, 597.50829pt x 845.0471pt>
File: portada-nueva/portada-algebra-lineal-i.pdf Graphic file (type pdf)
<use portada-nueva/portada-algebra-lineal-i.pdf>
Package pdftex.def Info: portada-nueva/portada-algebra-lineal-i.pdf  used on input line 58.
(pdftex.def)             Requested size: 597.50682pt x 845.04504pt.
<portada-nueva/portada-algebra-lineal-i.pdf, id=125, page=1, 597.50829pt x 845.0471pt>
File: portada-nueva/portada-algebra-lineal-i.pdf Graphic file (type pdf)
<use portada-nueva/portada-algebra-lineal-i.pdf, page 1>
Package pdftex.def Info: portada-nueva/portada-algebra-lineal-i.pdf , page1 used on input line 58.
(pdftex.def)             Requested size: 597.50682pt x 845.04504pt.
File: portada-nueva/portada-algebra-lineal-i.pdf Graphic file (type pdf)
<use portada-nueva/portada-algebra-lineal-i.pdf, page 1>
Package pdftex.def Info: portada-nueva/portada-algebra-lineal-i.pdf , page1 used on input line 58.
(pdftex.def)             Requested size: 597.53416pt x 845.08372pt.
File: portada-nueva/portada-algebra-lineal-i.pdf Graphic file (type pdf)
<use portada-nueva/portada-algebra-lineal-i.pdf, page 1>
Package pdftex.def Info: portada-nueva/portada-algebra-lineal-i.pdf , page1 used on input line 58.
(pdftex.def)             Requested size: 597.53416pt x 845.08372pt.
File: portada-nueva/portada-algebra-lineal-i.pdf Graphic file (type pdf)
<use portada-nueva/portada-algebra-lineal-i.pdf, page 1>
Package pdftex.def Info: portada-nueva/portada-algebra-lineal-i.pdf , page1 used on input line 58.
(pdftex.def)             Requested size: 597.53416pt x 845.08372pt.
File: portada-nueva/portada-algebra-lineal-i.pdf Graphic file (type pdf)
<use portada-nueva/portada-algebra-lineal-i.pdf, page 1>
Package pdftex.def Info: portada-nueva/portada-algebra-lineal-i.pdf , page1 used on input line 58.
(pdftex.def)             Requested size: 597.53416pt x 845.08372pt.
 [1


 <./portada-nueva/portada-algebra-lineal-i.pdf{/var/lib/texmf/fonts/map/pdftex/updmap/pdftex.map}>]
LaTeX Font Info:    Font shape `T1/LibertinusSerif-TLF/m/it' will be
(Font)              scaled to size 12.0pt on input line 64.
LaTeX Font Info:    Font shape `T1/LibertinusSerif-TLF/b/n' will be
(Font)              scaled to size 12.0pt on input line 66.
 [2{/usr/share/texmf-dist/fonts/enc/dvips/libertinus-type1/lbn1_sncvby.enc}{/usr/share/texmf-dist/fonts/enc/dvips/libertinus-type1/lbn1_sfissr.enc}]
Package mdframed Info: mdframed works in twoside mode on input line 95.
Package mdframed Info: mdframed detected package amsthm 
 changed the theorem header of amsthm
(mdframed)              on input line 95.
LaTeX Font Info:    Font shape `T1/LibertinusSerif-TLF/m/n' will be
(Font)              scaled to size 10.95pt on input line 98.
Package mdframed Info: Not enough space on this page on input line 108.
LaTeX Font Info:    Font shape `T1/LibertinusSerif-TLF/m/n' will be
(Font)              scaled to size 24.88pt on input line 113.
LaTeX Font Info:    Font shape `T1/LibertinusSerif-TLF/b/n' will be
(Font)              scaled to size 24.88pt on input line 113.
 (./Algebra_lineal.toc
LaTeX Info: Redefining \. on input line 1.
LaTeX Info: Redefining \% on input line 1.
 (/usr/share/texmf-dist/tex/latex/microtype/mt-cmr.cfg
File: mt-cmr.cfg 2013/05/19 v2.2 microtype config. file: Computer Modern Roman (RS)
)
LaTeX Font Info:    Trying to load font information for U+msa on input line 2.
 (/usr/share/texmf-dist/tex/latex/amsfonts/umsa.fd
File: umsa.fd 2013/01/14 v3.01 AMS symbols A
) (/usr/share/texmf-dist/tex/latex/microtype/mt-msa.cfg
File: mt-msa.cfg 2006/02/04 v1.1 microtype config. file: AMS symbols (a) (RS)
)
LaTeX Font Info:    Trying to load font information for U+msb on input line 2.
 (/usr/share/texmf-dist/tex/latex/amsfonts/umsb.fd
File: umsb.fd 2013/01/14 v3.01 AMS symbols B
) (/usr/share/texmf-dist/tex/latex/microtype/mt-msb.cfg
File: mt-msb.cfg 2005/06/01 v1.0 microtype config. file: AMS symbols (b) (RS)
)
LaTeX Font Info:    Trying to load font information for U+rsfs on input line 2.
 (/usr/share/texmf-dist/tex/latex/jknapltx/ursfs.fd
File: ursfs.fd 1998/03/24 rsfs font definition file (jk)
)
LaTeX Font Info:    Trying to load font information for U+stmry on input line 2.
 (/usr/share/texmf-dist/tex/latex/stmaryrd/Ustmry.fd))
\tf@toc=\write5
\openout5 = `Algebra_lineal.toc'.


pdfTeX warning (ext4): destination with the same identifier (name{page.1}) has been already used, duplicate ignored
<to be read again> 
                   \relax 
l.116     \chapter
                  {Ecuaciones Lineales} [1

{/usr/share/texmf-dist/fonts/enc/dvips/libertinus-type1/lbn1_75t36g.enc}]
LaTeX Font Info:    Font shape `T1/LibertinusSerif-TLF/m/sl' in size <12> not available
(Font)              Font shape `T1/LibertinusSerif-TLF/m/it' tried instead on input line 116.
LaTeX Font Info:    Font shape `T1/LibertinusSerif-TLF/m/it' will be
(Font)              scaled to size 12.0pt on input line 116.
LaTeX Info: Redefining \. on input line 116.
LaTeX Info: Redefining \% on input line 116.
Package babel Info: 'spanish' activates 'spanish' shorthands.
(babel)             Reported on input line 116.

pdfTeX warning (ext4): destination with the same identifier (name{page.2}) has been already used, duplicate ignored
<to be read again> 
                   \relax 
l.116     \chapter
                  {Ecuaciones Lineales} [2

]
Cap\'{\i }tulo 1.
LaTeX Font Info:    Trying to load font information for T1+LibertinusSans-TLF on input line 116.
(/usr/share/texmf-dist/tex/latex/libertinus-type1/T1LibertinusSans-TLF.fd
File: T1LibertinusSans-TLF.fd 2024/09/22 (autoinst) Font definitions for T1/LibertinusSans-TLF.
)
LaTeX Font Info:    Font shape `T1/LibertinusSans-TLF/m/n' will be
(Font)              scaled to size 12.0pt on input line 116.
Package microtype Info: Loading generic protrusion settings for font family
(microtype)             `LibertinusSans-TLF' (encoding: T1).
(microtype)             For optimal results, create family-specific settings.
(microtype)             See the microtype manual for details.
LaTeX Font Info:    Font shape `T1/LibertinusSans-TLF/b/n' will be
(Font)              scaled to size 12.0pt on input line 116.
LaTeX Font Info:    Font shape `T1/LibertinusSans-TLF/b/n' will be
(Font)              scaled to size 17.28pt on input line 116.
LaTeX Font Info:    Font shape `T1/LibertinusSerif-TLF/m/n' will be
(Font)              scaled to size 8.0pt on input line 165.
LaTeX Font Info:    Font shape `T1/LibertinusSerif-TLF/m/n' will be
(Font)              scaled to size 6.0pt on input line 165.
 [3{/usr/share/texmf-dist/fonts/enc/dvips/libertinus-type1/lbn1_mfadfl.enc}]
Package mdframed Info: mdframed works in twoside mode on input line 204.
Package mdframed Info: mdframed detected package amsthm 
 changed the theorem header of amsthm
(mdframed)              on input line 204.
Package mdframed Info: mdframed detected package amsthm 
 changed the theorem header of amsthm
(mdframed)              on input line 207.
LaTeX Info: Redefining \. on input line 209.
LaTeX Info: Redefining \% on input line 209.
 [4]
Package mdframed Info: mdframed works in twoside mode on input line 212.
Package mdframed Info: mdframed detected package amsthm 
 changed the theorem header of amsthm
(mdframed)              on input line 212.
Package mdframed Info: mdframed detected package amsthm 
 changed the theorem header of amsthm
(mdframed)              on input line 231.
Package mdframed Info: mdframed works in twoside mode on input line 241.
Package mdframed Info: mdframed detected package amsthm 
 changed the theorem header of amsthm
(mdframed)              on input line 241.
Package mdframed Info: mdframed detected package amsthm 
 changed the theorem header of amsthm
(mdframed)              on input line 248.
LaTeX Info: Redefining \. on input line 261.
LaTeX Info: Redefining \% on input line 261.
 [5]
pdfTeX warning (ext4): destination with the same identifier (name{equation.1.1}) has been already used, duplicate ignored
<to be read again> 
                   \relax 
l.269         \begin{equation}
                              
pdfTeX warning (ext4): destination with the same identifier (name{equation.1.1}) has been already used, duplicate ignored
<to be read again> 
                   \relax 
l.269         \begin{equation}
                              
pdfTeX warning (ext4): destination with the same identifier (name{equation.1.1}) has been already used, duplicate ignored
<to be read again> 
                   \relax 
l.269         \begin{equation}
                              
pdfTeX warning (ext4): destination with the same identifier (name{equation.1.1}) has been already used, duplicate ignored
<to be read again> 
                   \relax 
l.269         \begin{equation}
                              
LaTeX Info: Redefining \. on input line 319.
LaTeX Info: Redefining \% on input line 319.
 [6]
pdfTeX warning (ext4): destination with the same identifier (name{equation.1.1}) has been already used, duplicate ignored
<to be read again> 
                   \relax 
l.334     \begin{equation}
                          
pdfTeX warning (ext4): destination with the same identifier (name{equation.1.1}) has been already used, duplicate ignored
<to be read again> 
                   \relax 
l.334     \begin{equation}
                          
pdfTeX warning (ext4): destination with the same identifier (name{equation.1.1}) has been already used, duplicate ignored
<to be read again> 
                   \relax 
l.334     \begin{equation}
                          
pdfTeX warning (ext4): destination with the same identifier (name{equation.1.1}) has been already used, duplicate ignored
<to be read again> 
                   \relax 
l.334     \begin{equation}
                          
Package mdframed Info: mdframed works in twoside mode on input line 346.
Package mdframed Info: mdframed detected package amsthm 
 changed the theorem header of amsthm
(mdframed)              on input line 346.
Package mdframed Info: mdframed detected package amsthm 
 changed the theorem header of amsthm
(mdframed)              on input line 349.
Package mdframed Info: mdframed works in twoside mode on input line 354.
Package mdframed Info: mdframed detected package amsthm 
 changed the theorem header of amsthm
(mdframed)              on input line 354.
Package mdframed Info: mdframed detected package amsthm 
 changed the theorem header of amsthm
(mdframed)              on input line 356.
LaTeX Info: Redefining \. on input line 366.
LaTeX Info: Redefining \% on input line 366.
 [7]
Package mdframed Info: mdframed works in twoside mode on input line 372.
Package mdframed Info: mdframed detected package amsthm 
 changed the theorem header of amsthm
(mdframed)              on input line 372.
Package mdframed Info: mdframed detected package amsthm 
 changed the theorem header of amsthm
(mdframed)              on input line 379.
LaTeX Info: Redefining \. on input line 419.
LaTeX Info: Redefining \% on input line 419.
 [8]
Package mdframed Info: mdframed works in twoside mode on input line 478.
Package mdframed Info: mdframed detected package amsthm 
 changed the theorem header of amsthm
(mdframed)              on input line 478.
Package mdframed Info: mdframed detected package amsthm 
 changed the theorem header of amsthm
(mdframed)              on input line 485.
LaTeX Info: Redefining \. on input line 485.
LaTeX Info: Redefining \% on input line 485.
 [9]
Package mdframed Info: mdframed works in twoside mode on input line 560.
Package mdframed Info: mdframed detected package amsthm 
 changed the theorem header of amsthm
(mdframed)              on input line 560.
Package mdframed Info: mdframed detected package amsthm 
 changed the theorem header of amsthm
(mdframed)              on input line 562.
LaTeX Info: Redefining \. on input line 568.
LaTeX Info: Redefining \% on input line 568.
 [10]
Package mdframed Info: mdframed works in twoside mode on input line 588.
Package mdframed Info: mdframed detected package amsthm 
 changed the theorem header of amsthm
(mdframed)              on input line 588.
Package mdframed Info: mdframed detected package amsthm 
 changed the theorem header of amsthm
(mdframed)              on input line 595.
Package mdframed Info: mdframed works in twoside mode on input line 605.
Package mdframed Info: mdframed detected package amsthm 
 changed the theorem header of amsthm
(mdframed)              on input line 605.
Package mdframed Info: mdframed detected package amsthm 
 changed the theorem header of amsthm
(mdframed)              on input line 608.
Package mdframed Info: mdframed works in twoside mode on input line 615.
Package mdframed Info: mdframed detected package amsthm 
 changed the theorem header of amsthm
(mdframed)              on input line 615.
Package mdframed Info: mdframed detected package amsthm 
 changed the theorem header of amsthm
(mdframed)              on input line 631.
LaTeX Info: Redefining \. on input line 631.
LaTeX Info: Redefining \% on input line 631.
 [11]
Package mdframed Info: mdframed works in twoside mode on input line 639.
Package mdframed Info: mdframed detected package amsthm 
 changed the theorem header of amsthm
(mdframed)              on input line 639.
Package mdframed Info: mdframed detected package amsthm 
 changed the theorem header of amsthm
(mdframed)              on input line 648.
Package mdframed Info: mdframed works in twoside mode on input line 668.
Package mdframed Info: mdframed detected package amsthm 
 changed the theorem header of amsthm
(mdframed)              on input line 668.
Package mdframed Info: mdframed detected package amsthm 
 changed the theorem header of amsthm
(mdframed)              on input line 670.
LaTeX Info: Redefining \. on input line 670.
LaTeX Info: Redefining \% on input line 670.
 [12]
LaTeX Info: Redefining \. on input line 725.
LaTeX Info: Redefining \% on input line 725.
 [13]
Package mdframed Info: mdframed works in twoside mode on input line 775.
Package mdframed Info: mdframed detected package amsthm 
 changed the theorem header of amsthm
(mdframed)              on input line 775.
Package mdframed Info: mdframed detected package amsthm 
 changed the theorem header of amsthm
(mdframed)              on input line 777.
LaTeX Info: Redefining \. on input line 781.
LaTeX Info: Redefining \% on input line 781.
 [14]
LaTeX Info: Redefining \. on input line 860.
LaTeX Info: Redefining \% on input line 860.
 [15]
Package mdframed Info: mdframed works in twoside mode on input line 871.
Package mdframed Info: mdframed detected package amsthm 
 changed the theorem header of amsthm
(mdframed)              on input line 871.
Package mdframed Info: mdframed detected package amsthm 
 changed the theorem header of amsthm
(mdframed)              on input line 874.
Package mdframed Info: mdframed works in twoside mode on input line 894.
Package mdframed Info: mdframed detected package amsthm 
 changed the theorem header of amsthm
(mdframed)              on input line 894.
Package mdframed Info: mdframed detected package amsthm 
 changed the theorem header of amsthm
(mdframed)              on input line 896.
Package mdframed Info: mdframed works in twoside mode on input line 904.
Package mdframed Info: mdframed detected package amsthm 
 changed the theorem header of amsthm
(mdframed)              on input line 904.
Package mdframed Info: mdframed detected package amsthm 
 changed the theorem header of amsthm
(mdframed)              on input line 907.
LaTeX Info: Redefining \. on input line 907.
LaTeX Info: Redefining \% on input line 907.
 [16]
LaTeX Info: Redefining \. on input line 984.
LaTeX Info: Redefining \% on input line 984.
 [17]
Package mdframed Info: mdframed works in twoside mode on input line 1005.
Package mdframed Info: mdframed detected package amsthm 
 changed the theorem header of amsthm
(mdframed)              on input line 1005.
Package mdframed Info: mdframed detected package amsthm 
 changed the theorem header of amsthm
(mdframed)              on input line 1008.
LaTeX Info: Redefining \. on input line 1071.
LaTeX Info: Redefining \% on input line 1071.
 [18]
Package mdframed Info: mdframed works in twoside mode on input line 1071.
Package mdframed Info: mdframed detected package amsthm 
 changed the theorem header of amsthm
(mdframed)              on input line 1071.
Package mdframed Info: mdframed detected package amsthm 
 changed the theorem header of amsthm
(mdframed)              on input line 1074.
LaTeX Info: Redefining \. on input line 1133.
LaTeX Info: Redefining \% on input line 1133.
 [19]
Package mdframed Info: mdframed works in twoside mode on input line 1141.
Package mdframed Info: mdframed detected package amsthm 
 changed the theorem header of amsthm
(mdframed)              on input line 1141.
Package mdframed Info: mdframed detected package amsthm 
 changed the theorem header of amsthm
(mdframed)              on input line 1147.
LaTeX Info: Redefining \. on input line 1192.
LaTeX Info: Redefining \% on input line 1192.
 [20]
Package mdframed Info: mdframed works in twoside mode on input line 1201.
Package mdframed Info: mdframed detected package amsthm 
 changed the theorem header of amsthm
(mdframed)              on input line 1201.
Package mdframed Info: mdframed detected package amsthm 
 changed the theorem header of amsthm
(mdframed)              on input line 1212.
Package mdframed Info: mdframed works in twoside mode on input line 1221.
Package mdframed Info: mdframed detected package amsthm 
 changed the theorem header of amsthm
(mdframed)              on input line 1221.
Package mdframed Info: mdframed detected package amsthm 
 changed the theorem header of amsthm
(mdframed)              on input line 1224.
Package mdframed Info: mdframed works in twoside mode on input line 1235.
Package mdframed Info: mdframed detected package amsthm 
 changed the theorem header of amsthm
(mdframed)              on input line 1235.
Package mdframed Info: mdframed detected package amsthm 
 changed the theorem header of amsthm
(mdframed)              on input line 1241.
LaTeX Info: Redefining \. on input line 1247.
LaTeX Info: Redefining \% on input line 1247.
 [21]
Package mdframed Info: mdframed works in twoside mode on input line 1327.
Package mdframed Info: mdframed detected package amsthm 
 changed the theorem header of amsthm
(mdframed)              on input line 1327.
Package mdframed Info: mdframed detected package amsthm 
 changed the theorem header of amsthm
(mdframed)              on input line 1330.
LaTeX Info: Redefining \. on input line 1330.
LaTeX Info: Redefining \% on input line 1330.
 [22]
Package mdframed Info: mdframed works in twoside mode on input line 1348.
Package mdframed Info: mdframed detected package amsthm 
 changed the theorem header of amsthm
(mdframed)              on input line 1348.
Package mdframed Info: mdframed detected package amsthm 
 changed the theorem header of amsthm
(mdframed)              on input line 1351.
Package mdframed Info: mdframed works in twoside mode on input line 1360.
Package mdframed Info: mdframed detected package amsthm 
 changed the theorem header of amsthm
(mdframed)              on input line 1360.
Package mdframed Info: mdframed detected package amsthm 
 changed the theorem header of amsthm
(mdframed)              on input line 1364.
Package mdframed Info: mdframed works in twoside mode on input line 1373.
Package mdframed Info: mdframed detected package amsthm 
 changed the theorem header of amsthm
(mdframed)              on input line 1373.
Package mdframed Info: mdframed detected package amsthm 
 changed the theorem header of amsthm
(mdframed)              on input line 1380.
LaTeX Info: Redefining \. on input line 1380.
LaTeX Info: Redefining \% on input line 1380.
 [23]
Package mdframed Info: mdframed works in twoside mode on input line 1419.
Package mdframed Info: mdframed detected package amsthm 
 changed the theorem header of amsthm
(mdframed)              on input line 1419.
Package mdframed Info: mdframed detected package amsthm 
 changed the theorem header of amsthm
(mdframed)              on input line 1425.
LaTeX Info: Redefining \. on input line 1425.
LaTeX Info: Redefining \% on input line 1425.
 [24]
Package mdframed Info: mdframed works in twoside mode on input line 1435.
Package mdframed Info: mdframed detected package amsthm 
 changed the theorem header of amsthm
(mdframed)              on input line 1435.
Package mdframed Info: mdframed detected package amsthm 
 changed the theorem header of amsthm
(mdframed)              on input line 1480.
LaTeX Info: Redefining \. on input line 1516.
LaTeX Info: Redefining \% on input line 1516.
 [25]
pdfTeX warning (ext4): destination with the same identifier (name{equation.1.1}) has been already used, duplicate ignored
<to be read again> 
                   \relax 
l.1550         \end{align}
                          
LaTeX Info: Redefining \. on input line 1560.
LaTeX Info: Redefining \% on input line 1560.
 [26]
LaTeX Info: Redefining \. on input line 1645.
LaTeX Info: Redefining \% on input line 1645.
 [27]
LaTeX Info: Redefining \. on input line 1712.
LaTeX Info: Redefining \% on input line 1712.
 [28]
LaTeX Info: Redefining \. on input line 1789.
LaTeX Info: Redefining \% on input line 1789.
 [29]
LaTeX Info: Redefining \. on input line 1789.
LaTeX Info: Redefining \% on input line 1789.
 [30]
LaTeX Info: Redefining \. on input line 1824.
LaTeX Info: Redefining \% on input line 1824.
 [31]
LaTeX Info: Redefining \. on input line 1824.
LaTeX Info: Redefining \% on input line 1824.
 [32

]
Cap\'{\i }tulo 2.

pdfTeX warning (ext4): destination with the same identifier (name{defn.1}) has been already used, duplicate ignored
<to be read again> 
                   \relax 
l.1854 ...\begin{definicion}[Vectores y escalares]
                                                  
Package mdframed Info: mdframed works in twoside mode on input line 1854.
Package mdframed Info: mdframed detected package amsthm 
 changed the theorem header of amsthm
(mdframed)              on input line 1854.
Package mdframed Info: mdframed detected package amsthm 
 changed the theorem header of amsthm
(mdframed)              on input line 1858.

pdfTeX warning (ext4): destination with the same identifier (name{ejemplo.1}) has been already used, duplicate ignored
<to be read again> 
                   \relax 
l.1860     \begin{ejemplo}
                           [33]
pdfTeX warning (ext4): destination with the same identifier (name{prop.1}) has been already used, duplicate ignored
<to be read again> 
                   \relax 
l.1878     \label
                 {prop:12}
Package mdframed Info: mdframed works in twoside mode on input line 1878.
Package mdframed Info: mdframed detected package amsthm 
 changed the theorem header of amsthm
(mdframed)              on input line 1878.
Package mdframed Info: mdframed detected package amsthm 
 changed the theorem header of amsthm
(mdframed)              on input line 1880.

pdfTeX warning (ext4): destination with the same identifier (name{prop.2}) has been already used, duplicate ignored
<to be read again> 
                   \relax 
l.1897     \label
                 {prop:13}
Package mdframed Info: mdframed works in twoside mode on input line 1897.
Package mdframed Info: mdframed detected package amsthm 
 changed the theorem header of amsthm
(mdframed)              on input line 1897.
Package mdframed Info: mdframed detected package amsthm 
 changed the theorem header of amsthm
(mdframed)              on input line 1906.
LaTeX Info: Redefining \. on input line 1908.
LaTeX Info: Redefining \% on input line 1908.
 [34]
pdfTeX warning (ext4): destination with the same identifier (name{defn.2}) has been already used, duplicate ignored
<to be read again> 
                   \relax 
l.1911 ...\begin{definicion}[Subespacio vectorial]
                                                  
Package mdframed Info: mdframed works in twoside mode on input line 1911.
Package mdframed Info: mdframed detected package amsthm 
 changed the theorem header of amsthm
(mdframed)              on input line 1911.
Package mdframed Info: mdframed detected package amsthm 
 changed the theorem header of amsthm
(mdframed)              on input line 1925.

pdfTeX warning (ext4): destination with the same identifier (name{ejemplo.2}) has been already used, duplicate ignored
<to be read again> 
                   \relax 
l.1935     \begin{ejemplo}
                          
pdfTeX warning (ext4): destination with the same identifier (name{prop.3}) has been already used, duplicate ignored
<to be read again> 
                   \relax 
l.1941     \label
                 {prop:14}
Package mdframed Info: mdframed works in twoside mode on input line 1941.
Package mdframed Info: mdframed detected package amsthm 
 changed the theorem header of amsthm
(mdframed)              on input line 1941.
Package mdframed Info: mdframed detected package amsthm 
 changed the theorem header of amsthm
(mdframed)              on input line 1945.

pdfTeX warning (ext4): destination with the same identifier (name{prop.4}) has been already used, duplicate ignored
<to be read again> 
                   \relax 
l.1950     \label
                 {prop:15}
Package mdframed Info: mdframed works in twoside mode on input line 1950.
Package mdframed Info: mdframed detected package amsthm 
 changed the theorem header of amsthm
(mdframed)              on input line 1950.
Package mdframed Info: mdframed detected package amsthm 
 changed the theorem header of amsthm
(mdframed)              on input line 1957.
LaTeX Info: Redefining \. on input line 1963.
LaTeX Info: Redefining \% on input line 1963.
 [35]
pdfTeX warning (ext4): destination with the same identifier (name{ejemplo.3}) has been already used, duplicate ignored
<to be read again> 
                   \relax 
l.1972     \begin{ejemplo}
                          
pdfTeX warning (ext4): destination with the same identifier (name{defn.3}) has been already used, duplicate ignored
<to be read again> 
                   \relax 
l.1978 ...finicion}[Subespacio vectorial generado]
                                                  
Package mdframed Info: mdframed works in twoside mode on input line 1978.
Package mdframed Info: mdframed detected package amsthm 
 changed the theorem header of amsthm
(mdframed)              on input line 1978.
Package mdframed Info: mdframed detected package amsthm 
 changed the theorem header of amsthm
(mdframed)              on input line 1985.

pdfTeX warning (ext4): destination with the same identifier (name{prop.5}) has been already used, duplicate ignored
<to be read again> 
                   \relax 
l.1997     \label
                 {prop:16}
Package mdframed Info: mdframed works in twoside mode on input line 1997.
Package mdframed Info: mdframed detected package amsthm 
 changed the theorem header of amsthm
(mdframed)              on input line 1997.
Package mdframed Info: mdframed detected package amsthm 
 changed the theorem header of amsthm
(mdframed)              on input line 2002.
LaTeX Info: Redefining \. on input line 2014.
LaTeX Info: Redefining \% on input line 2014.
 [36]
pdfTeX warning (ext4): destination with the same identifier (name{lema.1}) has been already used, duplicate ignored
<to be read again> 
                   \relax 
l.2019     \label
                 {lema:2}
Package mdframed Info: mdframed works in twoside mode on input line 2019.
Package mdframed Info: mdframed detected package amsthm 
 changed the theorem header of amsthm
(mdframed)              on input line 2019.
Package mdframed Info: mdframed detected package amsthm 
 changed the theorem header of amsthm
(mdframed)              on input line 2025.

pdfTeX warning (ext4): destination with the same identifier (name{defn.4}) has been already used, duplicate ignored
<to be read again> 
                   \relax 
l.2027     \begin{definicion}[Dependencia Lineal]
                                                 
Package mdframed Info: mdframed works in twoside mode on input line 2027.
Package mdframed Info: mdframed detected package amsthm 
 changed the theorem header of amsthm
(mdframed)              on input line 2027.
Package mdframed Info: mdframed detected package amsthm 
 changed the theorem header of amsthm
(mdframed)              on input line 2035.

pdfTeX warning (ext4): destination with the same identifier (name{defn.5}) has been already used, duplicate ignored
<to be read again> 
                   \relax 
l.2056 ...[Espacio vectorial de dimensión finita]
                                                  
Package mdframed Info: mdframed works in twoside mode on input line 2056.
Package mdframed Info: mdframed detected package amsthm 
 changed the theorem header of amsthm
(mdframed)              on input line 2056.
Package mdframed Info: mdframed detected package amsthm 
 changed the theorem header of amsthm
(mdframed)              on input line 2063.
LaTeX Info: Redefining \. on input line 2063.
LaTeX Info: Redefining \% on input line 2063.
 [37]
pdfTeX warning (ext4): destination with the same identifier (name{ejemplo.4}) has been already used, duplicate ignored
<to be read again> 
                   \relax 
l.2065     \begin{ejemplo}
                          
pdfTeX warning (ext4): destination with the same identifier (name{teor.1}) has been already used, duplicate ignored
<to be read again> 
                   \relax 
l.2076     \label
                 {teo:5}
Package mdframed Info: mdframed works in twoside mode on input line 2076.
Package mdframed Info: mdframed detected package amsthm 
 changed the theorem header of amsthm
(mdframed)              on input line 2076.
Package mdframed Info: mdframed detected package amsthm 
 changed the theorem header of amsthm
(mdframed)              on input line 2080.

pdfTeX warning (ext4): destination with the same identifier (name{coro.1}) has been already used, duplicate ignored
<to be read again> 
                   \relax 
l.2106     \label
                 {coro:4}
Package mdframed Info: mdframed works in twoside mode on input line 2106.
Package mdframed Info: mdframed detected package amsthm 
 changed the theorem header of amsthm
(mdframed)              on input line 2106.
Package mdframed Info: mdframed detected package amsthm 
 changed the theorem header of amsthm
(mdframed)              on input line 2113.
LaTeX Info: Redefining \. on input line 2113.
LaTeX Info: Redefining \% on input line 2113.
 [38]
pdfTeX warning (ext4): destination with the same identifier (name{defn.6}) has been already used, duplicate ignored
<to be read again> 
                   \relax 
l.2122     \begin{definicion}[Base y dimensión]
                                                
Package mdframed Info: mdframed works in twoside mode on input line 2122.
Package mdframed Info: mdframed detected package amsthm 
 changed the theorem header of amsthm
(mdframed)              on input line 2122.
Package mdframed Info: mdframed detected package amsthm 
 changed the theorem header of amsthm
(mdframed)              on input line 2131.

pdfTeX warning (ext4): destination with the same identifier (name{ejemplo.5}) has been already used, duplicate ignored
<to be read again> 
                   \relax 
l.2133     \begin{ejemplo}
                          
Package mdframed Info: mdframed works in twoside mode on input line 2139.
Package mdframed Info: mdframed detected package amsthm 
 changed the theorem header of amsthm
(mdframed)              on input line 2139.
Package mdframed Info: mdframed detected package amsthm 
 changed the theorem header of amsthm
(mdframed)              on input line 2142.
Package mdframed Info: mdframed works in twoside mode on input line 2166.
Package mdframed Info: mdframed detected package amsthm 
 changed the theorem header of amsthm
(mdframed)              on input line 2166.
Package mdframed Info: mdframed detected package amsthm 
 changed the theorem header of amsthm
(mdframed)              on input line 2172.
LaTeX Info: Redefining \. on input line 2172.
LaTeX Info: Redefining \% on input line 2172.
 [39]
LaTeX Info: Redefining \. on input line 2217.
LaTeX Info: Redefining \% on input line 2217.
 [40]
pdfTeX warning (ext4): destination with the same identifier (name{prop.6}) has been already used, duplicate ignored
<to be read again> 
                   \relax 
l.2221     \label
                 {prop:17}
Package mdframed Info: mdframed works in twoside mode on input line 2221.
Package mdframed Info: mdframed detected package amsthm 
 changed the theorem header of amsthm
(mdframed)              on input line 2221.
Package mdframed Info: mdframed detected package amsthm 
 changed the theorem header of amsthm
(mdframed)              on input line 2224.

pdfTeX warning (ext4): destination with the same identifier (name{prop.7}) has been already used, duplicate ignored
<to be read again> 
                   \relax 
l.2257     \label
                 {prop:18}
Package mdframed Info: mdframed works in twoside mode on input line 2257.
Package mdframed Info: mdframed detected package amsthm 
 changed the theorem header of amsthm
(mdframed)              on input line 2257.
Package mdframed Info: mdframed detected package amsthm 
 changed the theorem header of amsthm
(mdframed)              on input line 2260.
Package mdframed Info: mdframed works in twoside mode on input line 2268.
Package mdframed Info: mdframed detected package amsthm 
 changed the theorem header of amsthm
(mdframed)              on input line 2268.
Package mdframed Info: mdframed detected package amsthm 
 changed the theorem header of amsthm
(mdframed)              on input line 2271.

pdfTeX warning (ext4): destination with the same identifier (name{prop.8}) has been already used, duplicate ignored
<to be read again> 
                   \relax 
l.2274     \label
                 {prop:19}
Package mdframed Info: mdframed works in twoside mode on input line 2274.
Package mdframed Info: mdframed detected package amsthm 
 changed the theorem header of amsthm
(mdframed)              on input line 2274.
Package mdframed Info: mdframed detected package amsthm 
 changed the theorem header of amsthm
(mdframed)              on input line 2277.
LaTeX Info: Redefining \. on input line 2277.
LaTeX Info: Redefining \% on input line 2277.
 [41]
pdfTeX warning (ext4): destination with the same identifier (name{prop.9}) has been already used, duplicate ignored
<to be read again> 
                   \relax 
l.2287     \label
                 {prop:20}
Package mdframed Info: mdframed works in twoside mode on input line 2287.
Package mdframed Info: mdframed detected package amsthm 
 changed the theorem header of amsthm
(mdframed)              on input line 2287.
Package mdframed Info: mdframed detected package amsthm 
 changed the theorem header of amsthm
(mdframed)              on input line 2294.

pdfTeX warning (ext4): destination with the same identifier (name{prop.10}) has been already used, duplicate ignored
<to be read again> 
                   \relax 
l.2318     \label
                 {prop:21}
Package mdframed Info: mdframed works in twoside mode on input line 2318.
Package mdframed Info: mdframed detected package amsthm 
 changed the theorem header of amsthm
(mdframed)              on input line 2318.
Package mdframed Info: mdframed detected package amsthm 
 changed the theorem header of amsthm
(mdframed)              on input line 2322.
LaTeX Info: Redefining \. on input line 2334.
LaTeX Info: Redefining \% on input line 2334.
 [42]
pdfTeX warning (ext4): destination with the same identifier (name{defn.7}) has been already used, duplicate ignored
<to be read again> 
                   \relax 
l.2356     \begin{definicion}[Base ordenada]
                                            
Package mdframed Info: mdframed works in twoside mode on input line 2356.
Package mdframed Info: mdframed detected package amsthm 
 changed the theorem header of amsthm
(mdframed)              on input line 2356.
Package mdframed Info: mdframed detected package amsthm 
 changed the theorem header of amsthm
(mdframed)              on input line 2365.

pdfTeX warning (ext4): destination with the same identifier (name{defn.8}) has been already used, duplicate ignored
<to be read again> 
                   \relax 
l.2367 ...begin{definicion}[Vector de coordenadas]
                                                  
Package mdframed Info: mdframed works in twoside mode on input line 2367.
Package mdframed Info: mdframed detected package amsthm 
 changed the theorem header of amsthm
(mdframed)              on input line 2367.
Package mdframed Info: mdframed detected package amsthm 
 changed the theorem header of amsthm
(mdframed)              on input line 2380.
LaTeX Info: Redefining \. on input line 2380.
LaTeX Info: Redefining \% on input line 2380.
 [43]
pdfTeX warning (ext4): destination with the same identifier (name{ejemplo.6}) has been already used, duplicate ignored
<to be read again> 
                   \relax 
l.2387     \begin{ejemplo}
                          
pdfTeX warning (ext4): destination with the same identifier (name{prop.11}) has been already used, duplicate ignored
<to be read again> 
                   \relax 
l.2397     \label
                 {prop:22}
Package mdframed Info: mdframed works in twoside mode on input line 2397.
Package mdframed Info: mdframed detected package amsthm 
 changed the theorem header of amsthm
(mdframed)              on input line 2397.
Package mdframed Info: mdframed detected package amsthm 
 changed the theorem header of amsthm
(mdframed)              on input line 2399.

pdfTeX warning (ext4): destination with the same identifier (name{defn.9}) has been already used, duplicate ignored
<to be read again> 
                   \relax 
l.2413 ...in{definicion}[Matriz de cambio de base]
                                                  
Package mdframed Info: mdframed works in twoside mode on input line 2413.
Package mdframed Info: mdframed detected package amsthm 
 changed the theorem header of amsthm
(mdframed)              on input line 2413.
Package mdframed Info: mdframed detected package amsthm 
 changed the theorem header of amsthm
(mdframed)              on input line 2424.
LaTeX Info: Redefining \. on input line 2424.
LaTeX Info: Redefining \% on input line 2424.
 [44]
<figuras/diagrama-cambio-base-triangulo.pdf, id=518, 104.00858pt x 68.10143pt>
File: figuras/diagrama-cambio-base-triangulo.pdf Graphic file (type pdf)
<use figuras/diagrama-cambio-base-triangulo.pdf>
Package pdftex.def Info: figuras/diagrama-cambio-base-triangulo.pdf  used on input line 2430.
(pdftex.def)             Requested size: 204.85672pt x 134.14397pt.
<figuras/diagrama-cambio-base-ejemplo.pdf, id=519, 141.43037pt x 70.77943pt>
File: figuras/diagrama-cambio-base-ejemplo.pdf Graphic file (type pdf)
<use figuras/diagrama-cambio-base-ejemplo.pdf>
Package pdftex.def Info: figuras/diagrama-cambio-base-ejemplo.pdf  used on input line 2440.
(pdftex.def)             Requested size: 204.85672pt x 102.52708pt.
Package mdframed Info: mdframed works in twoside mode on input line 2457.
Package mdframed Info: mdframed detected package amsthm 
 changed the theorem header of amsthm
(mdframed)              on input line 2457.
Package mdframed Info: mdframed detected package amsthm 
 changed the theorem header of amsthm
(mdframed)              on input line 2459.
LaTeX Info: Redefining \. on input line 2476.
LaTeX Info: Redefining \% on input line 2476.
 [45 <./figuras/diagrama-cambio-base-triangulo.pdf> <./figuras/diagrama-cambio-base-ejemplo.pdf>]
Package mdframed Info: mdframed works in twoside mode on input line 2491.
Package mdframed Info: mdframed detected package amsthm 
 changed the theorem header of amsthm
(mdframed)              on input line 2491.
Package mdframed Info: mdframed detected package amsthm 
 changed the theorem header of amsthm
(mdframed)              on input line 2498.
LaTeX Info: Redefining \. on input line 2523.
LaTeX Info: Redefining \% on input line 2523.
 [46]
pdfTeX warning (ext4): destination with the same identifier (name{ejercicio.1}) has been already used, duplicate ignored
<to be read again> 
                   \relax 
l.2523     \begin{ejercicio}
                            
pdfTeX warning (ext4): destination with the same identifier (name{ejercicio.2}) has been already used, duplicate ignored
<to be read again> 
                   \relax 
l.2532     \begin{ejercicio}
                            
pdfTeX warning (ext4): destination with the same identifier (name{ejercicio.3}) has been already used, duplicate ignored
<to be read again> 
                   \relax 
l.2545     \begin{ejercicio}
                            
pdfTeX warning (ext4): destination with the same identifier (name{ejercicio.4}) has been already used, duplicate ignored
<to be read again> 
                   \relax 
l.2555     \begin{ejercicio}
                            
pdfTeX warning (ext4): destination with the same identifier (name{ejercicio.5}) has been already used, duplicate ignored
<to be read again> 
                   \relax 
l.2559     \begin{ejercicio}
                            
pdfTeX warning (ext4): destination with the same identifier (name{ejercicio.6}) has been already used, duplicate ignored
<to be read again> 
                   \relax 
l.2563     \begin{ejercicio}
                            
pdfTeX warning (ext4): destination with the same identifier (name{ejercicio.7}) has been already used, duplicate ignored
<to be read again> 
                   \relax 
l.2571     \begin{ejercicio}
                            
LaTeX Info: Redefining \. on input line 2576.
LaTeX Info: Redefining \% on input line 2576.
 [47]
pdfTeX warning (ext4): destination with the same identifier (name{ejercicio.8}) has been already used, duplicate ignored
<to be read again> 
                   \relax 
l.2581     \begin{ejercicio}
                            
pdfTeX warning (ext4): destination with the same identifier (name{ejercicio.9}) has been already used, duplicate ignored
<to be read again> 
                   \relax 
l.2585     \begin{ejercicio}
                            
pdfTeX warning (ext4): destination with the same identifier (name{ejercicio.10}) has been already used, duplicate ignored
<to be read again> 
                   \relax 
l.2589     \begin{ejercicio}
                            
pdfTeX warning (ext4): destination with the same identifier (name{ejercicio.11}) has been already used, duplicate ignored
<to be read again> 
                   \relax 
l.2593     \begin{ejercicio}
                            
pdfTeX warning (ext4): destination with the same identifier (name{ejercicio.12}) has been already used, duplicate ignored
<to be read again> 
                   \relax 
l.2597     \begin{ejercicio}
                            
pdfTeX warning (ext4): destination with the same identifier (name{ejercicio.13}) has been already used, duplicate ignored
<to be read again> 
                   \relax 
l.2606     \begin{ejercicio}
                            
pdfTeX warning (ext4): destination with the same identifier (name{ejercicio.14}) has been already used, duplicate ignored
<to be read again> 
                   \relax 
l.2613     \begin{ejercicio}
                            
LaTeX Info: Redefining \. on input line 2623.
LaTeX Info: Redefining \% on input line 2623.
 [48]
pdfTeX warning (ext4): destination with the same identifier (name{ejercicio.15}) has been already used, duplicate ignored
<to be read again> 
                   \relax 
l.2623     \begin{ejercicio}
                            
pdfTeX warning (ext4): destination with the same identifier (name{ejercicio.16}) has been already used, duplicate ignored
<to be read again> 
                   \relax 
l.2627     \begin{ejercicio}
                            
pdfTeX warning (ext4): destination with the same identifier (name{ejercicio.17}) has been already used, duplicate ignored
<to be read again> 
                   \relax 
l.2631     \begin{ejercicio}
                            
pdfTeX warning (ext4): destination with the same identifier (name{ejercicio.18}) has been already used, duplicate ignored
<to be read again> 
                   \relax 
l.2635     \begin{ejercicio}
                            
pdfTeX warning (ext4): destination with the same identifier (name{ejercicio.19}) has been already used, duplicate ignored
<to be read again> 
                   \relax 
l.2642     \begin{ejercicio}
                            
pdfTeX warning (ext4): destination with the same identifier (name{ejercicio.20}) has been already used, duplicate ignored
<to be read again> 
                   \relax 
l.2646     \begin{ejercicio}
                            
pdfTeX warning (ext4): destination with the same identifier (name{ejercicio.21}) has been already used, duplicate ignored
<to be read again> 
                   \relax 
l.2650     \begin{ejercicio}
                            
pdfTeX warning (ext4): destination with the same identifier (name{ejercicio.22}) has been already used, duplicate ignored
<to be read again> 
                   \relax 
l.2654     \begin{ejercicio}
                            
pdfTeX warning (ext4): destination with the same identifier (name{ejercicio.23}) has been already used, duplicate ignored
<to be read again> 
                   \relax 
l.2658     \begin{ejercicio}
                            
pdfTeX warning (ext4): destination with the same identifier (name{ejercicio.24}) has been already used, duplicate ignored
<to be read again> 
                   \relax 
l.2669     \begin{ejercicio}
                            
LaTeX Info: Redefining \. on input line 2676.
LaTeX Info: Redefining \% on input line 2676.
 [49]
pdfTeX warning (ext4): destination with the same identifier (name{ejercicio.25}) has been already used, duplicate ignored
<to be read again> 
                   \relax 
l.2676     \begin{ejercicio}
                            
pdfTeX warning (ext4): destination with the same identifier (name{ejercicio.26}) has been already used, duplicate ignored
<to be read again> 
                   \relax 
l.2681     \begin{ejercicio}
                            
LaTeX Info: Redefining \. on input line 2689.
LaTeX Info: Redefining \% on input line 2689.
 [50]
Cap\'{\i }tulo 3.

pdfTeX warning (ext4): destination with the same identifier (name{defn.1}) has been already used, duplicate ignored
<to be read again> 
                   \relax 
l.2694 ...egin{definicion}[Transformación Lineal]
                                                  
Package mdframed Info: mdframed works in twoside mode on input line 2694.
Package mdframed Info: mdframed detected package amsthm 
 changed the theorem header of amsthm
(mdframed)              on input line 2694.
Package mdframed Info: mdframed detected package amsthm 
 changed the theorem header of amsthm
(mdframed)              on input line 2702.

pdfTeX warning (ext4): destination with the same identifier (name{ejemplo.1}) has been already used, duplicate ignored
<to be read again> 
                   \relax 
l.2711     \begin{ejemplo}
                          
pdfTeX warning (ext4): destination with the same identifier (name{ejemplo.2}) has been already used, duplicate ignored
<to be read again> 
                   \relax 
l.2735     \begin{ejemplo}
                           [51

]
pdfTeX warning (ext4): destination with the same identifier (name{ejemplo.3}) has been already used, duplicate ignored
<to be read again> 
                   \relax 
l.2752     \begin{ejemplo}
                          
pdfTeX warning (ext4): destination with the same identifier (name{prop.1}) has been already used, duplicate ignored
<to be read again> 
                   \relax 
l.2767     \label
                 {prop:25}
Package mdframed Info: mdframed works in twoside mode on input line 2767.
Package mdframed Info: mdframed detected package amsthm 
 changed the theorem header of amsthm
(mdframed)              on input line 2767.
Package mdframed Info: mdframed detected package amsthm 
 changed the theorem header of amsthm
(mdframed)              on input line 2770.

pdfTeX warning (ext4): destination with the same identifier (name{ejemplo.4}) has been already used, duplicate ignored
<to be read again> 
                   \relax 
l.2781     \begin{ejemplo}
                          
pdfTeX warning (ext4): destination with the same identifier (name{defn.2}) has been already used, duplicate ignored
<to be read again> 
                   \relax 
l.2799     \begin{definicion}[Kernel e Imagen]
                                              
Package mdframed Info: mdframed works in twoside mode on input line 2799.
Package mdframed Info: mdframed detected package amsthm 
 changed the theorem header of amsthm
(mdframed)              on input line 2799.
Package mdframed Info: mdframed detected package amsthm 
 changed the theorem header of amsthm
(mdframed)              on input line 2809.
LaTeX Info: Redefining \. on input line 2809.
LaTeX Info: Redefining \% on input line 2809.
 [52]
pdfTeX warning (ext4): destination with the same identifier (name{prop.2}) has been already used, duplicate ignored
<to be read again> 
                   \relax 
l.2812     \label
                 {prop:26}
Package mdframed Info: mdframed works in twoside mode on input line 2812.
Package mdframed Info: mdframed detected package amsthm 
 changed the theorem header of amsthm
(mdframed)              on input line 2812.
Package mdframed Info: mdframed detected package amsthm 
 changed the theorem header of amsthm
(mdframed)              on input line 2814.

pdfTeX warning (ext4): destination with the same identifier (name{defn.3}) has been already used, duplicate ignored
<to be read again> 
                   \relax 
l.2829     \begin{definicion}[Nulidad]
                                      
Package mdframed Info: mdframed works in twoside mode on input line 2829.
Package mdframed Info: mdframed detected package amsthm 
 changed the theorem header of amsthm
(mdframed)              on input line 2829.
Package mdframed Info: mdframed detected package amsthm 
 changed the theorem header of amsthm
(mdframed)              on input line 2835.

pdfTeX warning (ext4): destination with the same identifier (name{ejemplo.5}) has been already used, duplicate ignored
<to be read again> 
                   \relax 
l.2837     \begin{ejemplo}
                          
LaTeX Info: Redefining \. on input line 2848.
LaTeX Info: Redefining \% on input line 2848.
 [53]
pdfTeX warning (ext4): destination with the same identifier (name{defn.4}) has been already used, duplicate ignored
<to be read again> 
                   \relax 
l.2851     \begin{definicion}[Rango]
                                    
Package mdframed Info: mdframed works in twoside mode on input line 2851.
Package mdframed Info: mdframed detected package amsthm 
 changed the theorem header of amsthm
(mdframed)              on input line 2851.
Package mdframed Info: mdframed detected package amsthm 
 changed the theorem header of amsthm
(mdframed)              on input line 2857.

pdfTeX warning (ext4): destination with the same identifier (name{ejemplo.6}) has been already used, duplicate ignored
<to be read again> 
                   \relax 
l.2859     \begin{ejemplo}
                          
pdfTeX warning (ext4): destination with the same identifier (name{teor.1}) has been already used, duplicate ignored
<to be read again> 
                   \relax 
l.2867     \begin{teorema}[Rango-Nulidad]
                                         
Package mdframed Info: mdframed works in twoside mode on input line 2867.
Package mdframed Info: mdframed detected package amsthm 
 changed the theorem header of amsthm
(mdframed)              on input line 2867.
Package mdframed Info: mdframed detected package amsthm 
 changed the theorem header of amsthm
(mdframed)              on input line 2873.
LaTeX Info: Redefining \. on input line 2890.
LaTeX Info: Redefining \% on input line 2890.
 [54]
pdfTeX warning (ext4): destination with the same identifier (name{ejemplo.7}) has been already used, duplicate ignored
<to be read again> 
                   \relax 
l.2897     \begin{ejemplo}
                          
pdfTeX warning (ext4): destination with the same identifier (name{ejemplo.8}) has been already used, duplicate ignored
<to be read again> 
                   \relax 
l.2924     \begin{ejemplo}
                          
LaTeX Info: Redefining \. on input line 2955.
LaTeX Info: Redefining \% on input line 2955.
 [55]
pdfTeX warning (ext4): destination with the same identifier (name{prop.3}) has been already used, duplicate ignored
<to be read again> 
                   \relax 
l.2964     \label
                 {prop:27}
Package mdframed Info: mdframed works in twoside mode on input line 2964.
Package mdframed Info: mdframed detected package amsthm 
 changed the theorem header of amsthm
(mdframed)              on input line 2964.
Package mdframed Info: mdframed detected package amsthm 
 changed the theorem header of amsthm
(mdframed)              on input line 2966.

pdfTeX warning (ext4): destination with the same identifier (name{coro.1}) has been already used, duplicate ignored
<to be read again> 
                   \relax 
l.2977     \label
                 {coro:5}
Package mdframed Info: mdframed works in twoside mode on input line 2977.
Package mdframed Info: mdframed detected package amsthm 
 changed the theorem header of amsthm
(mdframed)              on input line 2977.
Package mdframed Info: mdframed detected package amsthm 
 changed the theorem header of amsthm
(mdframed)              on input line 2984.
LaTeX Info: Redefining \. on input line 2996.
LaTeX Info: Redefining \% on input line 2996.
 [56]
pdfTeX warning (ext4): destination with the same identifier (name{ejemplo.9}) has been already used, duplicate ignored
<to be read again> 
                   \relax 
l.3001     \begin{ejemplo}
                          
pdfTeX warning (ext4): destination with the same identifier (name{prop.4}) has been already used, duplicate ignored
<to be read again> 
                   \relax 
l.3032     \label
                 {prop:28}
Package mdframed Info: mdframed works in twoside mode on input line 3032.
Package mdframed Info: mdframed detected package amsthm 
 changed the theorem header of amsthm
(mdframed)              on input line 3032.
Package mdframed Info: mdframed detected package amsthm 
 changed the theorem header of amsthm
(mdframed)              on input line 3038.

pdfTeX warning (ext4): destination with the same identifier (name{defn.5}) has been already used, duplicate ignored
<to be read again> 
                   \relax 
l.3058     \begin{definicion}[Isomorfismo Lineal]
                                                 
Package mdframed Info: mdframed works in twoside mode on input line 3058.
Package mdframed Info: mdframed detected package amsthm 
 changed the theorem header of amsthm
(mdframed)              on input line 3058.
Package mdframed Info: mdframed detected package amsthm 
 changed the theorem header of amsthm
(mdframed)              on input line 3062.

pdfTeX warning (ext4): destination with the same identifier (name{prop.5}) has been already used, duplicate ignored
<to be read again> 
                   \relax 
l.3065     \label
                 {prop:29}
Package mdframed Info: mdframed works in twoside mode on input line 3065.
Package mdframed Info: mdframed detected package amsthm 
 changed the theorem header of amsthm
(mdframed)              on input line 3065.
Package mdframed Info: mdframed detected package amsthm 
 changed the theorem header of amsthm
(mdframed)              on input line 3067.
LaTeX Info: Redefining \. on input line 3067.
LaTeX Info: Redefining \% on input line 3067.
 [57]
pdfTeX warning (ext4): destination with the same identifier (name{teor.2}) has been already used, duplicate ignored
<to be read again> 
                   \relax 
l.3086     \label
                 {teo:7}
Package mdframed Info: mdframed works in twoside mode on input line 3086.
Package mdframed Info: mdframed detected package amsthm 
 changed the theorem header of amsthm
(mdframed)              on input line 3086.
Package mdframed Info: mdframed detected package amsthm 
 changed the theorem header of amsthm
(mdframed)              on input line 3088.

pdfTeX warning (ext4): destination with the same identifier (name{prop.6}) has been already used, duplicate ignored
<to be read again> 
                   \relax 
l.3100     \label
                 {prop:30}
Package mdframed Info: mdframed works in twoside mode on input line 3100.
Package mdframed Info: mdframed detected package amsthm 
 changed the theorem header of amsthm
(mdframed)              on input line 3100.
Package mdframed Info: mdframed detected package amsthm 
 changed the theorem header of amsthm
(mdframed)              on input line 3106.

pdfTeX warning (ext4): destination with the same identifier (name{prop.7}) has been already used, duplicate ignored
<to be read again> 
                   \relax 
l.3109     \label
                 {prop:31}
Package mdframed Info: mdframed works in twoside mode on input line 3109.
Package mdframed Info: mdframed detected package amsthm 
 changed the theorem header of amsthm
(mdframed)              on input line 3109.
Package mdframed Info: mdframed detected package amsthm 
 changed the theorem header of amsthm
(mdframed)              on input line 3114.
LaTeX Info: Redefining \. on input line 3114.
LaTeX Info: Redefining \% on input line 3114.
 [58]
LaTeX Info: Redefining \. on input line 3161.
LaTeX Info: Redefining \% on input line 3161.
 [59]
pdfTeX warning (ext4): destination with the same identifier (name{ejemplo.10}) has been already used, duplicate ignored
<to be read again> 
                   \relax 
l.3163     \begin{ejemplo}
                          
pdfTeX warning (ext4): destination with the same identifier (name{ejemplo.11}) has been already used, duplicate ignored
<to be read again> 
                   \relax 
l.3174     \begin{ejemplo}
                          
<figuras/diagrama-representacion-A.pdf, id=663, 102.4658pt x 64.73083pt>
File: figuras/diagrama-representacion-A.pdf Graphic file (type pdf)
<use figuras/diagrama-representacion-A.pdf>
Package pdftex.def Info: figuras/diagrama-representacion-A.pdf  used on input line 3180.
(pdftex.def)             Requested size: 204.85672pt x 129.42969pt.
LaTeX Info: Redefining \. on input line 3209.
LaTeX Info: Redefining \% on input line 3209.
 [60 <./figuras/diagrama-representacion-A.pdf>]
File: figuras/diagrama-representacion-A.pdf Graphic file (type pdf)
<use figuras/diagrama-representacion-A.pdf>
Package pdftex.def Info: figuras/diagrama-representacion-A.pdf  used on input line 3249.
(pdftex.def)             Requested size: 204.85672pt x 129.42969pt.
LaTeX Info: Redefining \. on input line 3250.
LaTeX Info: Redefining \% on input line 3250.
 [61]
pdfTeX warning (ext4): destination with the same identifier (name{defn.6}) has been already used, duplicate ignored
<to be read again> 
                   \relax 
l.3252 ...n{definicion}[Representación matricial]
                                                  
Package mdframed Info: mdframed works in twoside mode on input line 3252.
Package mdframed Info: mdframed detected package amsthm 
 changed the theorem header of amsthm
(mdframed)              on input line 3252.
Package mdframed Info: mdframed detected package amsthm 
 changed the theorem header of amsthm
(mdframed)              on input line 3259.

pdfTeX warning (ext4): destination with the same identifier (name{ejemplo.12}) has been already used, duplicate ignored
<to be read again> 
                   \relax 
l.3261     \begin{ejemplo}
                          
pdfTeX warning (ext4): destination with the same identifier (name{ejemplo.13}) has been already used, duplicate ignored
<to be read again> 
                   \relax 
l.3275     \begin{ejemplo}
                          
LaTeX Info: Redefining \. on input line 3287.
LaTeX Info: Redefining \% on input line 3287.
 [62]
LaTeX Info: Redefining \. on input line 3330.
LaTeX Info: Redefining \% on input line 3330.
 [63]
LaTeX Info: Redefining \. on input line 3371.
LaTeX Info: Redefining \% on input line 3371.
 [64]
<figuras/diagrama-representacion-T.pdf, id=707, 102.4658pt x 67.89766pt>
File: figuras/diagrama-representacion-T.pdf Graphic file (type pdf)
<use figuras/diagrama-representacion-T.pdf>
Package pdftex.def Info: figuras/diagrama-representacion-T.pdf  used on input line 3380.
(pdftex.def)             Requested size: 204.85672pt x 135.76183pt.

pdfTeX warning (ext4): destination with the same identifier (name{prop.8}) has been already used, duplicate ignored
<to be read again> 
                   \relax 
l.3389     \label
                 {prop:32}
Package mdframed Info: mdframed works in twoside mode on input line 3389.
Package mdframed Info: mdframed detected package amsthm 
 changed the theorem header of amsthm
(mdframed)              on input line 3389.
Package mdframed Info: mdframed detected package amsthm 
 changed the theorem header of amsthm
(mdframed)              on input line 3394.

pdfTeX warning (ext4): destination with the same identifier (name{teor.3}) has been already used, duplicate ignored
<to be read again> 
                   \relax 
l.3413     \label
                 {teo:8}
LaTeX Info: Redefining \. on input line 3413.
LaTeX Info: Redefining \% on input line 3413.
 [65 <./figuras/diagrama-representacion-T.pdf>]
Package mdframed Info: mdframed works in twoside mode on input line 3413.
Package mdframed Info: mdframed detected package amsthm 
 changed the theorem header of amsthm
(mdframed)              on input line 3413.
Package mdframed Info: mdframed detected package amsthm 
 changed the theorem header of amsthm
(mdframed)              on input line 3419.
<figuras/diagrama-cambio-base-Q.pdf, id=736, 94.41473pt x 68.79602pt>
File: figuras/diagrama-cambio-base-Q.pdf Graphic file (type pdf)
<use figuras/diagrama-cambio-base-Q.pdf>
Package pdftex.def Info: figuras/diagrama-cambio-base-Q.pdf  used on input line 3447.
(pdftex.def)             Requested size: 204.85672pt x 149.28264pt.

pdfTeX warning (ext4): destination with the same identifier (name{defn.7}) has been already used, duplicate ignored
<to be read again> 
                   \relax 
l.3450     \begin{definicion}[Matrices conjugadas]
                                                  
Package mdframed Info: mdframed works in twoside mode on input line 3450.
Package mdframed Info: mdframed detected package amsthm 
 changed the theorem header of amsthm
(mdframed)              on input line 3450.
Package mdframed Info: mdframed detected package amsthm 
 changed the theorem header of amsthm
(mdframed)              on input line 3456.
LaTeX Info: Redefining \. on input line 3456.
LaTeX Info: Redefining \% on input line 3456.
 [66 <./figuras/diagrama-cambio-base-Q.pdf>]
pdfTeX warning (ext4): destination with the same identifier (name{prop.9}) has been already used, duplicate ignored
<to be read again> 
                   \relax 
l.3459     \label
                 {prop:33}
Package mdframed Info: mdframed works in twoside mode on input line 3459.
Package mdframed Info: mdframed detected package amsthm 
 changed the theorem header of amsthm
(mdframed)              on input line 3459.
Package mdframed Info: mdframed detected package amsthm 
 changed the theorem header of amsthm
(mdframed)              on input line 3461.
LaTeX Info: Redefining \. on input line 3506.
LaTeX Info: Redefining \% on input line 3506.
 [67]
pdfTeX warning (ext4): destination with the same identifier (name{teor.4}) has been already used, duplicate ignored
<to be read again> 
                   \relax 
l.3540     \label
                 {teo:9}
Package mdframed Info: mdframed works in twoside mode on input line 3540.
Package mdframed Info: mdframed detected package amsthm 
 changed the theorem header of amsthm
(mdframed)              on input line 3540.
Package mdframed Info: mdframed detected package amsthm 
 changed the theorem header of amsthm
(mdframed)              on input line 3547.
LaTeX Info: Redefining \. on input line 3557.
LaTeX Info: Redefining \% on input line 3557.
 [68]
<figuras/diagrama-isomorfismo-Phi.pdf, id=769, 108.92494pt x 71.00026pt>
File: figuras/diagrama-isomorfismo-Phi.pdf Graphic file (type pdf)
<use figuras/diagrama-isomorfismo-Phi.pdf>
Package pdftex.def Info: figuras/diagrama-isomorfismo-Phi.pdf  used on input line 3571.
(pdftex.def)             Requested size: 102.42836pt x 66.76622pt.

pdfTeX warning (ext4): destination with the same identifier (name{defn.8}) has been already used, duplicate ignored
<to be read again> 
                   \relax 
l.3581 ...egin{definicion}[Espacio vectorial dual]
                                                  
Package mdframed Info: mdframed works in twoside mode on input line 3581.
Package mdframed Info: mdframed detected package amsthm 
 changed the theorem header of amsthm
(mdframed)              on input line 3581.
Package mdframed Info: mdframed detected package amsthm 
 changed the theorem header of amsthm
(mdframed)              on input line 3588.
LaTeX Info: Redefining \. on input line 3603.
LaTeX Info: Redefining \% on input line 3603.
 [69 <./figuras/diagrama-isomorfismo-Phi.pdf>]
pdfTeX warning (ext4): destination with the same identifier (name{defn.9}) has been already used, duplicate ignored
<to be read again> 
                   \relax 
l.3639     \begin{definicion}[Traza]
                                    
Package mdframed Info: mdframed works in twoside mode on input line 3639.
Package mdframed Info: mdframed detected package amsthm 
 changed the theorem header of amsthm
(mdframed)              on input line 3639.
Package mdframed Info: mdframed detected package amsthm 
 changed the theorem header of amsthm
(mdframed)              on input line 3646.
LaTeX Info: Redefining \. on input line 3646.
LaTeX Info: Redefining \% on input line 3646.
 [70]
pdfTeX warning (ext4): destination with the same identifier (name{prop.10}) has been already used, duplicate ignored
<to be read again> 
                   \relax 
l.3649     \label
                 {prop:34}
Package mdframed Info: mdframed works in twoside mode on input line 3649.
Package mdframed Info: mdframed detected package amsthm 
 changed the theorem header of amsthm
(mdframed)              on input line 3649.
Package mdframed Info: mdframed detected package amsthm 
 changed the theorem header of amsthm
(mdframed)              on input line 3651.

pdfTeX warning (ext4): destination with the same identifier (name{prop.11}) has been already used, duplicate ignored
<to be read again> 
                   \relax 
l.3681     \label
                 {prop:35}
Package mdframed Info: mdframed works in twoside mode on input line 3681.
Package mdframed Info: mdframed detected package amsthm 
 changed the theorem header of amsthm
(mdframed)              on input line 3681.
Package mdframed Info: mdframed detected package amsthm 
 changed the theorem header of amsthm
(mdframed)              on input line 3688.
LaTeX Info: Redefining \. on input line 3688.
LaTeX Info: Redefining \% on input line 3688.
 [71]
pdfTeX warning (ext4): destination with the same identifier (name{prop.12}) has been already used, duplicate ignored
<to be read again> 
                   \relax 
l.3714     \label
                 {prop:36}
Package mdframed Info: mdframed works in twoside mode on input line 3714.
Package mdframed Info: mdframed detected package amsthm 
 changed the theorem header of amsthm
(mdframed)              on input line 3714.
Package mdframed Info: mdframed detected package amsthm 
 changed the theorem header of amsthm
(mdframed)              on input line 3716.
LaTeX Info: Redefining \. on input line 3726.
LaTeX Info: Redefining \% on input line 3726.
 [72]
pdfTeX warning (ext4): destination with the same identifier (name{defn.10}) has been already used, duplicate ignored
<to be read again> 
                   \relax 
l.3728     \begin{definicion}[Base dual]
                                        
Package mdframed Info: mdframed works in twoside mode on input line 3728.
Package mdframed Info: mdframed detected package amsthm 
 changed the theorem header of amsthm
(mdframed)              on input line 3728.
Package mdframed Info: mdframed detected package amsthm 
 changed the theorem header of amsthm
(mdframed)              on input line 3743.
Package mdframed Info: mdframed works in twoside mode on input line 3770.
Package mdframed Info: mdframed detected package amsthm 
 changed the theorem header of amsthm
(mdframed)              on input line 3770.
Package mdframed Info: mdframed detected package amsthm 
 changed the theorem header of amsthm
(mdframed)              on input line 3778.
LaTeX Info: Redefining \. on input line 3778.
LaTeX Info: Redefining \% on input line 3778.
 [73]
Package mdframed Info: mdframed works in twoside mode on input line 3806.
Package mdframed Info: mdframed detected package amsthm 
 changed the theorem header of amsthm
(mdframed)              on input line 3806.
Package mdframed Info: mdframed detected package amsthm 
 changed the theorem header of amsthm
(mdframed)              on input line 3812.
LaTeX Info: Redefining \. on input line 3825.
LaTeX Info: Redefining \% on input line 3825.
 [74]
Package mdframed Info: mdframed works in twoside mode on input line 3873.
Package mdframed Info: mdframed detected package amsthm 
 changed the theorem header of amsthm
(mdframed)              on input line 3873.
Package mdframed Info: mdframed detected package amsthm 
 changed the theorem header of amsthm
(mdframed)              on input line 3880.
Package mdframed Info: mdframed works in twoside mode on input line 3883.
Package mdframed Info: mdframed detected package amsthm 
 changed the theorem header of amsthm
(mdframed)              on input line 3883.
Package mdframed Info: mdframed detected package amsthm 
 changed the theorem header of amsthm
(mdframed)              on input line 3893.
LaTeX Info: Redefining \. on input line 3893.
LaTeX Info: Redefining \% on input line 3893.
 [75]
LaTeX Info: Redefining \. on input line 3922.
LaTeX Info: Redefining \% on input line 3922.
 [76]
<figuras/diagrama-transformacion-dual.pdf, id=847, 231.97163pt x 69.325pt>
File: figuras/diagrama-transformacion-dual.pdf Graphic file (type pdf)
<use figuras/diagrama-transformacion-dual.pdf>
Package pdftex.def Info: figuras/diagrama-transformacion-dual.pdf  used on input line 3940.
(pdftex.def)             Requested size: 460.93153pt x 137.75047pt.
LaTeX Info: Redefining \. on input line 3962.
LaTeX Info: Redefining \% on input line 3962.
 [77 <./figuras/diagrama-transformacion-dual.pdf>]
LaTeX Info: Redefining \. on input line 4008.
LaTeX Info: Redefining \% on input line 4008.
 [78]
pdfTeX warning (ext4): destination with the same identifier (name{ejercicio.1}) has been already used, duplicate ignored
<to be read again> 
                   \relax 
l.4020     \begin{ejercicio}
                            
pdfTeX warning (ext4): destination with the same identifier (name{ejercicio.2}) has been already used, duplicate ignored
<to be read again> 
                   \relax 
l.4031     \begin{ejercicio}
                            
pdfTeX warning (ext4): destination with the same identifier (name{ejercicio.3}) has been already used, duplicate ignored
<to be read again> 
                   \relax 
l.4035     \begin{ejercicio}
                            
pdfTeX warning (ext4): destination with the same identifier (name{ejercicio.4}) has been already used, duplicate ignored
<to be read again> 
                   \relax 
l.4043     \begin{ejercicio}
                            
pdfTeX warning (ext4): destination with the same identifier (name{ejercicio.5}) has been already used, duplicate ignored
<to be read again> 
                   \relax 
l.4047     \begin{ejercicio}
                            
LaTeX Info: Redefining \. on input line 4051.
LaTeX Info: Redefining \% on input line 4051.
 [79]
pdfTeX warning (ext4): destination with the same identifier (name{ejercicio.6}) has been already used, duplicate ignored
<to be read again> 
                   \relax 
l.4051     \begin{ejercicio}
                            
pdfTeX warning (ext4): destination with the same identifier (name{ejercicio.7}) has been already used, duplicate ignored
<to be read again> 
                   \relax 
l.4055     \begin{ejercicio}
                            
pdfTeX warning (ext4): destination with the same identifier (name{ejercicio.8}) has been already used, duplicate ignored
<to be read again> 
                   \relax 
l.4067     \begin{ejercicio}
                            
pdfTeX warning (ext4): destination with the same identifier (name{ejercicio.9}) has been already used, duplicate ignored
<to be read again> 
                   \relax 
l.4076     \begin{ejercicio}
                            
pdfTeX warning (ext4): destination with the same identifier (name{ejercicio.10}) has been already used, duplicate ignored
<to be read again> 
                   \relax 
l.4080     \begin{ejercicio}
                            
pdfTeX warning (ext4): destination with the same identifier (name{ejercicio.11}) has been already used, duplicate ignored
<to be read again> 
                   \relax 
l.4084     \begin{ejercicio}
                            
pdfTeX warning (ext4): destination with the same identifier (name{ejercicio.12}) has been already used, duplicate ignored
<to be read again> 
                   \relax 
l.4088     \begin{ejercicio}
                            
pdfTeX warning (ext4): destination with the same identifier (name{ejercicio.13}) has been already used, duplicate ignored
<to be read again> 
                   \relax 
l.4092     \begin{ejercicio}
                            
LaTeX Info: Redefining \. on input line 4103.
LaTeX Info: Redefining \% on input line 4103.
 [80]
pdfTeX warning (ext4): destination with the same identifier (name{ejercicio.14}) has been already used, duplicate ignored
<to be read again> 
                   \relax 
l.4103     \begin{ejercicio}
                            
pdfTeX warning (ext4): destination with the same identifier (name{ejercicio.15}) has been already used, duplicate ignored
<to be read again> 
                   \relax 
l.4112     \begin{ejercicio}
                            
pdfTeX warning (ext4): destination with the same identifier (name{ejercicio.16}) has been already used, duplicate ignored
<to be read again> 
                   \relax 
l.4124     \begin{ejercicio}
                            
pdfTeX warning (ext4): destination with the same identifier (name{ejercicio.17}) has been already used, duplicate ignored
<to be read again> 
                   \relax 
l.4143     \begin{ejercicio}
                            
pdfTeX warning (ext4): destination with the same identifier (name{ejercicio.18}) has been already used, duplicate ignored
<to be read again> 
                   \relax 
l.4159     \begin{ejercicio}
                            
LaTeX Info: Redefining \. on input line 4168.
LaTeX Info: Redefining \% on input line 4168.
 [81]
pdfTeX warning (ext4): destination with the same identifier (name{ejercicio.19}) has been already used, duplicate ignored
<to be read again> 
                   \relax 
l.4168     \begin{ejercicio}
                            
pdfTeX warning (ext4): destination with the same identifier (name{ejercicio.20}) has been already used, duplicate ignored
<to be read again> 
                   \relax 
l.4172     \begin{ejercicio}
                            
pdfTeX warning (ext4): destination with the same identifier (name{ejercicio.21}) has been already used, duplicate ignored
<to be read again> 
                   \relax 
l.4178     \begin{ejercicio}
                            
pdfTeX warning (ext4): destination with the same identifier (name{ejercicio.22}) has been already used, duplicate ignored
<to be read again> 
                   \relax 
l.4190     \begin{ejercicio}
                            
pdfTeX warning (ext4): destination with the same identifier (name{ejercicio.23}) has been already used, duplicate ignored
<to be read again> 
                   \relax 
l.4204     \begin{ejercicio}
                            
pdfTeX warning (ext4): destination with the same identifier (name{ejercicio.24}) has been already used, duplicate ignored
<to be read again> 
                   \relax 
l.4211     \begin{ejercicio}
                            
LaTeX Info: Redefining \. on input line 4219.
LaTeX Info: Redefining \% on input line 4219.
 [82]
Cap\'{\i }tulo 4.

pdfTeX warning (ext4): destination with the same identifier (name{defn.1}) has been already used, duplicate ignored
<to be read again> 
                   \relax 
l.4223     \begin{definicion}[Función $n$-lineal]
                                                  
Package mdframed Info: mdframed works in twoside mode on input line 4223.
Package mdframed Info: mdframed detected package amsthm 
 changed the theorem header of amsthm
(mdframed)              on input line 4223.
Package mdframed Info: mdframed detected package amsthm 
 changed the theorem header of amsthm
(mdframed)              on input line 4256.

pdfTeX warning (ext4): destination with the same identifier (name{ejemplo.1}) has been already used, duplicate ignored
<to be read again> 
                   \relax 
l.4258     \begin{ejemplo}
                           [83

]
pdfTeX warning (ext4): destination with the same identifier (name{prop.1}) has been already used, duplicate ignored
<to be read again> 
                   \relax 
l.4295     \label
                 {prop:37}
Package mdframed Info: mdframed works in twoside mode on input line 4295.
Package mdframed Info: mdframed detected package amsthm 
 changed the theorem header of amsthm
(mdframed)              on input line 4295.
Package mdframed Info: mdframed detected package amsthm 
 changed the theorem header of amsthm
(mdframed)              on input line 4305.

pdfTeX warning (ext4): destination with the same identifier (name{defn.2}) has been already used, duplicate ignored
<to be read again> 
                   \relax 
l.4335     \begin{definicion}[Función alternante]
                                                  
Package mdframed Info: mdframed works in twoside mode on input line 4335.
Package mdframed Info: mdframed detected package amsthm 
 changed the theorem header of amsthm
(mdframed)              on input line 4335.
Package mdframed Info: mdframed detected package amsthm 
 changed the theorem header of amsthm
(mdframed)              on input line 4354.

pdfTeX warning (ext4): destination with the same identifier (name{defn.3}) has been already used, duplicate ignored
<to be read again> 
                   \relax 
l.4356 ...begin{definicion}[Función Determinante]
                                                  
Package mdframed Info: mdframed works in twoside mode on input line 4356.
Package mdframed Info: mdframed detected package amsthm 
 changed the theorem header of amsthm
(mdframed)              on input line 4356.
Package mdframed Info: mdframed detected package amsthm 
 changed the theorem header of amsthm
(mdframed)              on input line 4367.
LaTeX Info: Redefining \. on input line 4367.
LaTeX Info: Redefining \% on input line 4367.
 [84]
pdfTeX warning (ext4): destination with the same identifier (name{lema.1}) has been already used, duplicate ignored
<to be read again> 
                   \relax 
l.4370     \label
                 {lema:6}
Package mdframed Info: mdframed works in twoside mode on input line 4370.
Package mdframed Info: mdframed detected package amsthm 
 changed the theorem header of amsthm
(mdframed)              on input line 4370.
Package mdframed Info: mdframed detected package amsthm 
 changed the theorem header of amsthm
(mdframed)              on input line 4390.
LaTeX Info: Redefining \. on input line 4473.
LaTeX Info: Redefining \% on input line 4473.
 [85]
pdfTeX warning (ext4): destination with the same identifier (name{lema.2}) has been already used, duplicate ignored
<to be read again> 
                   \relax 
l.4477     \label
                 {lema:7}
Package mdframed Info: mdframed works in twoside mode on input line 4477.
Package mdframed Info: mdframed detected package amsthm 
 changed the theorem header of amsthm
(mdframed)              on input line 4477.
Package mdframed Info: mdframed detected package amsthm 
 changed the theorem header of amsthm
(mdframed)              on input line 4479.

pdfTeX warning (ext4): destination with the same identifier (name{lema.3}) has been already used, duplicate ignored
<to be read again> 
                   \relax 
l.4517     \label
                 {lema:8}
Package mdframed Info: mdframed works in twoside mode on input line 4517.
Package mdframed Info: mdframed detected package amsthm 
 changed the theorem header of amsthm
(mdframed)              on input line 4517.
Package mdframed Info: mdframed detected package amsthm 
 changed the theorem header of amsthm
(mdframed)              on input line 4541.
LaTeX Info: Redefining \. on input line 4575.
LaTeX Info: Redefining \% on input line 4575.
 [86]
pdfTeX warning (ext4): destination with the same identifier (name{prop.2}) has been already used, duplicate ignored
<to be read again> 
                   \relax 
l.4582     \label
                 {prop:38}
Package mdframed Info: mdframed works in twoside mode on input line 4582.
Package mdframed Info: mdframed detected package amsthm 
 changed the theorem header of amsthm
(mdframed)              on input line 4582.
Package mdframed Info: mdframed detected package amsthm 
 changed the theorem header of amsthm
(mdframed)              on input line 4591.

pdfTeX warning (ext4): destination with the same identifier (name{defn.4}) has been already used, duplicate ignored
<to be read again> 
                   \relax 
l.4658     \label
                 {def:35}
Package mdframed Info: mdframed works in twoside mode on input line 4658.
Package mdframed Info: mdframed detected package amsthm 
 changed the theorem header of amsthm
(mdframed)              on input line 4658.
Package mdframed Info: mdframed detected package amsthm 
 changed the theorem header of amsthm
(mdframed)              on input line 4684.
LaTeX Info: Redefining \. on input line 4684.
LaTeX Info: Redefining \% on input line 4684.
 [87]
pdfTeX warning (ext4): destination with the same identifier (name{ejemplo.2}) has been already used, duplicate ignored
<to be read again> 
                   \relax 
l.4686     \begin{ejemplo}
                          
pdfTeX warning (ext4): destination with the same identifier (name{defn.5}) has been already used, duplicate ignored
<to be read again> 
                   \relax 
l.4714     \label
                 {def:36}
Package mdframed Info: mdframed works in twoside mode on input line 4714.
Package mdframed Info: mdframed detected package amsthm 
 changed the theorem header of amsthm
(mdframed)              on input line 4714.
Package mdframed Info: mdframed detected package amsthm 
 changed the theorem header of amsthm
(mdframed)              on input line 4720.

pdfTeX warning (ext4): destination with the same identifier (name{ejemplo.3}) has been already used, duplicate ignored
<to be read again> 
                   \relax 
l.4721     \begin{ejemplo}
                          
LaTeX Info: Redefining \. on input line 4742.
LaTeX Info: Redefining \% on input line 4742.
 [88]
pdfTeX warning (ext4): destination with the same identifier (name{lema.4}) has been already used, duplicate ignored
<to be read again> 
                   \relax 
l.4770     \label
                 {lema:9}
Package mdframed Info: mdframed works in twoside mode on input line 4770.
Package mdframed Info: mdframed detected package amsthm 
 changed the theorem header of amsthm
(mdframed)              on input line 4770.
Package mdframed Info: mdframed detected package amsthm 
 changed the theorem header of amsthm
(mdframed)              on input line 4777.
LaTeX Info: Redefining \. on input line 4827.
LaTeX Info: Redefining \% on input line 4827.
 [89]
pdfTeX warning (ext4): destination with the same identifier (name{teor.1}) has been already used, duplicate ignored
<to be read again> 
                   \relax 
l.4832     \label
                 {teo:12}
Package mdframed Info: mdframed works in twoside mode on input line 4832.
Package mdframed Info: mdframed detected package amsthm 
 changed the theorem header of amsthm
(mdframed)              on input line 4832.
Package mdframed Info: mdframed detected package amsthm 
 changed the theorem header of amsthm
(mdframed)              on input line 4843.
LaTeX Info: Redefining \. on input line 4859.
LaTeX Info: Redefining \% on input line 4859.
 [90]
pdfTeX warning (ext4): destination with the same identifier (name{coro.1}) has been already used, duplicate ignored
<to be read again> 
                   \relax 
l.4897     \label
                 {coro:6}
Package mdframed Info: mdframed works in twoside mode on input line 4897.
Package mdframed Info: mdframed detected package amsthm 
 changed the theorem header of amsthm
(mdframed)              on input line 4897.
Package mdframed Info: mdframed detected package amsthm 
 changed the theorem header of amsthm
(mdframed)              on input line 4899.
LaTeX Info: Redefining \. on input line 4899.
LaTeX Info: Redefining \% on input line 4899.
 [91]
pdfTeX warning (ext4): destination with the same identifier (name{teor.2}) has been already used, duplicate ignored
<to be read again> 
                   \relax 
l.4910     \label
                 {teo:13}
Package mdframed Info: mdframed works in twoside mode on input line 4910.
Package mdframed Info: mdframed detected package amsthm 
 changed the theorem header of amsthm
(mdframed)              on input line 4910.
Package mdframed Info: mdframed detected package amsthm 
 changed the theorem header of amsthm
(mdframed)              on input line 4916.
LaTeX Info: Redefining \. on input line 4966.
LaTeX Info: Redefining \% on input line 4966.
 [92]
pdfTeX warning (ext4): destination with the same identifier (name{prop.3}) has been already used, duplicate ignored
<to be read again> 
                   \relax 
l.4971     \label
                 {prop:39}
Package mdframed Info: mdframed works in twoside mode on input line 4971.
Package mdframed Info: mdframed detected package amsthm 
 changed the theorem header of amsthm
(mdframed)              on input line 4971.
Package mdframed Info: mdframed detected package amsthm 
 changed the theorem header of amsthm
(mdframed)              on input line 4976.
LaTeX Info: Redefining \. on input line 5040.
LaTeX Info: Redefining \% on input line 5040.
 [93]
pdfTeX warning (ext4): destination with the same identifier (name{coro.2}) has been already used, duplicate ignored
<to be read again> 
                   \relax 
l.5047     \label
                 {coro:7}
Package mdframed Info: mdframed works in twoside mode on input line 5047.
Package mdframed Info: mdframed detected package amsthm 
 changed the theorem header of amsthm
(mdframed)              on input line 5047.
Package mdframed Info: mdframed detected package amsthm 
 changed the theorem header of amsthm
(mdframed)              on input line 5049.

pdfTeX warning (ext4): destination with the same identifier (name{coro.3}) has been already used, duplicate ignored
<to be read again> 
                   \relax 
l.5060     \label
                 {coro:8}
Package mdframed Info: mdframed works in twoside mode on input line 5060.
Package mdframed Info: mdframed detected package amsthm 
 changed the theorem header of amsthm
(mdframed)              on input line 5060.
Package mdframed Info: mdframed detected package amsthm 
 changed the theorem header of amsthm
(mdframed)              on input line 5062.

pdfTeX warning (ext4): destination with the same identifier (name{defn.6}) has been already used, duplicate ignored
<to be read again> 
                   \relax 
l.5072     \label
                 {def:37}
Package mdframed Info: mdframed works in twoside mode on input line 5072.
Package mdframed Info: mdframed detected package amsthm 
 changed the theorem header of amsthm
(mdframed)              on input line 5072.
Package mdframed Info: mdframed detected package amsthm 
 changed the theorem header of amsthm
(mdframed)              on input line 5078.

pdfTeX warning (ext4): destination with the same identifier (name{teor.3}) has been already used, duplicate ignored
<to be read again> 
                   \relax 
l.5081     \label
                 {teo:14}
Package mdframed Info: mdframed works in twoside mode on input line 5081.
Package mdframed Info: mdframed detected package amsthm 
 changed the theorem header of amsthm
(mdframed)              on input line 5081.
Package mdframed Info: mdframed detected package amsthm 
 changed the theorem header of amsthm
(mdframed)              on input line 5083.
LaTeX Info: Redefining \. on input line 5083.
LaTeX Info: Redefining \% on input line 5083.
 [94]
LaTeX Info: Redefining \. on input line 5126.
LaTeX Info: Redefining \% on input line 5126.
 [95]
pdfTeX warning (ext4): destination with the same identifier (name{ejemplo.4}) has been already used, duplicate ignored
<to be read again> 
                   \relax 
l.5134     \begin{ejemplo}
                          
pdfTeX warning (ext4): destination with the same identifier (name{ejercicio.1}) has been already used, duplicate ignored
<to be read again> 
                   \relax 
l.5160     \begin{ejercicio}
                            
pdfTeX warning (ext4): destination with the same identifier (name{ejercicio.2}) has been already used, duplicate ignored
<to be read again> 
                   \relax 
l.5169     \begin{ejercicio}
                            
LaTeX Info: Redefining \. on input line 5176.
LaTeX Info: Redefining \% on input line 5176.
 [96]
pdfTeX warning (ext4): destination with the same identifier (name{ejercicio.3}) has been already used, duplicate ignored
<to be read again> 
                   \relax 
l.5176     \begin{ejercicio}
                            
pdfTeX warning (ext4): destination with the same identifier (name{ejercicio.4}) has been already used, duplicate ignored
<to be read again> 
                   \relax 
l.5180     \begin{ejercicio}
                            
pdfTeX warning (ext4): destination with the same identifier (name{ejercicio.5}) has been already used, duplicate ignored
<to be read again> 
                   \relax 
l.5193     \begin{ejercicio}
                            
LaTeX Info: Redefining \. on input line 5212.
LaTeX Info: Redefining \% on input line 5212.
 [97] (./Algebra_lineal.aux
LaTeX Info: Redefining \. on input line 12.
LaTeX Info: Redefining \% on input line 12.
)
 ***********
LaTeX2e <2025-11-01>
L3 programming layer <2026-01-19>
 ***********
Package rerunfilecheck Info: File `Algebra_lineal.out' has not changed.
(rerunfilecheck)             Checksum: ED7770836488BA0A0C1E0E109B37C34F;3820.
 ) 
Here is how much of TeX's memory you used:
 45026 strings out of 467525
 997646 string characters out of 5425861
 1565444 words of memory out of 5000000
 72667 multiletter control sequences out of 15000+600000
 716953 words of font info for 243 fonts, out of 8000000 for 9000
 1141 hyphenation exceptions out of 8191
 99i,17n,131p,1093b,1225s stack positions out of 10000i,1000n,20000p,200000b,200000s
</usr/share/texmf-dist/fonts/type1/public/ebgaramond/EBGaramond-Bold.pfb></usr/share/texmf-dist/fonts/type1/public/ebgaramond/EBGaramond-BoldItalic.pfb></usr/share/texmf-dist/fonts/type1/public/ebgaramond/EBGaramond-Italic.pfb></usr/share/texmf-dist/fonts/type1/public/ebgaramond/EBGaramond-Regular.pfb></usr/share/texmf-dist/fonts/type1/public/libertinus-type1/LibertinusSans-Bold.pfb></usr/share/texmf-dist/fonts/type1/public/libertinus-type1/LibertinusSerif-Bold.pfb></usr/share/texmf-dist/fonts/type1/public/libertinus-type1/LibertinusSerif-Italic.pfb></usr/share/texmf-dist/fonts/type1/public/libertinus-type1/LibertinusSerif-Regular.pfb></usr/share/texmf-dist/fonts/type1/adobe/sourcesanspro/SourceSansPro-Regular.pfb></usr/share/texmf-dist/fonts/type1/public/amsfonts/cm/cmex10.pfb></usr/share/texmf-dist/fonts/type1/public/amsfonts/cm/cmmi10.pfb></usr/share/texmf-dist/fonts/type1/public/amsfonts/cm/cmmi12.pfb></usr/share/texmf-dist/fonts/type1/public/amsfonts/cm/cmmi5.pfb></usr/share/texmf-dist/fonts/type1/public/amsfonts/cm/cmmi6.pfb></usr/share/texmf-dist/fonts/type1/public/amsfonts/cm/cmmi7.pfb></usr/share/texmf-dist/fonts/type1/public/amsfonts/cm/cmmi8.pfb></usr/share/texmf-dist/fonts/type1/public/amsfonts/cm/cmr10.pfb></usr/share/texmf-dist/fonts/type1/public/amsfonts/cm/cmr12.pfb></usr/share/texmf-dist/fonts/type1/public/amsfonts/cm/cmr6.pfb></usr/share/texmf-dist/fonts/type1/public/amsfonts/cm/cmr7.pfb></usr/share/texmf-dist/fonts/type1/public/amsfonts/cm/cmr8.pfb></usr/share/texmf-dist/fonts/type1/public/amsfonts/cm/cmsy10.pfb></usr/share/texmf-dist/fonts/type1/public/amsfonts/cm/cmsy5.pfb></usr/share/texmf-dist/fonts/type1/public/amsfonts/cm/cmsy6.pfb></usr/share/texmf-dist/fonts/type1/public/amsfonts/cm/cmsy7.pfb></usr/share/texmf-dist/fonts/type1/public/amsfonts/cm/cmsy8.pfb></usr/share/texmf-dist/fonts/type1/public/amsfonts/symbols/msam10.pfb></usr/share/texmf-dist/fonts/type1/public/amsfonts/symbols/msbm10.pfb>
Output written on Algebra_lineal.pdf (99 pages, 1086687 bytes).
PDF statistics:
 1128 PDF objects out of 1200 (max. 8388607)
 899 compressed objects within 9 object streams
 250 named destinations out of 1000 (max. 500000)
 41303 words of extra memory for PDF output out of 42996 (max. 10000000)

