This is pdfTeX, Version 3.141592653-2.6-1.40.29 (TeX Live 2026/Arch Linux) (preloaded format=pdflatex 2026.5.31)  31 MAY 2026 15:29
entering extended mode
 restricted \write18 enabled.
 file:line:error style messages enabled.
 %&-line parsing enabled.
**"/home/void/DEMAT-UG/Segundo Semestre/Algebra Lineal/Notas/Algebra_lineal.tex"
(/home/void/DEMAT-UG/Segundo Semestre/Algebra Lineal/Notas/Algebra_lineal.tex
LaTeX2e <2025-11-01>
L3 programming layer <2026-01-19>
(/usr/share/texmf-dist/tex/latex/base/book.cls
Document Class: book 2025/01/22 v1.4n Standard LaTeX document class
(/usr/share/texmf-dist/tex/latex/base/bk12.clo
File: bk12.clo 2025/01/22 v1.4n Standard LaTeX file (size option)
)
\c@part=\count275
\c@chapter=\count276
\c@section=\count277
\c@subsection=\count278
\c@subsubsection=\count279
\c@paragraph=\count280
\c@subparagraph=\count281
\c@figure=\count282
\c@table=\count283
\abovecaptionskip=\skip49
\belowcaptionskip=\skip50
\bibindent=\dimen148
) (./ugmath.sty
Package: ugmath 2025/01/01 Estilo matemático personal
 (/usr/share/texmf-dist/tex/generic/babel/babel.sty
Package: babel 2026/02/14 v26.3 The multilingual framework for LuaLaTeX, pdfLaTeX and XeLaTeX
\babel@savecnt=\count284
LaTeX Encoding Info:    Redeclaring text command \ij (encoding OT1) on input line 2078.
LaTeX Encoding Info:    Redeclaring text command \IJ (encoding OT1) on input line 2080.
LaTeX Encoding Info:    Redeclaring text command \ij (encoding T1) on input line 2082.
LaTeX Encoding Info:    Redeclaring text command \IJ (encoding T1) on input line 2083.
LaTeX Encoding Info:    Ignoring declaration for text command \ij (encoding ?) on input line 2084.
LaTeX Encoding Info:    Ignoring declaration for text command \IJ (encoding ?) on input line 2086.
LaTeX Encoding Info:    Ignoring declaration for text command \SS (encoding ?) on input line 2111.
\U@D=\dimen149
\l@unhyphenated=\language91
 (/usr/share/texmf-dist/tex/generic/babel/txtbabel.def)
\bbl@readstream=\read2
\bbl@dirlevel=\count285
 (/usr/share/texmf-dist/tex/generic/babel/locale/es/babel-spanish.tex)
Package babel Info: Importing font and identification data for spanish
(babel)             from babel-es.ini. Reported on input line 4330.
 (/usr/share/texmf-dist/tex/generic/babel-spanish/spanish.ldf
Language: spanish.ldf 2021/05/27 v5.0q Spanish support from the babel system
\es@quottoks=\toks17
\es@quotdepth=\count286
Package babel Info: Making " an active character on input line 570.
Package babel Info: Making . an active character on input line 675.
Package babel Info: Making < an active character on input line 722.
Package babel Info: Making > an active character on input line 722.
))
LaTeX Encoding Info:    Redeclaring text command \guillemotleft (encoding OT1) on input line 6.
LaTeX Encoding Info:    Redeclaring text command \guillemotright (encoding OT1) on input line 6.
 (/usr/share/texmf-dist/tex/latex/base/inputenc.sty
Package: inputenc 2024/02/08 v1.3d Input encoding file
\inpenc@prehook=\toks18
\inpenc@posthook=\toks19
) (/usr/share/texmf-dist/tex/latex/base/fontenc.sty
Package: fontenc 2025/07/18 v2.1d Standard LaTeX package
) (/usr/share/texmf-dist/tex/latex/lm/lmodern.sty
Package: lmodern 2015/05/01 v1.6.1 Latin Modern Fonts
LaTeX Font Info:    Overwriting symbol font `operators' in version `normal'
(Font)                  OT1/cmr/m/n --> OT1/lmr/m/n on input line 22.
LaTeX Font Info:    Overwriting symbol font `letters' in version `normal'
(Font)                  OML/cmm/m/it --> OML/lmm/m/it on input line 23.
LaTeX Font Info:    Overwriting symbol font `symbols' in version `normal'
(Font)                  OMS/cmsy/m/n --> OMS/lmsy/m/n on input line 24.
LaTeX Font Info:    Overwriting symbol font `largesymbols' in version `normal'
(Font)                  OMX/cmex/m/n --> OMX/lmex/m/n on input line 25.
LaTeX Font Info:    Overwriting symbol font `operators' in version `bold'
(Font)                  OT1/cmr/bx/n --> OT1/lmr/bx/n on input line 26.
LaTeX Font Info:    Overwriting symbol font `letters' in version `bold'
(Font)                  OML/cmm/b/it --> OML/lmm/b/it on input line 27.
LaTeX Font Info:    Overwriting symbol font `symbols' in version `bold'
(Font)                  OMS/cmsy/b/n --> OMS/lmsy/b/n on input line 28.
LaTeX Font Info:    Overwriting symbol font `largesymbols' in version `bold'
(Font)                  OMX/cmex/m/n --> OMX/lmex/m/n on input line 29.
LaTeX Font Info:    Overwriting math alphabet `\mathbf' in version `normal'
(Font)                  OT1/cmr/bx/n --> OT1/lmr/bx/n on input line 31.
LaTeX Font Info:    Overwriting math alphabet `\mathsf' in version `normal'
(Font)                  OT1/cmss/m/n --> OT1/lmss/m/n on input line 32.
LaTeX Font Info:    Overwriting math alphabet `\mathit' in version `normal'
(Font)                  OT1/cmr/m/it --> OT1/lmr/m/it on input line 33.
LaTeX Font Info:    Overwriting math alphabet `\mathtt' in version `normal'
(Font)                  OT1/cmtt/m/n --> OT1/lmtt/m/n on input line 34.
LaTeX Font Info:    Overwriting math alphabet `\mathbf' in version `bold'
(Font)                  OT1/cmr/bx/n --> OT1/lmr/bx/n on input line 35.
LaTeX Font Info:    Overwriting math alphabet `\mathsf' in version `bold'
(Font)                  OT1/cmss/bx/n --> OT1/lmss/bx/n on input line 36.
LaTeX Font Info:    Overwriting math alphabet `\mathit' in version `bold'
(Font)                  OT1/cmr/bx/it --> OT1/lmr/bx/it on input line 37.
LaTeX Font Info:    Overwriting math alphabet `\mathtt' in version `bold'
(Font)                  OT1/cmtt/m/n --> OT1/lmtt/m/n on input line 38.
) (/usr/share/texmf-dist/tex/latex/geometry/geometry.sty
Package: geometry 2020/01/02 v5.9 Page Geometry
 (/usr/share/texmf-dist/tex/latex/graphics/keyval.sty
Package: keyval 2022/05/29 v1.15 key=value parser (DPC)
\KV@toks@=\toks20
) (/usr/share/texmf-dist/tex/generic/iftex/ifvtex.sty
Package: ifvtex 2019/10/25 v1.7 ifvtex legacy package. Use iftex instead.
 (/usr/share/texmf-dist/tex/generic/iftex/iftex.sty
Package: iftex 2024/12/12 v1.0g TeX engine tests
))
\Gm@cnth=\count287
\Gm@cntv=\count288
\c@Gm@tempcnt=\count289
\Gm@bindingoffset=\dimen150
\Gm@wd@mp=\dimen151
\Gm@odd@mp=\dimen152
\Gm@even@mp=\dimen153
\Gm@layoutwidth=\dimen154
\Gm@layoutheight=\dimen155
\Gm@layouthoffset=\dimen156
\Gm@layoutvoffset=\dimen157
\Gm@dimlist=\toks21
) (/usr/share/texmf-dist/tex/latex/xcolor/xcolor.sty
Package: xcolor 2024/09/29 v3.02 LaTeX color extensions (UK)
 (/usr/share/texmf-dist/tex/latex/graphics-cfg/color.cfg
File: color.cfg 2016/01/02 v1.6 sample color configuration
)
Package xcolor Info: Driver file: pdftex.def on input line 274.
 (/usr/share/texmf-dist/tex/latex/graphics-def/pdftex.def
File: pdftex.def 2025/09/29 v1.2d Graphics/color driver for pdftex
) (/usr/share/texmf-dist/tex/latex/graphics/mathcolor.ltx)
Package xcolor Info: Model `cmy' substituted by `cmy0' on input line 1349.
Package xcolor Info: Model `hsb' substituted by `rgb' on input line 1353.
Package xcolor Info: Model `RGB' extended on input line 1365.
Package xcolor Info: Model `HTML' substituted by `rgb' on input line 1367.
Package xcolor Info: Model `Hsb' substituted by `hsb' on input line 1368.
Package xcolor Info: Model `tHsb' substituted by `hsb' on input line 1369.
Package xcolor Info: Model `HSB' substituted by `hsb' on input line 1370.
Package xcolor Info: Model `Gray' substituted by `gray' on input line 1371.
Package xcolor Info: Model `wave' substituted by `hsb' on input line 1372.
) (/usr/share/texmf-dist/tex/latex/graphics/dvipsnam.def
File: dvipsnam.def 2016/06/17 v3.0m Driver-dependent file (DPC,SPQR)
) (/usr/share/texmf-dist/tex/latex/setspace/setspace.sty
Package: setspace 2022/12/04 v6.7b set line spacing
) (/usr/share/texmf-dist/tex/latex/amsmath/amsmath.sty
Package: amsmath 2025/07/09 v2.17z AMS math features
\@mathmargin=\skip51

For additional information on amsmath, use the `?' option.
(/usr/share/texmf-dist/tex/latex/amsmath/amstext.sty
Package: amstext 2024/11/17 v2.01 AMS text
 (/usr/share/texmf-dist/tex/latex/amsmath/amsgen.sty
File: amsgen.sty 1999/11/30 v2.0 generic functions
\@emptytoks=\toks22
\ex@=\dimen158
)) (/usr/share/texmf-dist/tex/latex/amsmath/amsbsy.sty
Package: amsbsy 1999/11/29 v1.2d Bold Symbols
\pmbraise@=\dimen159
) (/usr/share/texmf-dist/tex/latex/amsmath/amsopn.sty
Package: amsopn 2022/04/08 v2.04 operator names
)
\inf@bad=\count290
LaTeX Info: Redefining \frac on input line 233.
\uproot@=\count291
\leftroot@=\count292
LaTeX Info: Redefining \overline on input line 398.
LaTeX Info: Redefining \colon on input line 409.
\classnum@=\count293
\DOTSCASE@=\count294
LaTeX Info: Redefining \ldots on input line 495.
LaTeX Info: Redefining \dots on input line 498.
LaTeX Info: Redefining \cdots on input line 619.
\Mathstrutbox@=\box53
\strutbox@=\box54
LaTeX Info: Redefining \big on input line 721.
LaTeX Info: Redefining \Big on input line 722.
LaTeX Info: Redefining \bigg on input line 723.
LaTeX Info: Redefining \Bigg on input line 724.
\big@size=\dimen160
LaTeX Font Info:    Redeclaring font encoding OML on input line 742.
LaTeX Font Info:    Redeclaring font encoding OMS on input line 743.
\macc@depth=\count295
LaTeX Info: Redefining \bmod on input line 904.
LaTeX Info: Redefining \pmod on input line 909.
LaTeX Info: Redefining \smash on input line 939.
LaTeX Info: Redefining \relbar on input line 969.
LaTeX Info: Redefining \Relbar on input line 970.
\c@MaxMatrixCols=\count296
\dotsspace@=\muskip17
\c@parentequation=\count297
\dspbrk@lvl=\count298
\tag@help=\toks23
\row@=\count299
\column@=\count300
\maxfields@=\count301
\andhelp@=\toks24
\eqnshift@=\dimen161
\alignsep@=\dimen162
\tagshift@=\dimen163
\tagwidth@=\dimen164
\totwidth@=\dimen165
\lineht@=\dimen166
\@envbody=\toks25
\multlinegap=\skip52
\multlinetaggap=\skip53
\mathdisplay@stack=\toks26
LaTeX Info: Redefining \[ on input line 2950.
LaTeX Info: Redefining \] on input line 2951.
) (/usr/share/texmf-dist/tex/latex/amsfonts/amssymb.sty
Package: amssymb 2013/01/14 v3.01 AMS font symbols
 (/usr/share/texmf-dist/tex/latex/amsfonts/amsfonts.sty
Package: amsfonts 2013/01/14 v3.01 Basic AMSFonts support
\symAMSa=\mathgroup4
\symAMSb=\mathgroup5
LaTeX Font Info:    Redeclaring math symbol \hbar on input line 98.
LaTeX Font Info:    Overwriting math alphabet `\mathfrak' in version `bold'
(Font)                  U/euf/m/n --> U/euf/b/n on input line 106.
)) (/usr/share/texmf-dist/tex/latex/amscls/amsthm.sty
Package: amsthm 2020/05/29 v2.20.6
\thm@style=\toks27
\thm@bodyfont=\toks28
\thm@headfont=\toks29
\thm@notefont=\toks30
\thm@headpunct=\toks31
\thm@preskip=\skip54
\thm@postskip=\skip55
\thm@headsep=\skip56
\dth@everypar=\toks32
) (/usr/share/texmf-dist/tex/latex/mathtools/mathtools.sty
Package: mathtools 2024/10/04 v1.31 mathematical typesetting tools
 (/usr/share/texmf-dist/tex/latex/tools/calc.sty
Package: calc 2025/03/01 v4.3b Infix arithmetic (KKT,FJ)
\calc@Acount=\count302
\calc@Bcount=\count303
\calc@Adimen=\dimen167
\calc@Bdimen=\dimen168
\calc@Askip=\skip57
\calc@Bskip=\skip58
LaTeX Info: Redefining \setlength on input line 86.
LaTeX Info: Redefining \addtolength on input line 87.
\calc@Ccount=\count304
\calc@Cskip=\skip59
) (/usr/share/texmf-dist/tex/latex/mathtools/mhsetup.sty
Package: mhsetup 2021/03/18 v1.4 programming setup (MH)
)
\g_MT_multlinerow_int=\count305
\l_MT_multwidth_dim=\dimen169
\origjot=\skip60
\l_MT_shortvdotswithinadjustabove_dim=\dimen170
\l_MT_shortvdotswithinadjustbelow_dim=\dimen171
\l_MT_above_intertext_sep=\dimen172
\l_MT_below_intertext_sep=\dimen173
\l_MT_above_shortintertext_sep=\dimen174
\l_MT_below_shortintertext_sep=\dimen175
\xmathstrut@box=\box55
\xmathstrut@dim=\dimen176
) (/usr/share/texmf-dist/tex/latex/graphics/graphicx.sty
Package: graphicx 2024/12/31 v1.2e Enhanced LaTeX Graphics (DPC,SPQR)
 (/usr/share/texmf-dist/tex/latex/graphics/graphics.sty
Package: graphics 2024/08/06 v1.4g Standard LaTeX Graphics (DPC,SPQR)
 (/usr/share/texmf-dist/tex/latex/graphics/trig.sty
Package: trig 2023/12/02 v1.11 sin cos tan (DPC)
) (/usr/share/texmf-dist/tex/latex/graphics-cfg/graphics.cfg
File: graphics.cfg 2016/06/04 v1.11 sample graphics configuration
)
Package graphics Info: Driver file: pdftex.def on input line 106.
)
\Gin@req@height=\dimen177
\Gin@req@width=\dimen178
) (/usr/share/texmf-dist/tex/latex/pgf/frontendlayer/tikz.sty (/usr/share/texmf-dist/tex/latex/pgf/basiclayer/pgf.sty (/usr/share/texmf-dist/tex/latex/pgf/utilities/pgfrcs.sty (/usr/share/texmf-dist/tex/generic/pgf/utilities/pgfutil-common.tex
\pgfutil@everybye=\toks33
\pgfutil@tempdima=\dimen179
\pgfutil@tempdimb=\dimen180
) (/usr/share/texmf-dist/tex/generic/pgf/utilities/pgfutil-latex.def
\pgfutil@abb=\box56
) (/usr/share/texmf-dist/tex/generic/pgf/utilities/pgfrcs.code.tex (/usr/share/texmf-dist/tex/generic/pgf/pgf.revision.tex)
Package: pgfrcs 2025-08-29 v3.1.11a (3.1.11a)
))
Package: pgf 2025-08-29 v3.1.11a (3.1.11a)
 (/usr/share/texmf-dist/tex/latex/pgf/basiclayer/pgfcore.sty (/usr/share/texmf-dist/tex/latex/pgf/systemlayer/pgfsys.sty (/usr/share/texmf-dist/tex/generic/pgf/systemlayer/pgfsys.code.tex
Package: pgfsys 2025-08-29 v3.1.11a (3.1.11a)
 (/usr/share/texmf-dist/tex/generic/pgf/utilities/pgfkeys.code.tex
\pgfkeys@pathtoks=\toks34
\pgfkeys@temptoks=\toks35
 (/usr/share/texmf-dist/tex/generic/pgf/utilities/pgfkeyslibraryfiltered.code.tex
\pgfkeys@tmptoks=\toks36
))
\pgf@x=\dimen181
\pgf@y=\dimen182
\pgf@xa=\dimen183
\pgf@ya=\dimen184
\pgf@xb=\dimen185
\pgf@yb=\dimen186
\pgf@xc=\dimen187
\pgf@yc=\dimen188
\pgf@xd=\dimen189
\pgf@yd=\dimen190
\w@pgf@writea=\write3
\r@pgf@reada=\read3
\c@pgf@counta=\count306
\c@pgf@countb=\count307
\c@pgf@countc=\count308
\c@pgf@countd=\count309
\t@pgf@toka=\toks37
\t@pgf@tokb=\toks38
\t@pgf@tokc=\toks39
\pgf@sys@id@count=\count310
 (/usr/share/texmf-dist/tex/generic/pgf/systemlayer/pgf.cfg
File: pgf.cfg 2025-08-29 v3.1.11a (3.1.11a)
)
Driver file for pgf: pgfsys-pdftex.def
 (/usr/share/texmf-dist/tex/generic/pgf/systemlayer/pgfsys-pdftex.def
File: pgfsys-pdftex.def 2025-08-29 v3.1.11a (3.1.11a)
 (/usr/share/texmf-dist/tex/generic/pgf/systemlayer/pgfsys-common-pdf.def
File: pgfsys-common-pdf.def 2025-08-29 v3.1.11a (3.1.11a)
))) (/usr/share/texmf-dist/tex/generic/pgf/systemlayer/pgfsyssoftpath.code.tex
File: pgfsyssoftpath.code.tex 2025-08-29 v3.1.11a (3.1.11a)
\pgfsyssoftpath@smallbuffer@items=\count311
\pgfsyssoftpath@bigbuffer@items=\count312
) (/usr/share/texmf-dist/tex/generic/pgf/systemlayer/pgfsysprotocol.code.tex
File: pgfsysprotocol.code.tex 2025-08-29 v3.1.11a (3.1.11a)
)) (/usr/share/texmf-dist/tex/generic/pgf/basiclayer/pgfcore.code.tex
Package: pgfcore 2025-08-29 v3.1.11a (3.1.11a)
 (/usr/share/texmf-dist/tex/generic/pgf/math/pgfmath.code.tex (/usr/share/texmf-dist/tex/generic/pgf/math/pgfmathutil.code.tex) (/usr/share/texmf-dist/tex/generic/pgf/math/pgfmathparser.code.tex
\pgfmath@dimen=\dimen191
\pgfmath@count=\count313
\pgfmath@box=\box57
\pgfmath@toks=\toks40
\pgfmath@stack@operand=\toks41
\pgfmath@stack@operation=\toks42
) (/usr/share/texmf-dist/tex/generic/pgf/math/pgfmathfunctions.code.tex) (/usr/share/texmf-dist/tex/generic/pgf/math/pgfmathfunctions.basic.code.tex) (/usr/share/texmf-dist/tex/generic/pgf/math/pgfmathfunctions.trigonometric.code.tex) (/usr/share/texmf-dist/tex/generic/pgf/math/pgfmathfunctions.random.code.tex) (/usr/share/texmf-dist/tex/generic/pgf/math/pgfmathfunctions.comparison.code.tex) (/usr/share/texmf-dist/tex/generic/pgf/math/pgfmathfunctions.base.code.tex) (/usr/share/texmf-dist/tex/generic/pgf/math/pgfmathfunctions.round.code.tex) (/usr/share/texmf-dist/tex/generic/pgf/math/pgfmathfunctions.misc.code.tex) (/usr/share/texmf-dist/tex/generic/pgf/math/pgfmathfunctions.integerarithmetics.code.tex) (/usr/share/texmf-dist/tex/generic/pgf/math/pgfmathcalc.code.tex) (/usr/share/texmf-dist/tex/generic/pgf/math/pgfmathfloat.code.tex
\c@pgfmathroundto@lastzeros=\count314
)) (/usr/share/texmf-dist/tex/generic/pgf/math/pgfint.code.tex) (/usr/share/texmf-dist/tex/generic/pgf/basiclayer/pgfcorepoints.code.tex
File: pgfcorepoints.code.tex 2025-08-29 v3.1.11a (3.1.11a)
\pgf@picminx=\dimen192
\pgf@picmaxx=\dimen193
\pgf@picminy=\dimen194
\pgf@picmaxy=\dimen195
\pgf@pathminx=\dimen196
\pgf@pathmaxx=\dimen197
\pgf@pathminy=\dimen198
\pgf@pathmaxy=\dimen199
\pgf@xx=\dimen256
\pgf@xy=\dimen257
\pgf@yx=\dimen258
\pgf@yy=\dimen259
\pgf@zx=\dimen260
\pgf@zy=\dimen261
) (/usr/share/texmf-dist/tex/generic/pgf/basiclayer/pgfcorepathconstruct.code.tex
File: pgfcorepathconstruct.code.tex 2025-08-29 v3.1.11a (3.1.11a)
\pgf@path@lastx=\dimen262
\pgf@path@lasty=\dimen263
) (/usr/share/texmf-dist/tex/generic/pgf/basiclayer/pgfcorepathusage.code.tex
File: pgfcorepathusage.code.tex 2025-08-29 v3.1.11a (3.1.11a)
\pgf@shorten@end@additional=\dimen264
\pgf@shorten@start@additional=\dimen265
) (/usr/share/texmf-dist/tex/generic/pgf/basiclayer/pgfcorescopes.code.tex
File: pgfcorescopes.code.tex 2025-08-29 v3.1.11a (3.1.11a)
\pgfpic=\box58
\pgf@hbox=\box59
\pgf@layerbox@main=\box60
\pgf@picture@serial@count=\count315
) (/usr/share/texmf-dist/tex/generic/pgf/basiclayer/pgfcoregraphicstate.code.tex
File: pgfcoregraphicstate.code.tex 2025-08-29 v3.1.11a (3.1.11a)
\pgflinewidth=\dimen266
) (/usr/share/texmf-dist/tex/generic/pgf/basiclayer/pgfcoretransformations.code.tex
File: pgfcoretransformations.code.tex 2025-08-29 v3.1.11a (3.1.11a)
\pgf@pt@x=\dimen267
\pgf@pt@y=\dimen268
\pgf@pt@temp=\dimen269
) (/usr/share/texmf-dist/tex/generic/pgf/basiclayer/pgfcorequick.code.tex
File: pgfcorequick.code.tex 2025-08-29 v3.1.11a (3.1.11a)
) (/usr/share/texmf-dist/tex/generic/pgf/basiclayer/pgfcoreobjects.code.tex
File: pgfcoreobjects.code.tex 2025-08-29 v3.1.11a (3.1.11a)
) (/usr/share/texmf-dist/tex/generic/pgf/basiclayer/pgfcorepathprocessing.code.tex
File: pgfcorepathprocessing.code.tex 2025-08-29 v3.1.11a (3.1.11a)
) (/usr/share/texmf-dist/tex/generic/pgf/basiclayer/pgfcorearrows.code.tex
File: pgfcorearrows.code.tex 2025-08-29 v3.1.11a (3.1.11a)
\pgfarrowsep=\dimen270
) (/usr/share/texmf-dist/tex/generic/pgf/basiclayer/pgfcoreshade.code.tex
File: pgfcoreshade.code.tex 2025-08-29 v3.1.11a (3.1.11a)
\pgf@max=\dimen271
\pgf@sys@shading@range@num=\count316
\pgf@shadingcount=\count317
) (/usr/share/texmf-dist/tex/generic/pgf/basiclayer/pgfcoreimage.code.tex
File: pgfcoreimage.code.tex 2025-08-29 v3.1.11a (3.1.11a)
) (/usr/share/texmf-dist/tex/generic/pgf/basiclayer/pgfcoreexternal.code.tex
File: pgfcoreexternal.code.tex 2025-08-29 v3.1.11a (3.1.11a)
\pgfexternal@startupbox=\box61
) (/usr/share/texmf-dist/tex/generic/pgf/basiclayer/pgfcorelayers.code.tex
File: pgfcorelayers.code.tex 2025-08-29 v3.1.11a (3.1.11a)
) (/usr/share/texmf-dist/tex/generic/pgf/basiclayer/pgfcoretransparency.code.tex
File: pgfcoretransparency.code.tex 2025-08-29 v3.1.11a (3.1.11a)
) (/usr/share/texmf-dist/tex/generic/pgf/basiclayer/pgfcorepatterns.code.tex
File: pgfcorepatterns.code.tex 2025-08-29 v3.1.11a (3.1.11a)
) (/usr/share/texmf-dist/tex/generic/pgf/basiclayer/pgfcorerdf.code.tex
File: pgfcorerdf.code.tex 2025-08-29 v3.1.11a (3.1.11a)
))) (/usr/share/texmf-dist/tex/generic/pgf/modules/pgfmoduleshapes.code.tex
File: pgfmoduleshapes.code.tex 2025-08-29 v3.1.11a (3.1.11a)
\pgfnodeparttextbox=\box62
) (/usr/share/texmf-dist/tex/generic/pgf/modules/pgfmoduleplot.code.tex
File: pgfmoduleplot.code.tex 2025-08-29 v3.1.11a (3.1.11a)
) (/usr/share/texmf-dist/tex/latex/pgf/compatibility/pgfcomp-version-0-65.sty
Package: pgfcomp-version-0-65 2025-08-29 v3.1.11a (3.1.11a)
\pgf@nodesepstart=\dimen272
\pgf@nodesepend=\dimen273
) (/usr/share/texmf-dist/tex/latex/pgf/compatibility/pgfcomp-version-1-18.sty
Package: pgfcomp-version-1-18 2025-08-29 v3.1.11a (3.1.11a)
)) (/usr/share/texmf-dist/tex/latex/pgf/utilities/pgffor.sty (/usr/share/texmf-dist/tex/latex/pgf/utilities/pgfkeys.sty (/usr/share/texmf-dist/tex/generic/pgf/utilities/pgfkeys.code.tex)) (/usr/share/texmf-dist/tex/latex/pgf/math/pgfmath.sty (/usr/share/texmf-dist/tex/generic/pgf/math/pgfmath.code.tex)) (/usr/share/texmf-dist/tex/generic/pgf/utilities/pgffor.code.tex
Package: pgffor 2025-08-29 v3.1.11a (3.1.11a)
\pgffor@iter=\dimen274
\pgffor@skip=\dimen275
\pgffor@stack=\toks43
\pgffor@toks=\toks44
)) (/usr/share/texmf-dist/tex/generic/pgf/frontendlayer/tikz/tikz.code.tex
Package: tikz 2025-08-29 v3.1.11a (3.1.11a)
 (/usr/share/texmf-dist/tex/generic/pgf/libraries/pgflibraryplothandlers.code.tex
File: pgflibraryplothandlers.code.tex 2025-08-29 v3.1.11a (3.1.11a)
\pgf@plot@mark@count=\count318
\pgfplotmarksize=\dimen276
)
\tikz@lastx=\dimen277
\tikz@lasty=\dimen278
\tikz@lastxsaved=\dimen279
\tikz@lastysaved=\dimen280
\tikz@lastmovetox=\dimen281
\tikz@lastmovetoy=\dimen282
\tikzleveldistance=\dimen283
\tikzsiblingdistance=\dimen284
\tikz@figbox=\box63
\tikz@figbox@bg=\box64
\tikz@tempbox=\box65
\tikz@tempbox@bg=\box66
\tikztreelevel=\count319
\tikznumberofchildren=\count320
\tikznumberofcurrentchild=\count321
\tikz@fig@count=\count322
 (/usr/share/texmf-dist/tex/generic/pgf/modules/pgfmodulematrix.code.tex
File: pgfmodulematrix.code.tex 2025-08-29 v3.1.11a (3.1.11a)
\pgfmatrixcurrentrow=\count323
\pgfmatrixcurrentcolumn=\count324
\pgf@matrix@numberofcolumns=\count325
)
\tikz@expandcount=\count326
 (/usr/share/texmf-dist/tex/generic/pgf/frontendlayer/tikz/libraries/tikzlibrarytopaths.code.tex
File: tikzlibrarytopaths.code.tex 2025-08-29 v3.1.11a (3.1.11a)
))) (/usr/share/texmf-dist/tex/generic/pgf/frontendlayer/tikz/libraries/tikzlibrarycalc.code.tex
File: tikzlibrarycalc.code.tex 2025-08-29 v3.1.11a (3.1.11a)
) (/usr/share/texmf-dist/tex/generic/pgf/frontendlayer/tikz/libraries/tikzlibrarydecorations.pathreplacing.code.tex (/usr/share/texmf-dist/tex/generic/pgf/frontendlayer/tikz/libraries/tikzlibrarydecorations.code.tex (/usr/share/texmf-dist/tex/generic/pgf/modules/pgfmoduledecorations.code.tex
\pgfdecoratedcompleteddistance=\dimen285
\pgfdecoratedremainingdistance=\dimen286
\pgfdecoratedinputsegmentcompleteddistance=\dimen287
\pgfdecoratedinputsegmentremainingdistance=\dimen288
\pgf@decorate@distancetomove=\dimen289
\pgf@decorate@repeatstate=\count327
\pgfdecorationsegmentamplitude=\dimen290
\pgfdecorationsegmentlength=\dimen291
)
\tikz@lib@dec@box=\box67
) (/usr/share/texmf-dist/tex/generic/pgf/libraries/decorations/pgflibrarydecorations.pathreplacing.code.tex)) (/usr/share/texmf-dist/tex/generic/pgf/frontendlayer/tikz/libraries/tikzlibraryangles.code.tex
File: tikzlibraryangles.code.tex 2025-08-29 v3.1.11a (3.1.11a)
) (/usr/share/texmf-dist/tex/generic/pgf/frontendlayer/tikz/libraries/tikzlibraryquotes.code.tex
File: tikzlibraryquotes.code.tex 2025-08-29 v3.1.11a (3.1.11a)
) (/usr/share/texmf-dist/tex/generic/pgf/frontendlayer/tikz/libraries/tikzlibraryshadows.code.tex
File: tikzlibraryshadows.code.tex 2025-08-29 v3.1.11a (3.1.11a)
 (/usr/share/texmf-dist/tex/generic/pgf/frontendlayer/tikz/libraries/tikzlibraryfadings.code.tex
File: tikzlibraryfadings.code.tex 2025-08-29 v3.1.11a (3.1.11a)
 (/usr/share/texmf-dist/tex/generic/pgf/libraries/pgflibraryfadings.code.tex
File: pgflibraryfadings.code.tex 2025-08-29 v3.1.11a (3.1.11a)
))) (/usr/share/texmf-dist/tex/latex/pgf-blur/tikzlibraryshadows.blur.code.tex  v1.02, 2012/12/09
\pgfbs@fading@count=\count328
) (/usr/share/texmf-dist/tex/generic/pgf/frontendlayer/tikz/libraries/tikzlibraryarrows.code.tex
File: tikzlibraryarrows.code.tex 2025-08-29 v3.1.11a (3.1.11a)
 (/usr/share/texmf-dist/tex/generic/pgf/libraries/pgflibraryarrows.code.tex
File: pgflibraryarrows.code.tex 2025-08-29 v3.1.11a (3.1.11a)
\arrowsize=\dimen292
)) (/usr/share/texmf-dist/tex/latex/pgfplots/pgfplots.sty (/usr/share/texmf-dist/tex/generic/pgfplots/pgfplots.revision.tex)
Package: pgfplots 2025/08/14 v1.18.2 Data Visualization (1.18.2)
 (/usr/share/texmf-dist/tex/generic/pgfplots/pgfplots.code.tex (/usr/share/texmf-dist/tex/generic/pgfplots/pgfplotscore.code.tex
\t@pgfplots@toka=\toks45
\t@pgfplots@tokb=\toks46
\t@pgfplots@tokc=\toks47
\pgfplots@tmpa=\dimen293
\c@pgfplots@coordindex=\count329
\c@pgfplots@scanlineindex=\count330
 (/usr/share/texmf-dist/tex/generic/pgfplots/sys/pgfplotssysgeneric.code.tex)) (/usr/share/texmf-dist/tex/generic/pgfplots/libs/pgfplotslibrary.code.tex) (/usr/share/texmf-dist/tex/generic/pgfplots/oldpgfcompatib/pgfplotsoldpgfsupp_loader.code.tex (/usr/share/texmf-dist/tex/generic/pgf/libraries/pgflibraryfpu.code.tex) (/usr/share/texmf-dist/tex/generic/pgfplots/oldpgfcompatib/pgfplotsoldpgfsupp_pgfutil-common-lists.tex)) (/usr/share/texmf-dist/tex/generic/pgfplots/util/pgfplotsutil.code.tex (/usr/share/texmf-dist/tex/generic/pgfplots/liststructure/pgfplotsliststructure.code.tex) (/usr/share/texmf-dist/tex/generic/pgfplots/liststructure/pgfplotsliststructureext.code.tex) (/usr/share/texmf-dist/tex/generic/pgfplots/liststructure/pgfplotsarray.code.tex
\c@pgfplotsarray@tmp=\count331
) (/usr/share/texmf-dist/tex/generic/pgfplots/liststructure/pgfplotsmatrix.code.tex) (/usr/share/texmf-dist/tex/generic/pgfplots/numtable/pgfplotstableshared.code.tex
\c@pgfplotstable@counta=\count332
\t@pgfplotstable@a=\toks48
) (/usr/share/texmf-dist/tex/generic/pgfplots/liststructure/pgfplotsdeque.code.tex) (/usr/share/texmf-dist/tex/generic/pgfplots/util/pgfplotsbinary.code.tex (/usr/share/texmf-dist/tex/generic/pgfplots/util/pgfplotsbinary.data.code.tex)) (/usr/share/texmf-dist/tex/generic/pgfplots/util/pgfplotsutil.verb.code.tex) (/usr/share/texmf-dist/tex/generic/pgfplots/libs/pgflibrarypgfplots.surfshading.code.tex
\c@pgfplotslibrarysurf@no=\count333
 (/usr/share/texmf-dist/tex/generic/pgfplots/sys/pgflibrarypgfplots.surfshading.pgfsys-pdftex.def))) (/usr/share/texmf-dist/tex/generic/pgfplots/util/pgfplotscolormap.code.tex (/usr/share/texmf-dist/tex/generic/pgfplots/util/pgfplotscolor.code.tex)) (/usr/share/texmf-dist/tex/generic/pgfplots/pgfplotsstackedplots.code.tex) (/usr/share/texmf-dist/tex/generic/pgfplots/pgfplotsplothandlers.code.tex (/usr/share/texmf-dist/tex/generic/pgfplots/pgfplotsmeshplothandler.code.tex (/usr/share/texmf-dist/tex/generic/pgfplots/pgfplotsmeshplotimage.code.tex))) (/usr/share/texmf-dist/tex/generic/pgfplots/pgfplots.scaling.code.tex) (/usr/share/texmf-dist/tex/generic/pgfplots/pgfplotscoordprocessing.code.tex) (/usr/share/texmf-dist/tex/generic/pgfplots/pgfplots.errorbars.code.tex) (/usr/share/texmf-dist/tex/generic/pgfplots/pgfplots.markers.code.tex) (/usr/share/texmf-dist/tex/generic/pgfplots/pgfplotsticks.code.tex) (/usr/share/texmf-dist/tex/generic/pgfplots/pgfplots.paths.code.tex) (/usr/share/texmf-dist/tex/generic/pgf/frontendlayer/tikz/libraries/tikzlibrarydecorations.pathmorphing.code.tex (/usr/share/texmf-dist/tex/generic/pgf/libraries/decorations/pgflibrarydecorations.pathmorphing.code.tex)) (/usr/share/texmf-dist/tex/generic/pgfplots/libs/tikzlibrarypgfplots.contourlua.code.tex)
\pgfplots@numplots=\count334
\pgfplots@xmin@reg=\dimen294
\pgfplots@xmax@reg=\dimen295
\pgfplots@ymin@reg=\dimen296
\pgfplots@ymax@reg=\dimen297
\pgfplots@zmin@reg=\dimen298
\pgfplots@zmax@reg=\dimen299
) (/usr/share/texmf-dist/tex/generic/pgf/frontendlayer/tikz/libraries/tikzlibraryplotmarks.code.tex
File: tikzlibraryplotmarks.code.tex 2025-08-29 v3.1.11a (3.1.11a)
 (/usr/share/texmf-dist/tex/generic/pgf/libraries/pgflibraryplotmarks.code.tex
File: pgflibraryplotmarks.code.tex 2025-08-29 v3.1.11a (3.1.11a)
))) (/usr/share/texmf-dist/tex/latex/caption/caption.sty
Package: caption 2023/08/05 v3.6o Customizing captions (AR)
 (/usr/share/texmf-dist/tex/latex/caption/caption3.sty
Package: caption3 2023/07/31 v2.4d caption3 kernel (AR)
\caption@tempdima=\dimen300
\captionmargin=\dimen301
\caption@leftmargin=\dimen302
\caption@rightmargin=\dimen303
\caption@width=\dimen304
\caption@indent=\dimen305
\caption@parindent=\dimen306
\caption@hangindent=\dimen307
Package caption Info: Standard document class detected.
)
\c@caption@flags=\count335
\c@continuedfloat=\count336
) (/usr/share/texmf-dist/tex/latex/thmtools/thmtools.sty
Package: thmtools 2023/05/04 v0.76
\thmt@toks=\toks49
\c@thmt@dummyctr=\count337
 (/usr/share/texmf-dist/tex/latex/thmtools/thm-patch.sty
Package: thm-patch 2023/05/04 v0.76
 (/usr/share/texmf-dist/tex/latex/thmtools/parseargs.sty
Package: parseargs 2023/05/04 v0.76
\@parsespec=\toks50
)) (/usr/share/texmf-dist/tex/latex/thmtools/thm-kv.sty
Package: thm-kv 2023/05/04 v0.76
Package thm-kv Info: Theorem names will be uppercased on input line 42.

(/usr/share/texmf-dist/tex/latex/kvsetkeys/kvsetkeys.sty
Package: kvsetkeys 2022-10-05 v1.19 Key value parser (HO)
)
Package thm-kv Info: kvsetkeys patch (v1.16 or later) on input line 158.
) (/usr/share/texmf-dist/tex/latex/thmtools/thm-autoref.sty
Package: thm-autoref 2023/05/04 v0.76
 (/usr/share/texmf-dist/tex/latex/thmtools/aliasctr.sty
Package: aliasctr 2023/05/04 v0.76
)) (/usr/share/texmf-dist/tex/latex/thmtools/thm-listof.sty
Package: thm-listof 2023/05/04 v0.76
) (/usr/share/texmf-dist/tex/latex/thmtools/thm-restate.sty
Package: thm-restate 2023/05/04 v0.76
) (/usr/share/texmf-dist/tex/latex/thmtools/thm-amsthm.sty
Package: thm-amsthm 2023/05/04 v0.76
\thmt@style@headstyle=\toks51
)) (/usr/share/texmf-dist/tex/latex/jknapltx/mathrsfs.sty
Package: mathrsfs 1996/01/01 Math RSFS package v1.0 (jk)
\symrsfs=\mathgroup6
) (/usr/share/texmf-dist/tex/latex/stmaryrd/stmaryrd.sty
Package: stmaryrd 1994/03/03 St Mary's Road symbol package
\symstmry=\mathgroup7
LaTeX Font Info:    Overwriting symbol font `stmry' in version `bold'
(Font)                  U/stmry/m/n --> U/stmry/b/n on input line 89.
) (/usr/share/texmf-dist/tex/latex/physics/physics.sty
Package: physics 
 (/usr/share/texmf-dist/tex/latex/l3packages/xparse/xparse.sty (/usr/share/texmf-dist/tex/latex/l3kernel/expl3.sty
Package: expl3 2026-01-19 L3 programming layer (loader) 
 (/usr/share/texmf-dist/tex/latex/l3backend/l3backend-pdftex.def
File: l3backend-pdftex.def 2025-10-09 L3 backend support: PDF output (pdfTeX)
\l__color_backend_stack_int=\count338
))
Package: xparse 2025-10-09 L3 Experimental document command parser
)) (/usr/share/texmf-dist/tex/latex/enumitem/enumitem.sty
Package: enumitem 2025/02/06 v3.11 Customized lists
\labelindent=\skip61
\enit@outerparindent=\dimen308
\enit@toks=\toks52
\enit@inbox=\box68
\enit@count@id=\count339
\enitdp@description=\count340
) (/usr/share/texmf-dist/tex/latex/csquotes/csquotes.sty
Package: csquotes 2024-04-04 v5.2o context-sensitive quotations (JAW)
 (/usr/share/texmf-dist/tex/latex/etoolbox/etoolbox.sty
Package: etoolbox 2025/10/02 v2.5m e-TeX tools for LaTeX (JAW)
\etb@tempcnta=\count341
)
\csq@reset=\count342
\csq@gtype=\count343
\csq@glevel=\count344
\csq@qlevel=\count345
\csq@maxlvl=\count346
\csq@tshold=\count347
\csq@ltx@everypar=\toks53
 (/usr/share/texmf-dist/tex/latex/csquotes/csquotes.def
File: csquotes.def 2024-04-04 v5.2o csquotes generic definitions (JAW)
)
Package csquotes Info: Trying to load configuration file 'csquotes.cfg'...
Package csquotes Info: ... configuration file loaded successfully.
 (/usr/share/texmf-dist/tex/latex/csquotes/csquotes.cfg
File: csquotes.cfg 
)) (/usr/share/texmf-dist/tex/latex/tools/multicol.sty
Package: multicol 2025/10/21 v2.0b multicolumn formatting (FMi)
\c@tracingmulticols=\count348
\mult@box=\box69
\multicol@leftmargin=\dimen309
\c@unbalance=\count349
\c@collectmore=\count350
\doublecol@number=\count351
\multicoltolerance=\count352
\multicolpretolerance=\count353
\full@width=\dimen310
\page@free=\dimen311
\premulticols=\dimen312
\postmulticols=\dimen313
\multicolsep=\skip62
\multicolbaselineskip=\skip63
\partial@page=\box70
\last@line=\box71
\mc@boxedresult=\box72
\maxbalancingoverflow=\dimen314
\mult@rightbox=\box73
\mult@grightbox=\box74
\mult@firstbox=\box75
\mult@gfirstbox=\box76
\@tempa=\box77
\@tempa=\box78
\@tempa=\box79
\@tempa=\box80
\@tempa=\box81
\@tempa=\box82
\@tempa=\box83
\@tempa=\box84
\@tempa=\box85
\@tempa=\box86
\@tempa=\box87
\@tempa=\box88
\@tempa=\box89
\@tempa=\box90
\@tempa=\box91
\@tempa=\box92
\@tempa=\box93
\@tempa=\box94
\@tempa=\box95
\@tempa=\box96
\@tempa=\box97
\@tempa=\box98
\@tempa=\box99
\@tempa=\box100
\@tempa=\box101
\@tempa=\box102
\@tempa=\box103
\@tempa=\box104
\@tempa=\box105
\@tempa=\box106
\@tempa=\box107
\@tempa=\box108
\@tempa=\box109
\@tempa=\box110
\@tempa=\box111
\@tempa=\box112
\c@minrows=\count354
\c@columnbadness=\count355
\c@finalcolumnbadness=\count356
\last@try=\dimen315
\multicolovershoot=\dimen316
\multicolundershoot=\dimen317
\mult@nat@firstbox=\box113
\colbreak@box=\box114
\mc@col@check@num=\count357
\g__mc_curr_col_int=\count358
) (/usr/share/texmf-dist/tex/latex/tocloft/tocloft.sty
Package: tocloft 2017/08/31 v2.3i parameterised ToC, etc., typesetting
Package tocloft Info: The document has chapter divisions on input line 51.
\cftparskip=\skip64
\cftbeforetoctitleskip=\skip65
\cftaftertoctitleskip=\skip66
\cftbeforepartskip=\skip67
\cftpartnumwidth=\skip68
\cftpartindent=\skip69
\cftbeforechapskip=\skip70
\cftchapindent=\skip71
\cftchapnumwidth=\skip72
\cftbeforesecskip=\skip73
\cftsecindent=\skip74
\cftsecnumwidth=\skip75
\cftbeforesubsecskip=\skip76
\cftsubsecindent=\skip77
\cftsubsecnumwidth=\skip78
\cftbeforesubsubsecskip=\skip79
\cftsubsubsecindent=\skip80
\cftsubsubsecnumwidth=\skip81
\cftbeforeparaskip=\skip82
\cftparaindent=\skip83
\cftparanumwidth=\skip84
\cftbeforesubparaskip=\skip85
\cftsubparaindent=\skip86
\cftsubparanumwidth=\skip87
\cftbeforeloftitleskip=\skip88
\cftafterloftitleskip=\skip89
\cftbeforefigskip=\skip90
\cftfigindent=\skip91
\cftfignumwidth=\skip92
\c@lofdepth=\count359
\c@lotdepth=\count360
\cftbeforelottitleskip=\skip93
\cftafterlottitleskip=\skip94
\cftbeforetabskip=\skip95
\cfttabindent=\skip96
\cfttabnumwidth=\skip97
) (/usr/share/texmf-dist/tex/latex/tikz-3dplot/tikz-3dplot.sty (/usr/share/texmf-dist/tex/latex/base/ifthen.sty
Package: ifthen 2024/03/16 v1.1e Standard LaTeX ifthen package (DPC)
) (/usr/share/texmf-dist/tex/generic/pgf/frontendlayer/tikz/libraries/tikzlibrary3d.code.tex
File: tikzlibrary3d.code.tex 2025-08-29 v3.1.11a (3.1.11a)
)) (/usr/share/texmf-dist/tex/latex/mdframed/mdframed.sty
Package: mdframed 2013/07/01 1.9b: mdframed
 (/usr/share/texmf-dist/tex/latex/kvoptions/kvoptions.sty
Package: kvoptions 2022-06-15 v3.15 Key value format for package options (HO)
 (/usr/share/texmf-dist/tex/generic/ltxcmds/ltxcmds.sty
Package: ltxcmds 2023-12-04 v1.26 LaTeX kernel commands for general use (HO)
)) (/usr/share/texmf-dist/tex/latex/zref/zref-abspage.sty
Package: zref-abspage 2025-06-08 v2.36 Module abspage for zref (HO)
 (/usr/share/texmf-dist/tex/latex/zref/zref-base.sty
Package: zref-base 2025-06-08 v2.36 Module base for zref (HO)
 (/usr/share/texmf-dist/tex/generic/infwarerr/infwarerr.sty
Package: infwarerr 2019/12/03 v1.5 Providing info/warning/error messages (HO)
) (/usr/share/texmf-dist/tex/generic/kvdefinekeys/kvdefinekeys.sty
Package: kvdefinekeys 2019-12-19 v1.6 Define keys (HO)
) (/usr/share/texmf-dist/tex/generic/pdftexcmds/pdftexcmds.sty
Package: pdftexcmds 2020-06-27 v0.33 Utility functions of pdfTeX for LuaTeX (HO)
Package pdftexcmds Info: \pdf@primitive is available.
Package pdftexcmds Info: \pdf@ifprimitive is available.
Package pdftexcmds Info: \pdfdraftmode found.
) (/usr/share/texmf-dist/tex/generic/etexcmds/etexcmds.sty
Package: etexcmds 2019/12/15 v1.7 Avoid name clashes with e-TeX commands (HO)
) (/usr/share/texmf-dist/tex/latex/auxhook/auxhook.sty
Package: auxhook 2019-12-17 v1.6 Hooks for auxiliary files (HO)
)
Package zref Info: New property list: main on input line 767.
Package zref Info: New property: default on input line 768.
Package zref Info: New property: page on input line 769.
)
\c@abspage=\count361
Package zref Info: New property: abspage on input line 67.
) (/usr/share/texmf-dist/tex/latex/needspace/needspace.sty
Package: needspace 2025/03/13 v1.3e reserve vertical space
)
\mdf@templength=\skip98
\c@mdf@globalstyle@cnt=\count362
\mdf@skipabove@length=\skip99
\mdf@skipbelow@length=\skip100
\mdf@leftmargin@length=\skip101
\mdf@rightmargin@length=\skip102
\mdf@innerleftmargin@length=\skip103
\mdf@innerrightmargin@length=\skip104
\mdf@innertopmargin@length=\skip105
\mdf@innerbottommargin@length=\skip106
\mdf@splittopskip@length=\skip107
\mdf@splitbottomskip@length=\skip108
\mdf@outermargin@length=\skip109
\mdf@innermargin@length=\skip110
\mdf@linewidth@length=\skip111
\mdf@innerlinewidth@length=\skip112
\mdf@middlelinewidth@length=\skip113
\mdf@outerlinewidth@length=\skip114
\mdf@roundcorner@length=\skip115
\mdf@footenotedistance@length=\skip116
\mdf@userdefinedwidth@length=\skip117
\mdf@needspace@length=\skip118
\mdf@frametitleaboveskip@length=\skip119
\mdf@frametitlebelowskip@length=\skip120
\mdf@frametitlerulewidth@length=\skip121
\mdf@frametitleleftmargin@length=\skip122
\mdf@frametitlerightmargin@length=\skip123
\mdf@shadowsize@length=\skip124
\mdf@extratopheight@length=\skip125
\mdf@subtitleabovelinewidth@length=\skip126
\mdf@subtitlebelowlinewidth@length=\skip127
\mdf@subtitleaboveskip@length=\skip128
\mdf@subtitlebelowskip@length=\skip129
\mdf@subtitleinneraboveskip@length=\skip130
\mdf@subtitleinnerbelowskip@length=\skip131
\mdf@subsubtitleabovelinewidth@length=\skip132
\mdf@subsubtitlebelowlinewidth@length=\skip133
\mdf@subsubtitleaboveskip@length=\skip134
\mdf@subsubtitlebelowskip@length=\skip135
\mdf@subsubtitleinneraboveskip@length=\skip136
\mdf@subsubtitleinnerbelowskip@length=\skip137
 (/usr/share/texmf-dist/tex/latex/mdframed/md-frame-1.mdf
File: md-frame-1.mdf 2013/07/01\ 1.9b: md-frame-1
)
\mdf@frametitlebox=\box115
\mdf@footnotebox=\box116
\mdf@splitbox@one=\box117
\mdf@splitbox@two=\box118
\mdf@splitbox@save=\box119
\mdfsplitboxwidth=\skip138
\mdfsplitboxtotalwidth=\skip139
\mdfsplitboxheight=\skip140
\mdfsplitboxdepth=\skip141
\mdfsplitboxtotalheight=\skip142
\mdfframetitleboxwidth=\skip143
\mdfframetitleboxtotalwidth=\skip144
\mdfframetitleboxheight=\skip145
\mdfframetitleboxdepth=\skip146
\mdfframetitleboxtotalheight=\skip147
\mdffootnoteboxwidth=\skip148
\mdffootnoteboxtotalwidth=\skip149
\mdffootnoteboxheight=\skip150
\mdffootnoteboxdepth=\skip151
\mdffootnoteboxtotalheight=\skip152
\mdftotallinewidth=\skip153
\mdfboundingboxwidth=\skip154
\mdfboundingboxtotalwidth=\skip155
\mdfboundingboxheight=\skip156
\mdfboundingboxdepth=\skip157
\mdfboundingboxtotalheight=\skip158
\mdf@freevspace@length=\skip159
\mdf@horizontalwidthofbox@length=\skip160
\mdf@verticalmarginwhole@length=\skip161
\mdf@horizontalspaceofbox=\skip162
\mdfsubtitleheight=\skip163
\mdfsubsubtitleheight=\skip164
\c@mdfcountframes=\count363

****** mdframed patching \endmdf@trivlist

****** -- success******

\mdf@envdepth=\count364
\c@mdf@env@i=\count365
\c@mdf@env@ii=\count366
\c@mdf@zref@counter=\count367
Package zref Info: New property: mdf@pagevalue on input line 895.
)
\c@defn=\count368
\c@teor=\count369
\c@prop=\count370
\c@lema=\count371
\c@coro=\count372
\c@ejemplo=\count373
\c@ejercicio=\count374
 (/usr/share/texmf-dist/tex/latex/hyperref/hyperref.sty
Package: hyperref 2026-01-29 v7.01p Hypertext links for LaTeX
 (/usr/share/texmf-dist/tex/generic/pdfescape/pdfescape.sty
Package: pdfescape 2019/12/09 v1.15 Implements pdfTeX's escape features (HO)
) (/usr/share/texmf-dist/tex/latex/hycolor/hycolor.sty
Package: hycolor 2020-01-27 v1.10 Color options for hyperref/bookmark (HO)
) (/usr/share/texmf-dist/tex/latex/hyperref/nameref.sty
Package: nameref 2026-01-29 v2.58 Cross-referencing by name of section
 (/usr/share/texmf-dist/tex/latex/refcount/refcount.sty
Package: refcount 2019/12/15 v3.6 Data extraction from label references (HO)
) (/usr/share/texmf-dist/tex/generic/gettitlestring/gettitlestring.sty
Package: gettitlestring 2019/12/15 v1.6 Cleanup title references (HO)
)
\c@section@level=\count375
) (/usr/share/texmf-dist/tex/generic/stringenc/stringenc.sty
Package: stringenc 2019/11/29 v1.12 Convert strings between diff. encodings (HO)
)
\@linkdim=\dimen318
\Hy@linkcounter=\count376
\Hy@pagecounter=\count377
 (/usr/share/texmf-dist/tex/latex/hyperref/pd1enc.def
File: pd1enc.def 2026-01-29 v7.01p Hyperref: PDFDocEncoding definition (HO)
Now handling font encoding PD1 ...
... no UTF-8 mapping file for font encoding PD1
) (/usr/share/texmf-dist/tex/generic/intcalc/intcalc.sty
Package: intcalc 2019/12/15 v1.3 Expandable calculations with integers (HO)
)
\Hy@SavedSpaceFactor=\count378
 (/usr/share/texmf-dist/tex/latex/hyperref/puenc.def
File: puenc.def 2026-01-29 v7.01p Hyperref: PDF Unicode definition (HO)
Now handling font encoding PU ...
... no UTF-8 mapping file for font encoding PU
)
Package hyperref Info: Hyper figures OFF on input line 4201.
Package hyperref Info: Link nesting OFF on input line 4206.
Package hyperref Info: Hyper index ON on input line 4209.
Package hyperref Info: Plain pages OFF on input line 4216.
Package hyperref Info: Backreferencing OFF on input line 4221.
Package hyperref Info: Implicit mode ON; LaTeX internals redefined.
Package hyperref Info: Bookmarks ON on input line 4468.
\c@Hy@tempcnt=\count379
 (/usr/share/texmf-dist/tex/latex/url/url.sty
\Urlmuskip=\muskip18
Package: url 2013/09/16  ver 3.4  Verb mode for urls, etc.
)
LaTeX Info: Redefining \url on input line 4807.
\XeTeXLinkMargin=\dimen319
 (/usr/share/texmf-dist/tex/generic/bitset/bitset.sty
Package: bitset 2019/12/09 v1.3 Handle bit-vector datatype (HO)
 (/usr/share/texmf-dist/tex/generic/bigintcalc/bigintcalc.sty
Package: bigintcalc 2019/12/15 v1.5 Expandable calculations on big integers (HO)
))
\Fld@menulength=\count380
\Field@Width=\dimen320
\Fld@charsize=\dimen321
Package hyperref Info: Hyper figures OFF on input line 6084.
Package hyperref Info: Link nesting OFF on input line 6089.
Package hyperref Info: Hyper index ON on input line 6092.
Package hyperref Info: backreferencing OFF on input line 6099.
Package hyperref Info: Link coloring OFF on input line 6104.
Package hyperref Info: Link coloring with OCG OFF on input line 6109.
Package hyperref Info: PDF/A mode OFF on input line 6114.
\Hy@abspage=\count381
\c@Item=\count382
\c@Hfootnote=\count383
)
Package hyperref Info: Driver (autodetected): hpdftex.
 (/usr/share/texmf-dist/tex/latex/hyperref/hpdftex.def
File: hpdftex.def 2026-01-29 v7.01p Hyperref driver for pdfTeX
\HyAnn@Count=\count384
\Fld@listcount=\count385
\c@bookmark@seq@number=\count386
 (/usr/share/texmf-dist/tex/latex/rerunfilecheck/rerunfilecheck.sty
Package: rerunfilecheck 2025-06-21 v1.11 Rerun checks for auxiliary files (HO)
 (/usr/share/texmf-dist/tex/generic/uniquecounter/uniquecounter.sty
Package: uniquecounter 2019/12/15 v1.4 Provide unlimited unique counter (HO)
)
Package uniquecounter Info: New unique counter `rerunfilecheck' on input line 284.
)
\Hy@SectionHShift=\skip165
)
Package hyperref Info: Option `colorlinks' set `true' on input line 318.
) (/usr/share/texmf-dist/tex/latex/float/float.sty
Package: float 2001/11/08 v1.3d Float enhancements (AL)
\c@float@type=\count387
\float@exts=\toks54
\float@box=\box120
\@float@everytoks=\toks55
\@floatcapt=\box121
) (/usr/share/texmf-dist/tex/latex/placeins/placeins.sty
Package: placeins 2005/04/18  v 2.2
) (/usr/share/texmf-dist/tex/latex/pdfpages/pdfpages.sty
Package: pdfpages 2025/07/23 v0.6g Insert pages of external PDF documents (AM)
 (/usr/share/texmf-dist/tex/latex/eso-pic/eso-pic.sty
Package: eso-pic 2025/12/10 v3.0d eso-pic (RN)
\ESO@tempdima=\dimen322
\ESO@tempdimb=\dimen323
)
\AM@pagewidth=\dimen324
\AM@pageheight=\dimen325
\AM@fboxrule=\dimen326
 (/usr/share/texmf-dist/tex/latex/pdfpages/pppdftex.def
File: pppdftex.def 2025/07/23 v0.6g Pdfpages driver for pdfTeX (AM)
)
\pdfpages@includegraphics@status=\count388
\AM@pagebox=\box122
\AM@global@opts=\toks56
\AM@pagecnt=\count389
\AM@toc@title=\toks57
\AM@lof@heading=\toks58
\c@AM@survey=\count390
\AM@templatesizebox=\box123
) (/usr/share/texmf-dist/tex/latex/tikz-cd/tikz-cd.sty
Package: tikz-cd 2021/05/04 v1.0 Commutative diagrams with TikZ
 (/usr/share/texmf-dist/tex/generic/tikz-cd/tikzlibrarycd.code.tex (/usr/share/texmf-dist/tex/generic/pgf/frontendlayer/tikz/libraries/tikzlibrarymatrix.code.tex
File: tikzlibrarymatrix.code.tex 2025-08-29 v3.1.11a (3.1.11a)
) (/usr/share/texmf-dist/tex/generic/pgf/libraries/pgflibraryarrows.meta.code.tex
File: pgflibraryarrows.meta.code.tex 2025-08-29 v3.1.11a (3.1.11a)
\pgfarrowinset=\dimen327
\pgfarrowlength=\dimen328
\pgfarrowwidth=\dimen329
\pgfarrowlinewidth=\dimen330
)))
Package csquotes Info: Checking for multilingual support...
Package csquotes Info: ... found 'babel' package.
Package csquotes Info: Adjusting default style.
Package csquotes Info: Redefining alias 'default' -> 'spanish'.
LaTeX Font Info:    Trying to load font information for T1+lmr on input line 20.
 (/usr/share/texmf-dist/tex/latex/lm/t1lmr.fd
File: t1lmr.fd 2015/05/01 v1.6.1 Font defs for Latin Modern
) (./Algebra_lineal.aux
LaTeX Info: Redefining \. on input line 12.
LaTeX Info: Redefining \% on input line 12.
Package babel Info: 'spanish' activates 'spanish' shorthands.
(babel)             Reported on input line 12.
)
\openout1 = `Algebra_lineal.aux'.

LaTeX Font Info:    Checking defaults for OML/cmm/m/it on input line 20.
LaTeX Font Info:    ... okay on input line 20.
LaTeX Font Info:    Checking defaults for OMS/cmsy/m/n on input line 20.
LaTeX Font Info:    ... okay on input line 20.
LaTeX Font Info:    Checking defaults for OT1/cmr/m/n on input line 20.
LaTeX Font Info:    ... okay on input line 20.
LaTeX Font Info:    Checking defaults for T1/cmr/m/n on input line 20.
LaTeX Font Info:    ... okay on input line 20.
LaTeX Font Info:    Checking defaults for TS1/cmr/m/n on input line 20.
LaTeX Font Info:    ... okay on input line 20.
LaTeX Font Info:    Checking defaults for OMX/cmex/m/n on input line 20.
LaTeX Font Info:    ... okay on input line 20.
LaTeX Font Info:    Checking defaults for U/cmr/m/n on input line 20.
LaTeX Font Info:    ... okay on input line 20.
LaTeX Font Info:    Checking defaults for PD1/pdf/m/n on input line 20.
LaTeX Font Info:    ... okay on input line 20.
LaTeX Font Info:    Checking defaults for PU/pdf/m/n on input line 20.
LaTeX Font Info:    ... okay on input line 20.
LaTeX Info: Redefining \. on input line 20.
LaTeX Info: Redefining \% on input line 20.

*geometry* driver: auto-detecting
*geometry* detected driver: pdftex
*geometry* verbose mode - [ preamble ] result:
* driver: pdftex
* paper: a4paper
* layout: <same size as paper>
* layoutoffset:(h,v)=(0.0pt,0.0pt)
* modes: twoside 
* h-part:(L,W,R)=(42.67912pt, 512.14963pt, 42.67912pt)
* v-part:(T,H,B)=(42.67912pt, 759.6886pt, 42.67912pt)
* \paperwidth=597.50787pt
* \paperheight=845.04684pt
* \textwidth=512.14963pt
* \textheight=759.6886pt
* \oddsidemargin=-29.59087pt
* \evensidemargin=-29.59087pt
* \topmargin=-61.46466pt
* \headheight=12.0pt
* \headsep=19.8738pt
* \topskip=12.0pt
* \footskip=30.0pt
* \marginparwidth=56.9055pt
* \marginparsep=10.0pt
* \columnsep=10.0pt
* \skip\footins=10.8pt plus 4.0pt minus 2.0pt
* \hoffset=0.0pt
* \voffset=0.0pt
* \mag=1000
* \@twocolumnfalse
* \@twosidetrue
* \@mparswitchtrue
* \@reversemarginfalse
* (1in=72.27pt=25.4mm, 1cm=28.453pt)

(/usr/share/texmf-dist/tex/context/base/mkii/supp-pdf.mkii
[Loading MPS to PDF converter (version 2006.09.02).]
\scratchcounter=\count391
\scratchdimen=\dimen331
\scratchbox=\box124
\nofMPsegments=\count392
\nofMParguments=\count393
\everyMPshowfont=\toks59
\MPscratchCnt=\count394
\MPscratchDim=\dimen332
\MPnumerator=\count395
\makeMPintoPDFobject=\count396
\everyMPtoPDFconversion=\toks60
) (/usr/share/texmf-dist/tex/latex/epstopdf-pkg/epstopdf-base.sty
Package: epstopdf-base 2020-01-24 v2.11 Base part for package epstopdf
Package epstopdf-base Info: Redefining graphics rule for `.eps' on input line 485.
 (/usr/share/texmf-dist/tex/latex/latexconfig/epstopdf-sys.cfg
File: epstopdf-sys.cfg 2010/07/13 v1.3 Configuration of (r)epstopdf for TeX Live
))
Package pgfplots notification 'compat/show suggested version=true': document has been generated with the most recent feature set (\pgfplotsset{compat=1.18}).

Package caption Info: Begin \AtBeginDocument code.
Package caption Info: float package is loaded.
Package caption Info: hyperref package is loaded.
Package caption Info: End \AtBeginDocument code.
Package hyperref Info: Link coloring ON on input line 20.
(./Algebra_lineal.out) (./Algebra_lineal.out)
\@outlinefile=\write4
\openout4 = `Algebra_lineal.out'.

 (/usr/share/texmf-dist/tex/latex/pdflscape/pdflscape.sty
Package: pdflscape 2025-06-23 v0.14 Display of landscape pages in PDF
 (/usr/share/texmf-dist/tex/latex/pdflscape/pdflscape-nometadata.sty
Package: pdflscape-nometadata 2025-06-23 v0.14 Display of landscape pages in PDF (HO)
 (/usr/share/texmf-dist/tex/latex/graphics/lscape.sty
Package: lscape 2020/05/28 v3.02 Landscape Pages (DPC)
)
Package pdflscape Info: Auto-detected driver: pdftex on input line 81.
))
<portada_lineal.pdf, id=127, 483.6971pt x 682.86618pt>
File: portada_lineal.pdf Graphic file (type pdf)
<use portada_lineal.pdf>
Package pdftex.def Info: portada_lineal.pdf  used on input line 24.
(pdftex.def)             Requested size: 483.69592pt x 682.8645pt.
<portada_lineal.pdf, id=129, page=1, 483.6971pt x 682.86618pt>
File: portada_lineal.pdf Graphic file (type pdf)
<use portada_lineal.pdf, page 1>
Package pdftex.def Info: portada_lineal.pdf , page1 used on input line 24.
(pdftex.def)             Requested size: 483.69592pt x 682.8645pt.
File: portada_lineal.pdf Graphic file (type pdf)
<use portada_lineal.pdf, page 1>
Package pdftex.def Info: portada_lineal.pdf , page1 used on input line 24.
(pdftex.def)             Requested size: 598.36852pt x 844.75514pt.
File: portada_lineal.pdf Graphic file (type pdf)
<use portada_lineal.pdf, page 1>
Package pdftex.def Info: portada_lineal.pdf , page1 used on input line 24.
(pdftex.def)             Requested size: 598.36852pt x 844.75514pt.
File: portada_lineal.pdf Graphic file (type pdf)
<use portada_lineal.pdf, page 1>
Package pdftex.def Info: portada_lineal.pdf , page1 used on input line 24.
(pdftex.def)             Requested size: 598.36852pt x 844.75514pt.
File: portada_lineal.pdf Graphic file (type pdf)
<use portada_lineal.pdf, page 1>
Package pdftex.def Info: portada_lineal.pdf , page1 used on input line 24.
(pdftex.def)             Requested size: 598.36852pt x 844.75514pt.
 [1


 <./portada_lineal.pdf{/var/lib/texmf/fonts/map/pdftex/updmap/pdftex.map}>] [2{/usr/share/texmf-dist/fonts/enc/dvips/lm/lm-ec.enc}]
Package mdframed Info: mdframed works in twoside mode on input line 64.
Package mdframed Info: mdframed detected package amsthm 
 changed the theorem header of amsthm
(mdframed)              on input line 64.
Package mdframed Info: Not enough space on this page on input line 77.
 (./Algebra_lineal.toc
LaTeX Info: Redefining \. on input line 1.
LaTeX Info: Redefining \% on input line 1.
LaTeX Font Info:    Trying to load font information for OT1+lmr on input line 2.
 (/usr/share/texmf-dist/tex/latex/lm/ot1lmr.fd
File: ot1lmr.fd 2015/05/01 v1.6.1 Font defs for Latin Modern
)
LaTeX Font Info:    Trying to load font information for OML+lmm on input line 2.
 (/usr/share/texmf-dist/tex/latex/lm/omllmm.fd
File: omllmm.fd 2015/05/01 v1.6.1 Font defs for Latin Modern
)
LaTeX Font Info:    Trying to load font information for OMS+lmsy on input line 2.
 (/usr/share/texmf-dist/tex/latex/lm/omslmsy.fd
File: omslmsy.fd 2015/05/01 v1.6.1 Font defs for Latin Modern
)
LaTeX Font Info:    Trying to load font information for OMX+lmex on input line 2.
 (/usr/share/texmf-dist/tex/latex/lm/omxlmex.fd
File: omxlmex.fd 2015/05/01 v1.6.1 Font defs for Latin Modern
)
LaTeX Font Info:    External font `lmex10' loaded for size
(Font)              <12> on input line 2.
LaTeX Font Info:    External font `lmex10' loaded for size
(Font)              <8> on input line 2.
LaTeX Font Info:    External font `lmex10' loaded for size
(Font)              <6> on input line 2.
LaTeX Font Info:    Trying to load font information for U+msa on input line 2.
 (/usr/share/texmf-dist/tex/latex/amsfonts/umsa.fd
File: umsa.fd 2013/01/14 v3.01 AMS symbols A
)
LaTeX Font Info:    Trying to load font information for U+msb on input line 2.
 (/usr/share/texmf-dist/tex/latex/amsfonts/umsb.fd
File: umsb.fd 2013/01/14 v3.01 AMS symbols B
)
LaTeX Font Info:    Trying to load font information for U+rsfs on input line 2.
 (/usr/share/texmf-dist/tex/latex/jknapltx/ursfs.fd
File: ursfs.fd 1998/03/24 rsfs font definition file (jk)
)
LaTeX Font Info:    Trying to load font information for U+stmry on input line 2.
 (/usr/share/texmf-dist/tex/latex/stmaryrd/Ustmry.fd))
\tf@toc=\write5
\openout5 = `Algebra_lineal.toc'.


pdfTeX warning (ext4): destination with the same identifier (name{page.1}) has been already used, duplicate ignored
<to be read again> 
                   \relax 
l.85     \chapter
                 {Ecuaciones Lineales} [1

]
LaTeX Info: Redefining \. on input line 85.
LaTeX Info: Redefining \% on input line 85.
Package babel Info: 'spanish' activates 'spanish' shorthands.
(babel)             Reported on input line 85.

pdfTeX warning (ext4): destination with the same identifier (name{page.2}) has been already used, duplicate ignored
<to be read again> 
                   \relax 
l.85     \chapter
                 {Ecuaciones Lineales} [2

]
Cap\'{\i }tulo 1.
[3{/usr/share/texmf-dist/fonts/enc/dvips/lm/lm-mathit.enc}{/usr/share/texmf-dist/fonts/enc/dvips/lm/lm-rm.enc}{/usr/share/texmf-dist/fonts/enc/dvips/lm/lm-mathsy.enc}]
Package mdframed Info: mdframed works in twoside mode on input line 147.
Package mdframed Info: mdframed detected package amsthm 
 changed the theorem header of amsthm
(mdframed)              on input line 147.
Package mdframed Info: mdframed detected package amsthm 
 changed the theorem header of amsthm
(mdframed)              on input line 149.
LaTeX Info: Redefining \. on input line 149.
LaTeX Info: Redefining \% on input line 149.
 [4{/usr/share/texmf-dist/fonts/enc/dvips/lm/lm-mathex.enc}]
Package mdframed Info: mdframed works in twoside mode on input line 153.
Package mdframed Info: mdframed detected package amsthm 
 changed the theorem header of amsthm
(mdframed)              on input line 153.
Package mdframed Info: mdframed detected package amsthm 
 changed the theorem header of amsthm
(mdframed)              on input line 171.
Package mdframed Info: mdframed works in twoside mode on input line 181.
Package mdframed Info: mdframed detected package amsthm 
 changed the theorem header of amsthm
(mdframed)              on input line 181.
Package mdframed Info: mdframed detected package amsthm 
 changed the theorem header of amsthm
(mdframed)              on input line 187.
LaTeX Info: Redefining \. on input line 192.
LaTeX Info: Redefining \% on input line 192.
 [5]
pdfTeX warning (ext4): destination with the same identifier (name{equation.1.1}) has been already used, duplicate ignored
<to be read again> 
                   \relax 
l.206         \begin{equation}
                              
pdfTeX warning (ext4): destination with the same identifier (name{equation.1.1}) has been already used, duplicate ignored
<to be read again> 
                   \relax 
l.206         \begin{equation}
                              
pdfTeX warning (ext4): destination with the same identifier (name{equation.1.1}) has been already used, duplicate ignored
<to be read again> 
                   \relax 
l.206         \begin{equation}
                              
pdfTeX warning (ext4): destination with the same identifier (name{equation.1.1}) has been already used, duplicate ignored
<to be read again> 
                   \relax 
l.206         \begin{equation}
                              
LaTeX Info: Redefining \. on input line 243.
LaTeX Info: Redefining \% on input line 243.
 [6]
pdfTeX warning (ext4): destination with the same identifier (name{equation.1.1}) has been already used, duplicate ignored
<to be read again> 
                   \relax 
l.269     \begin{equation}
                          
pdfTeX warning (ext4): destination with the same identifier (name{equation.1.1}) has been already used, duplicate ignored
<to be read again> 
                   \relax 
l.269     \begin{equation}
                          
pdfTeX warning (ext4): destination with the same identifier (name{equation.1.1}) has been already used, duplicate ignored
<to be read again> 
                   \relax 
l.269     \begin{equation}
                          
pdfTeX warning (ext4): destination with the same identifier (name{equation.1.1}) has been already used, duplicate ignored
<to be read again> 
                   \relax 
l.269     \begin{equation}
                          
Package mdframed Info: mdframed works in twoside mode on input line 281.
Package mdframed Info: mdframed detected package amsthm 
 changed the theorem header of amsthm
(mdframed)              on input line 281.
Package mdframed Info: mdframed detected package amsthm 
 changed the theorem header of amsthm
(mdframed)              on input line 283.
Package mdframed Info: mdframed works in twoside mode on input line 288.
Package mdframed Info: mdframed detected package amsthm 
 changed the theorem header of amsthm
(mdframed)              on input line 288.
Package mdframed Info: mdframed detected package amsthm 
 changed the theorem header of amsthm
(mdframed)              on input line 289.
LaTeX Info: Redefining \. on input line 295.
LaTeX Info: Redefining \% on input line 295.
 [7]
Package mdframed Info: mdframed works in twoside mode on input line 305.
Package mdframed Info: mdframed detected package amsthm 
 changed the theorem header of amsthm
(mdframed)              on input line 305.
Package mdframed Info: mdframed detected package amsthm 
 changed the theorem header of amsthm
(mdframed)              on input line 311.
LaTeX Info: Redefining \. on input line 337.
LaTeX Info: Redefining \% on input line 337.
 [8]
LaTeX Info: Redefining \. on input line 407.
LaTeX Info: Redefining \% on input line 407.
 [9]
Package mdframed Info: mdframed works in twoside mode on input line 411.
Package mdframed Info: mdframed detected package amsthm 
 changed the theorem header of amsthm
(mdframed)              on input line 411.
Package mdframed Info: mdframed detected package amsthm 
 changed the theorem header of amsthm
(mdframed)              on input line 417.
LaTeX Info: Redefining \. on input line 485.
LaTeX Info: Redefining \% on input line 485.
 [10]
Package mdframed Info: mdframed works in twoside mode on input line 490.
Package mdframed Info: mdframed detected package amsthm 
 changed the theorem header of amsthm
(mdframed)              on input line 490.
Package mdframed Info: mdframed detected package amsthm 
 changed the theorem header of amsthm
(mdframed)              on input line 491.
Package mdframed Info: mdframed works in twoside mode on input line 517.
Package mdframed Info: mdframed detected package amsthm 
 changed the theorem header of amsthm
(mdframed)              on input line 517.
Package mdframed Info: mdframed detected package amsthm 
 changed the theorem header of amsthm
(mdframed)              on input line 523.
Package mdframed Info: mdframed works in twoside mode on input line 533.
Package mdframed Info: mdframed detected package amsthm 
 changed the theorem header of amsthm
(mdframed)              on input line 533.
Package mdframed Info: mdframed detected package amsthm 
 changed the theorem header of amsthm
(mdframed)              on input line 535.
LaTeX Info: Redefining \. on input line 535.
LaTeX Info: Redefining \% on input line 535.
 [11]
Package mdframed Info: mdframed works in twoside mode on input line 542.
Package mdframed Info: mdframed detected package amsthm 
 changed the theorem header of amsthm
(mdframed)              on input line 542.
Package mdframed Info: mdframed detected package amsthm 
 changed the theorem header of amsthm
(mdframed)              on input line 557.
Package mdframed Info: mdframed works in twoside mode on input line 565.
Package mdframed Info: mdframed detected package amsthm 
 changed the theorem header of amsthm
(mdframed)              on input line 565.
Package mdframed Info: mdframed detected package amsthm 
 changed the theorem header of amsthm
(mdframed)              on input line 573.
LaTeX Info: Redefining \. on input line 576.
LaTeX Info: Redefining \% on input line 576.
 [12]
Package mdframed Info: mdframed works in twoside mode on input line 592.
Package mdframed Info: mdframed detected package amsthm 
 changed the theorem header of amsthm
(mdframed)              on input line 592.
Package mdframed Info: mdframed detected package amsthm 
 changed the theorem header of amsthm
(mdframed)              on input line 593.
LaTeX Info: Redefining \. on input line 635.
LaTeX Info: Redefining \% on input line 635.
 [13]
LaTeX Info: Redefining \. on input line 694.
LaTeX Info: Redefining \% on input line 694.
 [14]
Package mdframed Info: mdframed works in twoside mode on input line 697.
Package mdframed Info: mdframed detected package amsthm 
 changed the theorem header of amsthm
(mdframed)              on input line 697.
Package mdframed Info: mdframed detected package amsthm 
 changed the theorem header of amsthm
(mdframed)              on input line 698.
LaTeX Info: Redefining \. on input line 765.
LaTeX Info: Redefining \% on input line 765.
 [15]
Package mdframed Info: mdframed works in twoside mode on input line 791.
Package mdframed Info: mdframed detected package amsthm 
 changed the theorem header of amsthm
(mdframed)              on input line 791.
Package mdframed Info: mdframed detected package amsthm 
 changed the theorem header of amsthm
(mdframed)              on input line 793.
LaTeX Info: Redefining \. on input line 813.
LaTeX Info: Redefining \% on input line 813.
 [16]
Package mdframed Info: mdframed works in twoside mode on input line 813.
Package mdframed Info: mdframed detected package amsthm 
 changed the theorem header of amsthm
(mdframed)              on input line 813.
Package mdframed Info: mdframed detected package amsthm 
 changed the theorem header of amsthm
(mdframed)              on input line 814.
Package mdframed Info: mdframed works in twoside mode on input line 822.
Package mdframed Info: mdframed detected package amsthm 
 changed the theorem header of amsthm
(mdframed)              on input line 822.
Package mdframed Info: mdframed detected package amsthm 
 changed the theorem header of amsthm
(mdframed)              on input line 824.
LaTeX Info: Redefining \. on input line 883.
LaTeX Info: Redefining \% on input line 883.
 [17]
Package mdframed Info: mdframed works in twoside mode on input line 921.
Package mdframed Info: mdframed detected package amsthm 
 changed the theorem header of amsthm
(mdframed)              on input line 921.
Package mdframed Info: mdframed detected package amsthm 
 changed the theorem header of amsthm
(mdframed)              on input line 923.
LaTeX Info: Redefining \. on input line 948.
LaTeX Info: Redefining \% on input line 948.
 [18]
Package mdframed Info: mdframed works in twoside mode on input line 985.
Package mdframed Info: mdframed detected package amsthm 
 changed the theorem header of amsthm
(mdframed)              on input line 985.
Package mdframed Info: mdframed detected package amsthm 
 changed the theorem header of amsthm
(mdframed)              on input line 987.
LaTeX Info: Redefining \. on input line 1030.
LaTeX Info: Redefining \% on input line 1030.
 [19]
Package mdframed Info: mdframed works in twoside mode on input line 1054.
Package mdframed Info: mdframed detected package amsthm 
 changed the theorem header of amsthm
(mdframed)              on input line 1054.
Package mdframed Info: mdframed detected package amsthm 
 changed the theorem header of amsthm
(mdframed)              on input line 1059.
LaTeX Info: Redefining \. on input line 1085.
LaTeX Info: Redefining \% on input line 1085.
 [20]
Package mdframed Info: mdframed works in twoside mode on input line 1113.
Package mdframed Info: mdframed detected package amsthm 
 changed the theorem header of amsthm
(mdframed)              on input line 1113.
Package mdframed Info: mdframed detected package amsthm 
 changed the theorem header of amsthm
(mdframed)              on input line 1123.
Package mdframed Info: mdframed works in twoside mode on input line 1132.
Package mdframed Info: mdframed detected package amsthm 
 changed the theorem header of amsthm
(mdframed)              on input line 1132.
Package mdframed Info: mdframed detected package amsthm 
 changed the theorem header of amsthm
(mdframed)              on input line 1134.
LaTeX Info: Redefining \. on input line 1140.
LaTeX Info: Redefining \% on input line 1140.
 [21]
Package mdframed Info: mdframed works in twoside mode on input line 1145.
Package mdframed Info: mdframed detected package amsthm 
 changed the theorem header of amsthm
(mdframed)              on input line 1145.
Package mdframed Info: mdframed detected package amsthm 
 changed the theorem header of amsthm
(mdframed)              on input line 1150.
LaTeX Info: Redefining \. on input line 1222.
LaTeX Info: Redefining \% on input line 1222.
 [22]
Overfull \hbox (2.19763pt too wide) in paragraph at lines 1222--1225
$\OML/lmm/m/it/12 A; B \OMS/lmsy/m/n/12 2 \OML/lmm/m/it/12 M[]\OT1/lmr/m/n/12 (\OML/lmm/m/it/12 F\OT1/lmr/m/n/12 )$ \T1/lmr/m/n/12 equi-va-len-tes y exis-te $\OML/lmm/m/it/12 A[]$\T1/lmr/m/n/12 ,�Existe $\OML/lmm/m/it/12 B[]\OT1/lmr/m/n/12 ?$ \T1/lmr/m/n/12 Co-mo son equi-va-len-tes exis-te $\OML/lmm/m/it/12 P \OMS/lmsy/m/n/12 2 \OML/lmm/m/it/12 M[]\OT1/lmr/m/n/12 (\OML/lmm/m/it/12 F\OT1/lmr/m/n/12 )$
 []

Package mdframed Info: mdframed works in twoside mode on input line 1235.
Package mdframed Info: mdframed detected package amsthm 
 changed the theorem header of amsthm
(mdframed)              on input line 1235.
Package mdframed Info: mdframed detected package amsthm 
 changed the theorem header of amsthm
(mdframed)              on input line 1237.
Package mdframed Info: mdframed works in twoside mode on input line 1255.
Package mdframed Info: mdframed detected package amsthm 
 changed the theorem header of amsthm
(mdframed)              on input line 1255.
Package mdframed Info: mdframed detected package amsthm 
 changed the theorem header of amsthm
(mdframed)              on input line 1257.
Package mdframed Info: mdframed works in twoside mode on input line 1266.
Package mdframed Info: mdframed detected package amsthm 
 changed the theorem header of amsthm
(mdframed)              on input line 1266.
Package mdframed Info: mdframed detected package amsthm 
 changed the theorem header of amsthm
(mdframed)              on input line 1269.
LaTeX Info: Redefining \. on input line 1269.
LaTeX Info: Redefining \% on input line 1269.
[23]
Package mdframed Info: mdframed works in twoside mode on input line 1278.
Package mdframed Info: mdframed detected package amsthm 
 changed the theorem header of amsthm
(mdframed)              on input line 1278.
Package mdframed Info: mdframed detected package amsthm 
 changed the theorem header of amsthm
(mdframed)              on input line 1284.
LaTeX Info: Redefining \. on input line 1314.
LaTeX Info: Redefining \% on input line 1314.
 [24]
Package mdframed Info: mdframed works in twoside mode on input line 1321.
Package mdframed Info: mdframed detected package amsthm 
 changed the theorem header of amsthm
(mdframed)              on input line 1321.
Package mdframed Info: mdframed detected package amsthm 
 changed the theorem header of amsthm
(mdframed)              on input line 1326.
Package mdframed Info: mdframed works in twoside mode on input line 1336.
Package mdframed Info: mdframed detected package amsthm 
 changed the theorem header of amsthm
(mdframed)              on input line 1336.
Package mdframed Info: mdframed detected package amsthm 
 changed the theorem header of amsthm
(mdframed)              on input line 1380.
LaTeX Info: Redefining \. on input line 1389.
LaTeX Info: Redefining \% on input line 1389.
 [25]
pdfTeX warning (ext4): destination with the same identifier (name{equation.1.1}) has been already used, duplicate ignored
<to be read again> 
                   \relax 
l.1450         \end{align}
                          
LaTeX Info: Redefining \. on input line 1460.
LaTeX Info: Redefining \% on input line 1460.
 [26]
LaTeX Info: Redefining \. on input line 1545.
LaTeX Info: Redefining \% on input line 1545.
 [27]
LaTeX Info: Redefining \. on input line 1611.
LaTeX Info: Redefining \% on input line 1611.
 [28]
LaTeX Info: Redefining \. on input line 1684.
LaTeX Info: Redefining \% on input line 1684.
 [29]
LaTeX Info: Redefining \. on input line 1724.
LaTeX Info: Redefining \% on input line 1724.
 [30]
Cap\'{\i }tulo 2.

pdfTeX warning (ext4): destination with the same identifier (name{defn.1}) has been already used, duplicate ignored
<to be read again> 
                   \relax 
l.1754 ...\begin{definicion}[Vectores y escalares]
                                                  
Package mdframed Info: mdframed works in twoside mode on input line 1754.
Package mdframed Info: mdframed detected package amsthm 
 changed the theorem header of amsthm
(mdframed)              on input line 1754.
Package mdframed Info: mdframed detected package amsthm 
 changed the theorem header of amsthm
(mdframed)              on input line 1757.
 [31

]
pdfTeX warning (ext4): destination with the same identifier (name{ejemplo.1}) has been already used, duplicate ignored
<to be read again> 
                   \relax 
l.1759     \begin{ejemplo}
                          
pdfTeX warning (ext4): destination with the same identifier (name{prop.1}) has been already used, duplicate ignored
<to be read again> 
                   \relax 
l.1776         C
                on estas operaciones $F^{n}$ tiene estructura de espacio vec...
Package mdframed Info: mdframed works in twoside mode on input line 1776.
Package mdframed Info: mdframed detected package amsthm 
 changed the theorem header of amsthm
(mdframed)              on input line 1776.
Package mdframed Info: mdframed detected package amsthm 
 changed the theorem header of amsthm
(mdframed)              on input line 1777.

pdfTeX warning (ext4): destination with the same identifier (name{prop.2}) has been already used, duplicate ignored
<to be read again> 
                   \relax 
l.1794         S
                ea $V$ un espacio vectorial sobre un campo $F$, entonces
Package mdframed Info: mdframed works in twoside mode on input line 1794.
Package mdframed Info: mdframed detected package amsthm 
 changed the theorem header of amsthm
(mdframed)              on input line 1794.
Package mdframed Info: mdframed detected package amsthm 
 changed the theorem header of amsthm
(mdframed)              on input line 1802.
LaTeX Info: Redefining \. on input line 1802.
LaTeX Info: Redefining \% on input line 1802.
 [32]
pdfTeX warning (ext4): destination with the same identifier (name{defn.2}) has been already used, duplicate ignored
<to be read again> 
                   \relax 
l.1806 ...\begin{definicion}[Subespacio vectorial]
                                                  
Package mdframed Info: mdframed works in twoside mode on input line 1806.
Package mdframed Info: mdframed detected package amsthm 
 changed the theorem header of amsthm
(mdframed)              on input line 1806.
Package mdframed Info: mdframed detected package amsthm 
 changed the theorem header of amsthm
(mdframed)              on input line 1819.

pdfTeX warning (ext4): destination with the same identifier (name{ejemplo.2}) has been already used, duplicate ignored
<to be read again> 
                   \relax 
l.1829     \begin{ejemplo}
                          
pdfTeX warning (ext4): destination with the same identifier (name{prop.3}) has been already used, duplicate ignored
<to be read again> 
                   \relax 
l.1834         S
                ea $(V,+,\cdot)$ un espacio vectorial sobre $F$. Un subconju...
Package mdframed Info: mdframed works in twoside mode on input line 1834.
Package mdframed Info: mdframed detected package amsthm 
 changed the theorem header of amsthm
(mdframed)              on input line 1834.
Package mdframed Info: mdframed detected package amsthm 
 changed the theorem header of amsthm
(mdframed)              on input line 1837.
LaTeX Info: Redefining \. on input line 1837.
LaTeX Info: Redefining \% on input line 1837.
 [33]
pdfTeX warning (ext4): destination with the same identifier (name{prop.4}) has been already used, duplicate ignored
<to be read again> 
                   \relax 
l.1842         S
                ea $V$ un espacio vectorial sobre $F$ y sea $\{W_{\lambda}\}...
Package mdframed Info: mdframed works in twoside mode on input line 1842.
Package mdframed Info: mdframed detected package amsthm 
 changed the theorem header of amsthm
(mdframed)              on input line 1842.
Package mdframed Info: mdframed detected package amsthm 
 changed the theorem header of amsthm
(mdframed)              on input line 1848.

pdfTeX warning (ext4): destination with the same identifier (name{ejemplo.3}) has been already used, duplicate ignored
<to be read again> 
                   \relax 
l.1863     \begin{ejemplo}
                          
pdfTeX warning (ext4): destination with the same identifier (name{defn.3}) has been already used, duplicate ignored
<to be read again> 
                   \relax 
l.1868 ...finicion}[Subespacio vectorial generado]
                                                  
Package mdframed Info: mdframed works in twoside mode on input line 1868.
Package mdframed Info: mdframed detected package amsthm 
 changed the theorem header of amsthm
(mdframed)              on input line 1868.
Package mdframed Info: mdframed detected package amsthm 
 changed the theorem header of amsthm
(mdframed)              on input line 1874.
LaTeX Info: Redefining \. on input line 1883.
LaTeX Info: Redefining \% on input line 1883.
 [34]
pdfTeX warning (ext4): destination with the same identifier (name{prop.5}) has been already used, duplicate ignored
<to be read again> 
                   \relax 
l.1886         S
                ea $V$ un espacio vectorial sobre $F$, sea $S\subset V$, ent...
Package mdframed Info: mdframed works in twoside mode on input line 1886.
Package mdframed Info: mdframed detected package amsthm 
 changed the theorem header of amsthm
(mdframed)              on input line 1886.
Package mdframed Info: mdframed detected package amsthm 
 changed the theorem header of amsthm
(mdframed)              on input line 1890.

pdfTeX warning (ext4): destination with the same identifier (name{lema.1}) has been already used, duplicate ignored
<to be read again> 
                   \relax 
l.1907         S
                i $W$ es subespacio vectorial de $V$ y $w_{1},\dots,w_{n}\in...
Package mdframed Info: mdframed works in twoside mode on input line 1907.
Package mdframed Info: mdframed detected package amsthm 
 changed the theorem header of amsthm
(mdframed)              on input line 1907.
Package mdframed Info: mdframed detected package amsthm 
 changed the theorem header of amsthm
(mdframed)              on input line 1912.

pdfTeX warning (ext4): destination with the same identifier (name{defn.4}) has been already used, duplicate ignored
<to be read again> 
                   \relax 
l.1914 ...\begin{definicion}[Independencia Lineal]
                                                  
Package mdframed Info: mdframed works in twoside mode on input line 1914.
Package mdframed Info: mdframed detected package amsthm 
 changed the theorem header of amsthm
(mdframed)              on input line 1914.
Package mdframed Info: mdframed detected package amsthm 
 changed the theorem header of amsthm
(mdframed)              on input line 1925.
LaTeX Info: Redefining \. on input line 1930.
LaTeX Info: Redefining \% on input line 1930.
 [35]
pdfTeX warning (ext4): destination with the same identifier (name{defn.5}) has been already used, duplicate ignored
<to be read again> 
                   \relax 
l.1946 ...[Espacio vectorial de dimensión finita]
                                                  
Package mdframed Info: mdframed works in twoside mode on input line 1946.
Package mdframed Info: mdframed detected package amsthm 
 changed the theorem header of amsthm
(mdframed)              on input line 1946.
Package mdframed Info: mdframed detected package amsthm 
 changed the theorem header of amsthm
(mdframed)              on input line 1952.

pdfTeX warning (ext4): destination with the same identifier (name{ejemplo.4}) has been already used, duplicate ignored
<to be read again> 
                   \relax 
l.1954     \begin{ejemplo}
                          
pdfTeX warning (ext4): destination with the same identifier (name{teor.1}) has been already used, duplicate ignored
<to be read again> 
                   \relax 
l.1964         S
                ea $V$ un espacio vectorial sobre $F$ y sea $S=\{v_{1},\dots...
Package mdframed Info: mdframed works in twoside mode on input line 1964.
Package mdframed Info: mdframed detected package amsthm 
 changed the theorem header of amsthm
(mdframed)              on input line 1964.
Package mdframed Info: mdframed detected package amsthm 
 changed the theorem header of amsthm
(mdframed)              on input line 1967.
LaTeX Info: Redefining \. on input line 1981.
LaTeX Info: Redefining \% on input line 1981.
 [36]
pdfTeX warning (ext4): destination with the same identifier (name{coro.1}) has been already used, duplicate ignored
<to be read again> 
                   \relax 
l.1993         S
                i $S_{1}$ y $S_{2}$ son subconjuntos linealmente independien...
Package mdframed Info: mdframed works in twoside mode on input line 1993.
Package mdframed Info: mdframed detected package amsthm 
 changed the theorem header of amsthm
(mdframed)              on input line 1993.
Package mdframed Info: mdframed detected package amsthm 
 changed the theorem header of amsthm
(mdframed)              on input line 1999.

pdfTeX warning (ext4): destination with the same identifier (name{defn.6}) has been already used, duplicate ignored
<to be read again> 
                   \relax 
l.2008     \begin{definicion}[Base y dimensión]
                                                
Package mdframed Info: mdframed works in twoside mode on input line 2008.
Package mdframed Info: mdframed detected package amsthm 
 changed the theorem header of amsthm
(mdframed)              on input line 2008.
Package mdframed Info: mdframed detected package amsthm 
 changed the theorem header of amsthm
(mdframed)              on input line 2016.

pdfTeX warning (ext4): destination with the same identifier (name{ejemplo.5}) has been already used, duplicate ignored
<to be read again> 
                   \relax 
l.2018     \begin{ejemplo}
                          
Package mdframed Info: mdframed works in twoside mode on input line 2023.
Package mdframed Info: mdframed detected package amsthm 
 changed the theorem header of amsthm
(mdframed)              on input line 2023.
Package mdframed Info: mdframed detected package amsthm 
 changed the theorem header of amsthm
(mdframed)              on input line 2025.
LaTeX Info: Redefining \. on input line 2025.
LaTeX Info: Redefining \% on input line 2025.
 [37]
Package mdframed Info: mdframed works in twoside mode on input line 2049.
Package mdframed Info: mdframed detected package amsthm 
 changed the theorem header of amsthm
(mdframed)              on input line 2049.
Package mdframed Info: mdframed detected package amsthm 
 changed the theorem header of amsthm
(mdframed)              on input line 2054.
LaTeX Info: Redefining \. on input line 2079.
LaTeX Info: Redefining \% on input line 2079.
 [38]
pdfTeX warning (ext4): destination with the same identifier (name{prop.6}) has been already used, duplicate ignored
<to be read again> 
                   \relax 
l.2103         S
                i $S$ tiene cardinalidad $n$, es linealmente independiente y...
Package mdframed Info: mdframed works in twoside mode on input line 2103.
Package mdframed Info: mdframed detected package amsthm 
 changed the theorem header of amsthm
(mdframed)              on input line 2103.
Package mdframed Info: mdframed detected package amsthm 
 changed the theorem header of amsthm
(mdframed)              on input line 2105.

pdfTeX warning (ext4): destination with the same identifier (name{prop.7}) has been already used, duplicate ignored
<to be read again> 
                   \relax 
l.2138         S
                i $W$ es un subespacio vectorial de $V$ y $V$ tiene dimensi�...
Package mdframed Info: mdframed works in twoside mode on input line 2138.
Package mdframed Info: mdframed detected package amsthm 
 changed the theorem header of amsthm
(mdframed)              on input line 2138.
Package mdframed Info: mdframed detected package amsthm 
 changed the theorem header of amsthm
(mdframed)              on input line 2140.
LaTeX Info: Redefining \. on input line 2140.
LaTeX Info: Redefining \% on input line 2140.
 [39]
Package mdframed Info: mdframed works in twoside mode on input line 2148.
Package mdframed Info: mdframed detected package amsthm 
 changed the theorem header of amsthm
(mdframed)              on input line 2148.
Package mdframed Info: mdframed detected package amsthm 
 changed the theorem header of amsthm
(mdframed)              on input line 2150.

pdfTeX warning (ext4): destination with the same identifier (name{prop.8}) has been already used, duplicate ignored
<to be read again> 
                   \relax 
l.2153         S
                i $V$ es un espacio vectorial en dimensión finita $n$ sobre...
Package mdframed Info: mdframed works in twoside mode on input line 2153.
Package mdframed Info: mdframed detected package amsthm 
 changed the theorem header of amsthm
(mdframed)              on input line 2153.
Package mdframed Info: mdframed detected package amsthm 
 changed the theorem header of amsthm
(mdframed)              on input line 2155.

pdfTeX warning (ext4): destination with the same identifier (name{prop.9}) has been already used, duplicate ignored
<to be read again> 
                   \relax 
l.2165         S
                i $V$ es un espacio vectorial de dimensión $n$ sobre $F$ y ...
Package mdframed Info: mdframed works in twoside mode on input line 2165.
Package mdframed Info: mdframed detected package amsthm 
 changed the theorem header of amsthm
(mdframed)              on input line 2165.
Package mdframed Info: mdframed detected package amsthm 
 changed the theorem header of amsthm
(mdframed)              on input line 2171.
LaTeX Info: Redefining \. on input line 2189.
LaTeX Info: Redefining \% on input line 2189.
 [40]
pdfTeX warning (ext4): destination with the same identifier (name{prop.10}) has been already used, duplicate ignored
<to be read again> 
                   \relax 
l.2195         S
                ea $A=(a_{ij})\in M_{n\times n}(F)$ tal que los vectores fil...
Package mdframed Info: mdframed works in twoside mode on input line 2195.
Package mdframed Info: mdframed detected package amsthm 
 changed the theorem header of amsthm
(mdframed)              on input line 2195.
Package mdframed Info: mdframed detected package amsthm 
 changed the theorem header of amsthm
(mdframed)              on input line 2198.

pdfTeX warning (ext4): destination with the same identifier (name{defn.7}) has been already used, duplicate ignored
<to be read again> 
                   \relax 
l.2232     \begin{definicion}[Base ordenada]
                                            
Package mdframed Info: mdframed works in twoside mode on input line 2232.
Package mdframed Info: mdframed detected package amsthm 
 changed the theorem header of amsthm
(mdframed)              on input line 2232.
Package mdframed Info: mdframed detected package amsthm 
 changed the theorem header of amsthm
(mdframed)              on input line 2240.
LaTeX Info: Redefining \. on input line 2240.
LaTeX Info: Redefining \% on input line 2240.
 [41]
pdfTeX warning (ext4): destination with the same identifier (name{defn.8}) has been already used, duplicate ignored
<to be read again> 
                   \relax 
l.2242 ...begin{definicion}[Vector de coordenadas]
                                                  
Package mdframed Info: mdframed works in twoside mode on input line 2242.
Package mdframed Info: mdframed detected package amsthm 
 changed the theorem header of amsthm
(mdframed)              on input line 2242.
Package mdframed Info: mdframed detected package amsthm 
 changed the theorem header of amsthm
(mdframed)              on input line 2254.

pdfTeX warning (ext4): destination with the same identifier (name{ejemplo.6}) has been already used, duplicate ignored
<to be read again> 
                   \relax 
l.2261     \begin{ejemplo}
                          
pdfTeX warning (ext4): destination with the same identifier (name{prop.11}) has been already used, duplicate ignored
<to be read again> 
                   \relax 
l.2270         $
                \varphi_{\BB}:V\to F^{n}$ es una función biyectiva.
Package mdframed Info: mdframed works in twoside mode on input line 2270.
Package mdframed Info: mdframed detected package amsthm 
 changed the theorem header of amsthm
(mdframed)              on input line 2270.
Package mdframed Info: mdframed detected package amsthm 
 changed the theorem header of amsthm
(mdframed)              on input line 2271.
LaTeX Info: Redefining \. on input line 2281.
LaTeX Info: Redefining \% on input line 2281.
 [42]
pdfTeX warning (ext4): destination with the same identifier (name{defn.9}) has been already used, duplicate ignored
<to be read again> 
                   \relax 
l.2285 ...in{definicion}[Matriz de cambio de base]
                                                  
Package mdframed Info: mdframed works in twoside mode on input line 2285.
Package mdframed Info: mdframed detected package amsthm 
 changed the theorem header of amsthm
(mdframed)              on input line 2285.
Package mdframed Info: mdframed detected package amsthm 
 changed the theorem header of amsthm
(mdframed)              on input line 2295.
<diagramas_conmutativos.pdf, id=537, 215.44188pt x 97.35472pt>
File: diagramas_conmutativos.pdf Graphic file (type pdf)
<use diagramas_conmutativos.pdf>
Package pdftex.def Info: diagramas_conmutativos.pdf  used on input line 2301.
(pdftex.def)             Requested size: 204.85672pt x 92.5726pt.
<diagramas_conmutativos2.pdf, id=538, 216.04112pt x 97.17606pt>
File: diagramas_conmutativos2.pdf Graphic file (type pdf)
<use diagramas_conmutativos2.pdf>
Package pdftex.def Info: diagramas_conmutativos2.pdf  used on input line 2311.
(pdftex.def)             Requested size: 204.85672pt x 92.14915pt.
Package mdframed Info: mdframed works in twoside mode on input line 2328.
Package mdframed Info: mdframed detected package amsthm 
 changed the theorem header of amsthm
(mdframed)              on input line 2328.
Package mdframed Info: mdframed detected package amsthm 
 changed the theorem header of amsthm
(mdframed)              on input line 2329.
LaTeX Info: Redefining \. on input line 2346.
LaTeX Info: Redefining \% on input line 2346.
 [43 <./diagramas_conmutativos.pdf> <./diagramas_conmutativos2.pdf>]
Package mdframed Info: mdframed works in twoside mode on input line 2361.
Package mdframed Info: mdframed detected package amsthm 
 changed the theorem header of amsthm
(mdframed)              on input line 2361.
Package mdframed Info: mdframed detected package amsthm 
 changed the theorem header of amsthm
(mdframed)              on input line 2367.

pdfTeX warning (ext4): destination with the same identifier (name{ejercicio.1}) has been already used, duplicate ignored
<to be read again> 
                   \relax 
l.2392     \begin{ejercicio}
                            
LaTeX Info: Redefining \. on input line 2395.
LaTeX Info: Redefining \% on input line 2395.
 [44]
pdfTeX warning (ext4): destination with the same identifier (name{ejercicio.2}) has been already used, duplicate ignored
<to be read again> 
                   \relax 
l.2401     \begin{ejercicio}
                            
pdfTeX warning (ext4): destination with the same identifier (name{ejercicio.3}) has been already used, duplicate ignored
<to be read again> 
                   \relax 
l.2414     \begin{ejercicio}
                            
pdfTeX warning (ext4): destination with the same identifier (name{ejercicio.4}) has been already used, duplicate ignored
<to be read again> 
                   \relax 
l.2424     \begin{ejercicio}
                            
pdfTeX warning (ext4): destination with the same identifier (name{ejercicio.5}) has been already used, duplicate ignored
<to be read again> 
                   \relax 
l.2428     \begin{ejercicio}
                            
pdfTeX warning (ext4): destination with the same identifier (name{ejercicio.6}) has been already used, duplicate ignored
<to be read again> 
                   \relax 
l.2432     \begin{ejercicio}
                            
pdfTeX warning (ext4): destination with the same identifier (name{ejercicio.7}) has been already used, duplicate ignored
<to be read again> 
                   \relax 
l.2440     \begin{ejercicio}
                            
LaTeX Info: Redefining \. on input line 2445.
LaTeX Info: Redefining \% on input line 2445.
 [45]
pdfTeX warning (ext4): destination with the same identifier (name{ejercicio.8}) has been already used, duplicate ignored
<to be read again> 
                   \relax 
l.2450     \begin{ejercicio}
                            
pdfTeX warning (ext4): destination with the same identifier (name{ejercicio.9}) has been already used, duplicate ignored
<to be read again> 
                   \relax 
l.2454     \begin{ejercicio}
                            
pdfTeX warning (ext4): destination with the same identifier (name{ejercicio.10}) has been already used, duplicate ignored
<to be read again> 
                   \relax 
l.2458     \begin{ejercicio}
                            
pdfTeX warning (ext4): destination with the same identifier (name{ejercicio.11}) has been already used, duplicate ignored
<to be read again> 
                   \relax 
l.2462     \begin{ejercicio}
                            
pdfTeX warning (ext4): destination with the same identifier (name{ejercicio.12}) has been already used, duplicate ignored
<to be read again> 
                   \relax 
l.2466     \begin{ejercicio}
                            
pdfTeX warning (ext4): destination with the same identifier (name{ejercicio.13}) has been already used, duplicate ignored
<to be read again> 
                   \relax 
l.2475     \begin{ejercicio}
                            
pdfTeX warning (ext4): destination with the same identifier (name{ejercicio.14}) has been already used, duplicate ignored
<to be read again> 
                   \relax 
l.2482     \begin{ejercicio}
                            
pdfTeX warning (ext4): destination with the same identifier (name{ejercicio.15}) has been already used, duplicate ignored
<to be read again> 
                   \relax 
l.2492     \begin{ejercicio}
                            
LaTeX Info: Redefining \. on input line 2494.
LaTeX Info: Redefining \% on input line 2494.
 [46]
pdfTeX warning (ext4): destination with the same identifier (name{ejercicio.16}) has been already used, duplicate ignored
<to be read again> 
                   \relax 
l.2496     \begin{ejercicio}
                            
pdfTeX warning (ext4): destination with the same identifier (name{ejercicio.17}) has been already used, duplicate ignored
<to be read again> 
                   \relax 
l.2500     \begin{ejercicio}
                            
pdfTeX warning (ext4): destination with the same identifier (name{ejercicio.18}) has been already used, duplicate ignored
<to be read again> 
                   \relax 
l.2504     \begin{ejercicio}
                            
pdfTeX warning (ext4): destination with the same identifier (name{ejercicio.19}) has been already used, duplicate ignored
<to be read again> 
                   \relax 
l.2511     \begin{ejercicio}
                            
pdfTeX warning (ext4): destination with the same identifier (name{ejercicio.20}) has been already used, duplicate ignored
<to be read again> 
                   \relax 
l.2515     \begin{ejercicio}
                            
pdfTeX warning (ext4): destination with the same identifier (name{ejercicio.21}) has been already used, duplicate ignored
<to be read again> 
                   \relax 
l.2519     \begin{ejercicio}
                            
pdfTeX warning (ext4): destination with the same identifier (name{ejercicio.22}) has been already used, duplicate ignored
<to be read again> 
                   \relax 
l.2523     \begin{ejercicio}
                            
pdfTeX warning (ext4): destination with the same identifier (name{ejercicio.23}) has been already used, duplicate ignored
<to be read again> 
                   \relax 
l.2527     \begin{ejercicio}
                            
pdfTeX warning (ext4): destination with the same identifier (name{ejercicio.24}) has been already used, duplicate ignored
<to be read again> 
                   \relax 
l.2538     \begin{ejercicio}
                            
pdfTeX warning (ext4): destination with the same identifier (name{ejercicio.25}) has been already used, duplicate ignored
<to be read again> 
                   \relax 
l.2545     \begin{ejercicio}
                            
LaTeX Info: Redefining \. on input line 2549.
LaTeX Info: Redefining \% on input line 2549.
 [47]
pdfTeX warning (ext4): destination with the same identifier (name{ejercicio.26}) has been already used, duplicate ignored
<to be read again> 
                   \relax 
l.2550     \begin{ejercicio}
                            
LaTeX Info: Redefining \. on input line 2558.
LaTeX Info: Redefining \% on input line 2558.
 [48]
Cap\'{\i }tulo 3.

pdfTeX warning (ext4): destination with the same identifier (name{defn.1}) has been already used, duplicate ignored
<to be read again> 
                   \relax 
l.2563 ...egin{definicion}[Transformación Lineal]
                                                  
Package mdframed Info: mdframed works in twoside mode on input line 2563.
Package mdframed Info: mdframed detected package amsthm 
 changed the theorem header of amsthm
(mdframed)              on input line 2563.
Package mdframed Info: mdframed detected package amsthm 
 changed the theorem header of amsthm
(mdframed)              on input line 2570.

pdfTeX warning (ext4): destination with the same identifier (name{ejemplo.1}) has been already used, duplicate ignored
<to be read again> 
                   \relax 
l.2579     \begin{ejemplo}
                          
pdfTeX warning (ext4): destination with the same identifier (name{ejemplo.2}) has been already used, duplicate ignored
<to be read again> 
                   \relax 
l.2602     \begin{ejemplo}
                           [49

]
pdfTeX warning (ext4): destination with the same identifier (name{ejemplo.3}) has been already used, duplicate ignored
<to be read again> 
                   \relax 
l.2618     \begin{ejemplo}
                          
pdfTeX warning (ext4): destination with the same identifier (name{prop.1}) has been already used, duplicate ignored
<to be read again> 
                   \relax 
l.2632         S
                i $T:V \to W$ es una transformación lineal, entonces basta ...
Package mdframed Info: mdframed works in twoside mode on input line 2632.
Package mdframed Info: mdframed detected package amsthm 
 changed the theorem header of amsthm
(mdframed)              on input line 2632.
Package mdframed Info: mdframed detected package amsthm 
 changed the theorem header of amsthm
(mdframed)              on input line 2634.

pdfTeX warning (ext4): destination with the same identifier (name{ejemplo.4}) has been already used, duplicate ignored
<to be read again> 
                   \relax 
l.2645     \begin{ejemplo}
                          
LaTeX Info: Redefining \. on input line 2654.
LaTeX Info: Redefining \% on input line 2654.
 [50]
pdfTeX warning (ext4): destination with the same identifier (name{defn.2}) has been already used, duplicate ignored
<to be read again> 
                   \relax 
l.2662     \begin{definicion}[Kernel e Imagen]
                                              
Package mdframed Info: mdframed works in twoside mode on input line 2662.
Package mdframed Info: mdframed detected package amsthm 
 changed the theorem header of amsthm
(mdframed)              on input line 2662.
Package mdframed Info: mdframed detected package amsthm 
 changed the theorem header of amsthm
(mdframed)              on input line 2671.

pdfTeX warning (ext4): destination with the same identifier (name{prop.2}) has been already used, duplicate ignored
<to be read again> 
                   \relax 
l.2674         $
                \ker(T)$ es un subespacio vectorial de $V$ y $\Im(T)$ es un ...
Package mdframed Info: mdframed works in twoside mode on input line 2674.
Package mdframed Info: mdframed detected package amsthm 
 changed the theorem header of amsthm
(mdframed)              on input line 2674.
Package mdframed Info: mdframed detected package amsthm 
 changed the theorem header of amsthm
(mdframed)              on input line 2675.

pdfTeX warning (ext4): destination with the same identifier (name{defn.3}) has been already used, duplicate ignored
<to be read again> 
                   \relax 
l.2690     \begin{definicion}[Nulidad]
                                      
Package mdframed Info: mdframed works in twoside mode on input line 2690.
Package mdframed Info: mdframed detected package amsthm 
 changed the theorem header of amsthm
(mdframed)              on input line 2690.
Package mdframed Info: mdframed detected package amsthm 
 changed the theorem header of amsthm
(mdframed)              on input line 2695.
LaTeX Info: Redefining \. on input line 2695.
LaTeX Info: Redefining \% on input line 2695.
 [51]
pdfTeX warning (ext4): destination with the same identifier (name{ejemplo.5}) has been already used, duplicate ignored
<to be read again> 
                   \relax 
l.2697     \begin{ejemplo}
                          
pdfTeX warning (ext4): destination with the same identifier (name{defn.4}) has been already used, duplicate ignored
<to be read again> 
                   \relax 
l.2710     \begin{definicion}[Rango]
                                    
Package mdframed Info: mdframed works in twoside mode on input line 2710.
Package mdframed Info: mdframed detected package amsthm 
 changed the theorem header of amsthm
(mdframed)              on input line 2710.
Package mdframed Info: mdframed detected package amsthm 
 changed the theorem header of amsthm
(mdframed)              on input line 2715.

pdfTeX warning (ext4): destination with the same identifier (name{ejemplo.6}) has been already used, duplicate ignored
<to be read again> 
                   \relax 
l.2717     \begin{ejemplo}
                          
pdfTeX warning (ext4): destination with the same identifier (name{teor.1}) has been already used, duplicate ignored
<to be read again> 
                   \relax 
l.2724     \begin{teorema}[Rango-Nulidad]
                                         
Package mdframed Info: mdframed works in twoside mode on input line 2724.
Package mdframed Info: mdframed detected package amsthm 
 changed the theorem header of amsthm
(mdframed)              on input line 2724.
Package mdframed Info: mdframed detected package amsthm 
 changed the theorem header of amsthm
(mdframed)              on input line 2729.
LaTeX Info: Redefining \. on input line 2733.
LaTeX Info: Redefining \% on input line 2733.
 [52]
pdfTeX warning (ext4): destination with the same identifier (name{ejemplo.7}) has been already used, duplicate ignored
<to be read again> 
                   \relax 
l.2750     \begin{ejemplo}
                          
LaTeX Info: Redefining \. on input line 2773.
LaTeX Info: Redefining \% on input line 2773.
 [53]
pdfTeX warning (ext4): destination with the same identifier (name{ejemplo.8}) has been already used, duplicate ignored
<to be read again> 
                   \relax 
l.2776     \begin{ejemplo}
                          
pdfTeX warning (ext4): destination with the same identifier (name{prop.3}) has been already used, duplicate ignored
<to be read again> 
                   \relax 
l.2815         S
                ea $T:V \to W$ una transformación lineal, si entonces $T$ e...
Package mdframed Info: mdframed works in twoside mode on input line 2815.
Package mdframed Info: mdframed detected package amsthm 
 changed the theorem header of amsthm
(mdframed)              on input line 2815.
Package mdframed Info: mdframed detected package amsthm 
 changed the theorem header of amsthm
(mdframed)              on input line 2816.

pdfTeX warning (ext4): destination with the same identifier (name{coro.1}) has been already used, duplicate ignored
<to be read again> 
                   \relax 
l.2827         S
                ean $V$ un espacio vectorial de dimensión finita $n$ sobre ...
Package mdframed Info: mdframed works in twoside mode on input line 2827.
Package mdframed Info: mdframed detected package amsthm 
 changed the theorem header of amsthm
(mdframed)              on input line 2827.
Package mdframed Info: mdframed detected package amsthm 
 changed the theorem header of amsthm
(mdframed)              on input line 2833.
LaTeX Info: Redefining \. on input line 2833.
LaTeX Info: Redefining \% on input line 2833.
 [54]
pdfTeX warning (ext4): destination with the same identifier (name{ejemplo.9}) has been already used, duplicate ignored
<to be read again> 
                   \relax 
l.2850     \begin{ejemplo}
                          
pdfTeX warning (ext4): destination with the same identifier (name{prop.4}) has been already used, duplicate ignored
<to be read again> 
                   \relax 
l.2880         S
                i $T:V \to W$ es una transformación lineal biyectiva, entonces
Package mdframed Info: mdframed works in twoside mode on input line 2880.
Package mdframed Info: mdframed detected package amsthm 
 changed the theorem header of amsthm
(mdframed)              on input line 2880.
Package mdframed Info: mdframed detected package amsthm 
 changed the theorem header of amsthm
(mdframed)              on input line 2885.
LaTeX Info: Redefining \. on input line 2896.
LaTeX Info: Redefining \% on input line 2896.
 [55]
pdfTeX warning (ext4): destination with the same identifier (name{defn.5}) has been already used, duplicate ignored
<to be read again> 
                   \relax 
l.2905     \begin{definicion}[Isomorfismo Lineal]
                                                 
Package mdframed Info: mdframed works in twoside mode on input line 2905.
Package mdframed Info: mdframed detected package amsthm 
 changed the theorem header of amsthm
(mdframed)              on input line 2905.
Package mdframed Info: mdframed detected package amsthm 
 changed the theorem header of amsthm
(mdframed)              on input line 2908.

pdfTeX warning (ext4): destination with the same identifier (name{prop.5}) has been already used, duplicate ignored
<to be read again> 
                   \relax 
l.2911         E
                l isomorfismo lineal, define una relación de equivalencia e...
Package mdframed Info: mdframed works in twoside mode on input line 2911.
Package mdframed Info: mdframed detected package amsthm 
 changed the theorem header of amsthm
(mdframed)              on input line 2911.
Package mdframed Info: mdframed detected package amsthm 
 changed the theorem header of amsthm
(mdframed)              on input line 2912.

pdfTeX warning (ext4): destination with the same identifier (name{teor.2}) has been already used, duplicate ignored
<to be read again> 
                   \relax 
l.2931         U
                n espacio vectorial $V$ de dimensión $n$ sobre $F$ es isomo...
Package mdframed Info: mdframed works in twoside mode on input line 2931.
Package mdframed Info: mdframed detected package amsthm 
 changed the theorem header of amsthm
(mdframed)              on input line 2931.
Package mdframed Info: mdframed detected package amsthm 
 changed the theorem header of amsthm
(mdframed)              on input line 2932.
LaTeX Info: Redefining \. on input line 2939.
LaTeX Info: Redefining \% on input line 2939.
 [56]
pdfTeX warning (ext4): destination with the same identifier (name{prop.6}) has been already used, duplicate ignored
<to be read again> 
                   \relax 
l.2944         S
                i $V, W$ son espacios vectoriales de dimensión finita sobre...
Package mdframed Info: mdframed works in twoside mode on input line 2944.
Package mdframed Info: mdframed detected package amsthm 
 changed the theorem header of amsthm
(mdframed)              on input line 2944.
Package mdframed Info: mdframed detected package amsthm 
 changed the theorem header of amsthm
(mdframed)              on input line 2949.

pdfTeX warning (ext4): destination with the same identifier (name{prop.7}) has been already used, duplicate ignored
<to be read again> 
                   \relax 
l.2952         S
                i $V, W$ son espacios de dimensión finita sobre $F$, entonc...
Package mdframed Info: mdframed works in twoside mode on input line 2952.
Package mdframed Info: mdframed detected package amsthm 
 changed the theorem header of amsthm
(mdframed)              on input line 2952.
Package mdframed Info: mdframed detected package amsthm 
 changed the theorem header of amsthm
(mdframed)              on input line 2956.
LaTeX Info: Redefining \. on input line 2988.
LaTeX Info: Redefining \% on input line 2988.
 [57]
pdfTeX warning (ext4): destination with the same identifier (name{ejemplo.10}) has been already used, duplicate ignored
<to be read again> 
                   \relax 
l.3005     \begin{ejemplo}
                          
pdfTeX warning (ext4): destination with the same identifier (name{ejemplo.11}) has been already used, duplicate ignored
<to be read again> 
                   \relax 
l.3015     \begin{ejemplo}
                          
<diagramas_conmutativos3.pdf, id=664, 140.11948pt x 111.97234pt>
File: diagramas_conmutativos3.pdf Graphic file (type pdf)
<use diagramas_conmutativos3.pdf>
Package pdftex.def Info: diagramas_conmutativos3.pdf  used on input line 3020.
(pdftex.def)             Requested size: 204.85672pt x 163.71571pt.
LaTeX Info: Redefining \. on input line 3026.
LaTeX Info: Redefining \% on input line 3026.
 [58 <./diagramas_conmutativos3.pdf>]
LaTeX Info: Redefining \. on input line 3075.
LaTeX Info: Redefining \% on input line 3075.
 [59]
File: diagramas_conmutativos3.pdf Graphic file (type pdf)
<use diagramas_conmutativos3.pdf>
Package pdftex.def Info: diagramas_conmutativos3.pdf  used on input line 3089.
(pdftex.def)             Requested size: 204.85672pt x 163.71571pt.

pdfTeX warning (ext4): destination with the same identifier (name{defn.6}) has been already used, duplicate ignored
<to be read again> 
                   \relax 
l.3092 ...n{definicion}[Representación matricial]
                                                  
Package mdframed Info: mdframed works in twoside mode on input line 3092.
Package mdframed Info: mdframed detected package amsthm 
 changed the theorem header of amsthm
(mdframed)              on input line 3092.
Package mdframed Info: mdframed detected package amsthm 
 changed the theorem header of amsthm
(mdframed)              on input line 3098.

pdfTeX warning (ext4): destination with the same identifier (name{ejemplo.12}) has been already used, duplicate ignored
<to be read again> 
                   \relax 
l.3100     \begin{ejemplo}
                          
pdfTeX warning (ext4): destination with the same identifier (name{ejemplo.13}) has been already used, duplicate ignored
<to be read again> 
                   \relax 
l.3113     \begin{ejemplo}
                          
LaTeX Info: Redefining \. on input line 3114.
LaTeX Info: Redefining \% on input line 3114.
 [60]
LaTeX Info: Redefining \. on input line 3166.
LaTeX Info: Redefining \% on input line 3166.
 [61]
LaTeX Info: Redefining \. on input line 3206.
LaTeX Info: Redefining \% on input line 3206.
 [62]
<diagramas_conmutativos4.pdf, id=709, 140.11948pt x 114.92235pt>
File: diagramas_conmutativos4.pdf Graphic file (type pdf)
<use diagramas_conmutativos4.pdf>
Package pdftex.def Info: diagramas_conmutativos4.pdf  used on input line 3215.
(pdftex.def)             Requested size: 204.85672pt x 168.02896pt.

pdfTeX warning (ext4): destination with the same identifier (name{prop.8}) has been already used, duplicate ignored
<to be read again> 
                   \relax 
l.3224         S
                ean $V_1, V_2, V_3$ espacios vectoriales con bases ordenadas...
Package mdframed Info: mdframed works in twoside mode on input line 3224.
Package mdframed Info: mdframed detected package amsthm 
 changed the theorem header of amsthm
(mdframed)              on input line 3224.
Package mdframed Info: mdframed detected package amsthm 
 changed the theorem header of amsthm
(mdframed)              on input line 3228.
LaTeX Info: Redefining \. on input line 3243.
LaTeX Info: Redefining \% on input line 3243.
 [63 <./diagramas_conmutativos4.pdf>]
pdfTeX warning (ext4): destination with the same identifier (name{teor.3}) has been already used, duplicate ignored
<to be read again> 
                   \relax 
l.3247         S
                ean $V$ un espacio vectorial de dimensión $n$ sobre $F$ y $...
Package mdframed Info: mdframed works in twoside mode on input line 3247.
Package mdframed Info: mdframed detected package amsthm 
 changed the theorem header of amsthm
(mdframed)              on input line 3247.
Package mdframed Info: mdframed detected package amsthm 
 changed the theorem header of amsthm
(mdframed)              on input line 3252.
<diagramas_conmutativos5.pdf, id=741, 146.14198pt x 122.7566pt>
File: diagramas_conmutativos5.pdf Graphic file (type pdf)
<use diagramas_conmutativos5.pdf>
Package pdftex.def Info: diagramas_conmutativos5.pdf  used on input line 3280.
(pdftex.def)             Requested size: 204.85672pt x 172.07533pt.
LaTeX Info: Redefining \. on input line 3282.
LaTeX Info: Redefining \% on input line 3282.
 [64]
pdfTeX warning (ext4): destination with the same identifier (name{defn.7}) has been already used, duplicate ignored
<to be read again> 
                   \relax 
l.3283     \begin{definicion}[Matrices conjugadas]
                                                  
Package mdframed Info: mdframed works in twoside mode on input line 3283.
Package mdframed Info: mdframed detected package amsthm 
 changed the theorem header of amsthm
(mdframed)              on input line 3283.
Package mdframed Info: mdframed detected package amsthm 
 changed the theorem header of amsthm
(mdframed)              on input line 3288.

pdfTeX warning (ext4): destination with the same identifier (name{prop.9}) has been already used, duplicate ignored
<to be read again> 
                   \relax 
l.3291         L
                a definición anterior, define una relación de equivalencia...
Package mdframed Info: mdframed works in twoside mode on input line 3291.
Package mdframed Info: mdframed detected package amsthm 
 changed the theorem header of amsthm
(mdframed)              on input line 3291.
Package mdframed Info: mdframed detected package amsthm 
 changed the theorem header of amsthm
(mdframed)              on input line 3292.
LaTeX Info: Redefining \. on input line 3326.
LaTeX Info: Redefining \% on input line 3326.
 [65 <./diagramas_conmutativos5.pdf>]
pdfTeX warning (ext4): destination with the same identifier (name{teor.4}) has been already used, duplicate ignored
<to be read again> 
                   \relax 
l.3370         S
                ean $V, W$ espacios vectoriales sobre $F$ de dimensión $\di...
Package mdframed Info: mdframed works in twoside mode on input line 3370.
Package mdframed Info: mdframed detected package amsthm 
 changed the theorem header of amsthm
(mdframed)              on input line 3370.
Package mdframed Info: mdframed detected package amsthm 
 changed the theorem header of amsthm
(mdframed)              on input line 3376.
LaTeX Info: Redefining \. on input line 3376.
LaTeX Info: Redefining \% on input line 3376.
 [66]
<diagramas_conmutativos6.pdf, id=770, 112.80745pt x 143.67778pt>
File: diagramas_conmutativos6.pdf Graphic file (type pdf)
<use diagramas_conmutativos6.pdf>
Package pdftex.def Info: diagramas_conmutativos6.pdf  used on input line 3400.
(pdftex.def)             Requested size: 102.42836pt x 130.45976pt.

pdfTeX warning (ext4): destination with the same identifier (name{defn.8}) has been already used, duplicate ignored
<to be read again> 
                   \relax 
l.3410 ...egin{definicion}[Espacio vectorial dual]
                                                  
Package mdframed Info: mdframed works in twoside mode on input line 3410.
Package mdframed Info: mdframed detected package amsthm 
 changed the theorem header of amsthm
(mdframed)              on input line 3410.
Package mdframed Info: mdframed detected package amsthm 
 changed the theorem header of amsthm
(mdframed)              on input line 3416.
LaTeX Info: Redefining \. on input line 3416.
LaTeX Info: Redefining \% on input line 3416.
 [67 <./diagramas_conmutativos6.pdf>]
LaTeX Info: Redefining \. on input line 3457.
LaTeX Info: Redefining \% on input line 3457.
 [68]
pdfTeX warning (ext4): destination with the same identifier (name{defn.9}) has been already used, duplicate ignored
<to be read again> 
                   \relax 
l.3464     \begin{definicion}[Traza]
                                    
Package mdframed Info: mdframed works in twoside mode on input line 3464.
Package mdframed Info: mdframed detected package amsthm 
 changed the theorem header of amsthm
(mdframed)              on input line 3464.
Package mdframed Info: mdframed detected package amsthm 
 changed the theorem header of amsthm
(mdframed)              on input line 3470.

pdfTeX warning (ext4): destination with the same identifier (name{prop.10}) has been already used, duplicate ignored
<to be read again> 
                   \relax 
l.3473         L
                a función $\Tr$ pertenece a $(M_{n \times n}(F))^*$.
Package mdframed Info: mdframed works in twoside mode on input line 3473.
Package mdframed Info: mdframed detected package amsthm 
 changed the theorem header of amsthm
(mdframed)              on input line 3473.
Package mdframed Info: mdframed detected package amsthm 
 changed the theorem header of amsthm
(mdframed)              on input line 3474.

pdfTeX warning (ext4): destination with the same identifier (name{prop.11}) has been already used, duplicate ignored
<to be read again> 
                   \relax 
l.3503         T
                odo funcional lineal en $(F^n)^{\ast}$ es de la forma:
Package mdframed Info: mdframed works in twoside mode on input line 3503.
Package mdframed Info: mdframed detected package amsthm 
 changed the theorem header of amsthm
(mdframed)              on input line 3503.
Package mdframed Info: mdframed detected package amsthm 
 changed the theorem header of amsthm
(mdframed)              on input line 3509.
LaTeX Info: Redefining \. on input line 3509.
LaTeX Info: Redefining \% on input line 3509.
 [69]
pdfTeX warning (ext4): destination with the same identifier (name{prop.12}) has been already used, duplicate ignored
<to be read again> 
                   \relax 
l.3535         L
                as funciones $\llaves{f_1, \dots, f_n}$ forman una base de $...
Package mdframed Info: mdframed works in twoside mode on input line 3535.
Package mdframed Info: mdframed detected package amsthm 
 changed the theorem header of amsthm
(mdframed)              on input line 3535.
Package mdframed Info: mdframed detected package amsthm 
 changed the theorem header of amsthm
(mdframed)              on input line 3536.

pdfTeX warning (ext4): destination with the same identifier (name{defn.10}) has been already used, duplicate ignored
<to be read again> 
                   \relax 
l.3548     \begin{definicion}[Base dual]
                                        
LaTeX Info: Redefining \. on input line 3548.
LaTeX Info: Redefining \% on input line 3548.
 [70]
Package mdframed Info: mdframed works in twoside mode on input line 3548.
Package mdframed Info: mdframed detected package amsthm 
 changed the theorem header of amsthm
(mdframed)              on input line 3548.
Package mdframed Info: mdframed detected package amsthm 
 changed the theorem header of amsthm
(mdframed)              on input line 3562.

Overfull \hbox (6.05603pt too wide) in paragraph at lines 3564--3565
[]\T1/lmr/bx/n/12 Ejemplo. \T1/lmr/m/n/12 Sean el es-pa-cio vec-to-rial $\OML/lmm/m/it/12 V \OT1/lmr/m/n/12 = \OMS/lmsy/m/n/12 f[][] \OML/lmm/m/it/12 a[]x[] \OT1/lmr/m/n/12 :  \OML/lmm/m/it/12 a[] \OMS/lmsy/m/n/12 2 \U/msb/m/n/12 R\OMS/lmsy/m/n/12 g$ \T1/lmr/m/n/12 y la ba-se or-de-na-da $\OMS/lmsy/m/n/12 B \OT1/lmr/m/n/12 = \OMS/lmsy/m/n/12 f\OT1/lmr/m/n/12 1\OML/lmm/m/it/12 ; x; x[]; [] ; x[]\OMS/lmsy/m/n/12 g$\T1/lmr/m/n/12 .
 []

Package mdframed Info: mdframed works in twoside mode on input line 3589.
Package mdframed Info: mdframed detected package amsthm 
 changed the theorem header of amsthm
(mdframed)              on input line 3589.
Package mdframed Info: mdframed detected package amsthm 
 changed the theorem header of amsthm
(mdframed)              on input line 3596.
LaTeX Info: Redefining \. on input line 3596.
LaTeX Info: Redefining \% on input line 3596.
[71]
Package mdframed Info: mdframed works in twoside mode on input line 3624.
Package mdframed Info: mdframed detected package amsthm 
 changed the theorem header of amsthm
(mdframed)              on input line 3624.
Package mdframed Info: mdframed detected package amsthm 
 changed the theorem header of amsthm
(mdframed)              on input line 3629.
LaTeX Info: Redefining \. on input line 3629.
LaTeX Info: Redefining \% on input line 3629.
 [72]
Package mdframed Info: mdframed works in twoside mode on input line 3690.
Package mdframed Info: mdframed detected package amsthm 
 changed the theorem header of amsthm
(mdframed)              on input line 3690.
Package mdframed Info: mdframed detected package amsthm 
 changed the theorem header of amsthm
(mdframed)              on input line 3696.
LaTeX Info: Redefining \. on input line 3696.
LaTeX Info: Redefining \% on input line 3696.
 [73]
Package mdframed Info: mdframed works in twoside mode on input line 3699.
Package mdframed Info: mdframed detected package amsthm 
 changed the theorem header of amsthm
(mdframed)              on input line 3699.
Package mdframed Info: mdframed detected package amsthm 
 changed the theorem header of amsthm
(mdframed)              on input line 3708.
LaTeX Info: Redefining \. on input line 3733.
LaTeX Info: Redefining \% on input line 3733.
 [74]
<diagramas_conmutativos7.pdf, id=842, 371.18977pt x 94.60445pt>
File: diagramas_conmutativos7.pdf Graphic file (type pdf)
<use diagramas_conmutativos7.pdf>
Package pdftex.def Info: diagramas_conmutativos7.pdf  used on input line 3755.
(pdftex.def)             Requested size: 460.93153pt x 117.47572pt.
LaTeX Info: Redefining \. on input line 3771.
LaTeX Info: Redefining \% on input line 3771.
 [75 <./diagramas_conmutativos7.pdf>]
LaTeX Info: Redefining \. on input line 3822.
LaTeX Info: Redefining \% on input line 3822.
 [76]
pdfTeX warning (ext4): destination with the same identifier (name{ejercicio.1}) has been already used, duplicate ignored
<to be read again> 
                   \relax 
l.3834     \begin{ejercicio}
                            
pdfTeX warning (ext4): destination with the same identifier (name{ejercicio.2}) has been already used, duplicate ignored
<to be read again> 
                   \relax 
l.3845     \begin{ejercicio}
                            
Overfull \hbox (2.76219pt too wide) in paragraph at lines 3845--3847
\T1/lmr/bx/n/12 Ejercicio 3.2 \T1/lmr/m/n/12 �Exis-te al-gu-na trans-for-ma-ci�n li-neal de $\U/msb/m/n/12 R[]$ \T1/lmr/m/n/12 en $\U/msb/m/n/12 R[]$ \T1/lmr/m/n/12 tal que $\OML/lmm/m/it/12 T\OT1/lmr/m/n/12 (2\OML/lmm/m/it/12 ; \OT1/lmr/m/n/12 2\OML/lmm/m/it/12 ; \OT1/lmr/m/n/12 2) = (2\OML/lmm/m/it/12 ; \OT1/lmr/m/n/12 0)$ \T1/lmr/m/n/12 y $\OML/lmm/m/it/12 T\OT1/lmr/m/n/12 (1\OML/lmm/m/it/12 ; \OT1/lmr/m/n/12 1\OML/lmm/m/it/12 ; \OT1/lmr/m/n/12 1) =
 []


pdfTeX warning (ext4): destination with the same identifier (name{ejercicio.3}) has been already used, duplicate ignored
<to be read again> 
                   \relax 
l.3849     \begin{ejercicio}
                            
pdfTeX warning (ext4): destination with the same identifier (name{ejercicio.4}) has been already used, duplicate ignored
<to be read again> 
                   \relax 
l.3857     \begin{ejercicio}
                            
pdfTeX warning (ext4): destination with the same identifier (name{ejercicio.5}) has been already used, duplicate ignored
<to be read again> 
                   \relax 
l.3861     \begin{ejercicio}
                            
LaTeX Info: Redefining \. on input line 3864.
LaTeX Info: Redefining \% on input line 3864.
 [77]
pdfTeX warning (ext4): destination with the same identifier (name{ejercicio.6}) has been already used, duplicate ignored
<to be read again> 
                   \relax 
l.3865     \begin{ejercicio}
                            
pdfTeX warning (ext4): destination with the same identifier (name{ejercicio.7}) has been already used, duplicate ignored
<to be read again> 
                   \relax 
l.3869     \begin{ejercicio}
                            
pdfTeX warning (ext4): destination with the same identifier (name{ejercicio.8}) has been already used, duplicate ignored
<to be read again> 
                   \relax 
l.3881     \begin{ejercicio}
                            
pdfTeX warning (ext4): destination with the same identifier (name{ejercicio.9}) has been already used, duplicate ignored
<to be read again> 
                   \relax 
l.3890     \begin{ejercicio}
                            
pdfTeX warning (ext4): destination with the same identifier (name{ejercicio.10}) has been already used, duplicate ignored
<to be read again> 
                   \relax 
l.3894     \begin{ejercicio}
                            
pdfTeX warning (ext4): destination with the same identifier (name{ejercicio.11}) has been already used, duplicate ignored
<to be read again> 
                   \relax 
l.3898     \begin{ejercicio}
                            
pdfTeX warning (ext4): destination with the same identifier (name{ejercicio.12}) has been already used, duplicate ignored
<to be read again> 
                   \relax 
l.3902     \begin{ejercicio}
                            
pdfTeX warning (ext4): destination with the same identifier (name{ejercicio.13}) has been already used, duplicate ignored
<to be read again> 
                   \relax 
l.3906     \begin{ejercicio}
                            
LaTeX Info: Redefining \. on input line 3914.
LaTeX Info: Redefining \% on input line 3914.
 [78]
pdfTeX warning (ext4): destination with the same identifier (name{ejercicio.14}) has been already used, duplicate ignored
<to be read again> 
                   \relax 
l.3917     \begin{ejercicio}
                            
pdfTeX warning (ext4): destination with the same identifier (name{ejercicio.15}) has been already used, duplicate ignored
<to be read again> 
                   \relax 
l.3926     \begin{ejercicio}
                            
pdfTeX warning (ext4): destination with the same identifier (name{ejercicio.16}) has been already used, duplicate ignored
<to be read again> 
                   \relax 
l.3938     \begin{ejercicio}
                            
pdfTeX warning (ext4): destination with the same identifier (name{ejercicio.17}) has been already used, duplicate ignored
<to be read again> 
                   \relax 
l.3957     \begin{ejercicio}
                            
pdfTeX warning (ext4): destination with the same identifier (name{ejercicio.18}) has been already used, duplicate ignored
<to be read again> 
                   \relax 
l.3973     \begin{ejercicio}
                            
LaTeX Info: Redefining \. on input line 3978.
LaTeX Info: Redefining \% on input line 3978.
 [79]
pdfTeX warning (ext4): destination with the same identifier (name{ejercicio.19}) has been already used, duplicate ignored
<to be read again> 
                   \relax 
l.3982     \begin{ejercicio}
                            
pdfTeX warning (ext4): destination with the same identifier (name{ejercicio.20}) has been already used, duplicate ignored
<to be read again> 
                   \relax 
l.3986     \begin{ejercicio}
                            
pdfTeX warning (ext4): destination with the same identifier (name{ejercicio.21}) has been already used, duplicate ignored
<to be read again> 
                   \relax 
l.3992     \begin{ejercicio}
                            
pdfTeX warning (ext4): destination with the same identifier (name{ejercicio.22}) has been already used, duplicate ignored
<to be read again> 
                   \relax 
l.4004     \begin{ejercicio}
                            
pdfTeX warning (ext4): destination with the same identifier (name{ejercicio.23}) has been already used, duplicate ignored
<to be read again> 
                   \relax 
l.4018     \begin{ejercicio}
                            
pdfTeX warning (ext4): destination with the same identifier (name{ejercicio.24}) has been already used, duplicate ignored
<to be read again> 
                   \relax 
l.4025     \begin{ejercicio}
                            
LaTeX Info: Redefining \. on input line 4033.
LaTeX Info: Redefining \% on input line 4033.
 [80]
Cap\'{\i }tulo 4.

pdfTeX warning (ext4): destination with the same identifier (name{defn.1}) has been already used, duplicate ignored
<to be read again> 
                   \relax 
l.4037     \begin{definicion}[Función $n$-lineal]
                                                  
Package mdframed Info: mdframed works in twoside mode on input line 4037.
Package mdframed Info: mdframed detected package amsthm 
 changed the theorem header of amsthm
(mdframed)              on input line 4037.
Package mdframed Info: mdframed detected package amsthm 
 changed the theorem header of amsthm
(mdframed)              on input line 4069.

pdfTeX warning (ext4): destination with the same identifier (name{ejemplo.1}) has been already used, duplicate ignored
<to be read again> 
                   \relax 
l.4071     \begin{ejemplo}
                           [81

]
pdfTeX warning (ext4): destination with the same identifier (name{prop.1}) has been already used, duplicate ignored
<to be read again> 
                   \relax 
l.4107         L
                a función
Package mdframed Info: mdframed works in twoside mode on input line 4107.
Package mdframed Info: mdframed detected package amsthm 
 changed the theorem header of amsthm
(mdframed)              on input line 4107.
Package mdframed Info: mdframed detected package amsthm 
 changed the theorem header of amsthm
(mdframed)              on input line 4116.

pdfTeX warning (ext4): destination with the same identifier (name{defn.2}) has been already used, duplicate ignored
<to be read again> 
                   \relax 
l.4146     \begin{definicion}[Función alternante]
                                                  
Package mdframed Info: mdframed works in twoside mode on input line 4146.
Package mdframed Info: mdframed detected package amsthm 
 changed the theorem header of amsthm
(mdframed)              on input line 4146.
Package mdframed Info: mdframed detected package amsthm 
 changed the theorem header of amsthm
(mdframed)              on input line 4164.
LaTeX Info: Redefining \. on input line 4164.
LaTeX Info: Redefining \% on input line 4164.
 [82]
pdfTeX warning (ext4): destination with the same identifier (name{defn.3}) has been already used, duplicate ignored
<to be read again> 
                   \relax 
l.4166 ...begin{definicion}[Función Determinante]
                                                  
Package mdframed Info: mdframed works in twoside mode on input line 4166.
Package mdframed Info: mdframed detected package amsthm 
 changed the theorem header of amsthm
(mdframed)              on input line 4166.
Package mdframed Info: mdframed detected package amsthm 
 changed the theorem header of amsthm
(mdframed)              on input line 4176.

pdfTeX warning (ext4): destination with the same identifier (name{lema.1}) has been already used, duplicate ignored
<to be read again> 
                   \relax 
l.4179         S
                i $D$ es alternante, entonces
Package mdframed Info: mdframed works in twoside mode on input line 4179.
Package mdframed Info: mdframed detected package amsthm 
 changed the theorem header of amsthm
(mdframed)              on input line 4179.
Package mdframed Info: mdframed detected package amsthm 
 changed the theorem header of amsthm
(mdframed)              on input line 4198.
LaTeX Info: Redefining \. on input line 4262.
LaTeX Info: Redefining \% on input line 4262.
 [83]
pdfTeX warning (ext4): destination with the same identifier (name{lema.2}) has been already used, duplicate ignored
<to be read again> 
                   \relax 
l.4285         S
                i $D:M_{n \times n}(F) \to F$ es una función $n$-lineal, en...
Package mdframed Info: mdframed works in twoside mode on input line 4285.
Package mdframed Info: mdframed detected package amsthm 
 changed the theorem header of amsthm
(mdframed)              on input line 4285.
Package mdframed Info: mdframed detected package amsthm 
 changed the theorem header of amsthm
(mdframed)              on input line 4286.
LaTeX Info: Redefining \. on input line 4321.
LaTeX Info: Redefining \% on input line 4321.
 [84]
pdfTeX warning (ext4): destination with the same identifier (name{lema.3}) has been already used, duplicate ignored
<to be read again> 
                   \relax 
l.4324         S
                ea $D:M_{n \times n}(F) \to F$ una función $n$-lineal, lo s...
Package mdframed Info: mdframed works in twoside mode on input line 4324.
Package mdframed Info: mdframed detected package amsthm 
 changed the theorem header of amsthm
(mdframed)              on input line 4324.
Package mdframed Info: mdframed detected package amsthm 
 changed the theorem header of amsthm
(mdframed)              on input line 4347.

pdfTeX warning (ext4): destination with the same identifier (name{prop.2}) has been already used, duplicate ignored
<to be read again> 
                   \relax 
l.4388         L
                a única función determinante para $n = 2$ es
Package mdframed Info: mdframed works in twoside mode on input line 4388.
Package mdframed Info: mdframed detected package amsthm 
 changed the theorem header of amsthm
(mdframed)              on input line 4388.
Package mdframed Info: mdframed detected package amsthm 
 changed the theorem header of amsthm
(mdframed)              on input line 4396.
LaTeX Info: Redefining \. on input line 4446.
LaTeX Info: Redefining \% on input line 4446.
 [85]
pdfTeX warning (ext4): destination with the same identifier (name{ejercicio.1}) has been already used, duplicate ignored
<to be read again> 
                   \relax 
l.4455     \begin{ejercicio}
                            
pdfTeX warning (ext4): destination with the same identifier (name{ejercicio.2}) has been already used, duplicate ignored
<to be read again> 
                   \relax 
l.4464     \begin{ejercicio}
                            
pdfTeX warning (ext4): destination with the same identifier (name{ejercicio.3}) has been already used, duplicate ignored
<to be read again> 
                   \relax 
l.4471     \begin{ejercicio}
                            
pdfTeX warning (ext4): destination with the same identifier (name{ejercicio.4}) has been already used, duplicate ignored
<to be read again> 
                   \relax 
l.4475     \begin{ejercicio}
                            
pdfTeX warning (ext4): destination with the same identifier (name{ejercicio.5}) has been already used, duplicate ignored
<to be read again> 
                   \relax 
l.4488     \begin{ejercicio}
                            
LaTeX Info: Redefining \. on input line 4501.
LaTeX Info: Redefining \% on input line 4501.
 [86]
LaTeX Info: Redefining \. on input line 4507.
LaTeX Info: Redefining \% on input line 4507.
 [87] (./Algebra_lineal.aux
LaTeX Info: Redefining \. on input line 12.
LaTeX Info: Redefining \% on input line 12.
)
 ***********
LaTeX2e <2025-11-01>
L3 programming layer <2026-01-19>
 ***********
Package rerunfilecheck Info: File `Algebra_lineal.out' has not changed.
(rerunfilecheck)             Checksum: F09E01E0D01D5AC1AB6C25844D5C0523;3997.
 ) 
Here is how much of TeX's memory you used:
 41783 strings out of 467525
 932302 string characters out of 5425861
 1478119 words of memory out of 5000000
 69732 multiletter control sequences out of 15000+600000
 676434 words of font info for 75 fonts, out of 8000000 for 9000
 1141 hyphenation exceptions out of 8191
 99i,17n,108p,816b,1223s stack positions out of 10000i,1000n,20000p,200000b,200000s
</usr/share/texmf-dist/fonts/type1/public/amsfonts/cm/cmbx10.pfb></usr/share/texmf-dist/fonts/type1/public/amsfonts/cm/cmbx12.pfb></usr/share/texmf-dist/fonts/type1/public/amsfonts/cm/cmcsc10.pfb></usr/share/texmf-dist/fonts/type1/public/amsfonts/cm/cmex10.pfb></usr/share/texmf-dist/fonts/type1/public/amsfonts/cm/cmmi10.pfb></usr/share/texmf-dist/fonts/type1/public/amsfonts/cm/cmmi12.pfb></usr/share/texmf-dist/fonts/type1/public/amsfonts/cm/cmmi5.pfb></usr/share/texmf-dist/fonts/type1/public/amsfonts/cm/cmmi6.pfb></usr/share/texmf-dist/fonts/type1/public/amsfonts/cm/cmmi7.pfb></usr/share/texmf-dist/fonts/type1/public/amsfonts/cm/cmmi9.pfb></usr/share/texmf-dist/fonts/type1/public/amsfonts/cm/cmr10.pfb></usr/share/texmf-dist/fonts/type1/public/amsfonts/cm/cmr12.pfb></usr/share/texmf-dist/fonts/type1/public/amsfonts/cm/cmr17.pfb></usr/share/texmf-dist/fonts/type1/public/amsfonts/cm/cmr7.pfb></usr/share/texmf-dist/fonts/type1/public/amsfonts/cm/cmr8.pfb></usr/share/texmf-dist/fonts/type1/public/amsfonts/cm/cmr9.pfb></usr/share/texmf-dist/fonts/type1/public/amsfonts/cm/cmsy10.pfb></usr/share/texmf-dist/fonts/type1/public/amsfonts/cm/cmsy5.pfb></usr/share/texmf-dist/fonts/type1/public/amsfonts/cm/cmsy6.pfb></usr/share/texmf-dist/fonts/type1/public/amsfonts/cm/cmsy7.pfb></usr/share/texmf-dist/fonts/type1/public/amsfonts/cm/cmti9.pfb></usr/share/texmf-dist/fonts/type1/public/lm/lmbx12.pfb></usr/share/texmf-dist/fonts/type1/public/lm/lmex10.pfb></usr/share/texmf-dist/fonts/type1/public/lm/lmmi12.pfb></usr/share/texmf-dist/fonts/type1/public/lm/lmmi6.pfb></usr/share/texmf-dist/fonts/type1/public/lm/lmmi8.pfb></usr/share/texmf-dist/fonts/type1/public/lm/lmr10.pfb></usr/share/texmf-dist/fonts/type1/public/lm/lmr12.pfb></usr/share/texmf-dist/fonts/type1/public/lm/lmr6.pfb></usr/share/texmf-dist/fonts/type1/public/lm/lmr8.pfb></usr/share/texmf-dist/fonts/type1/public/lm/lmri12.pfb></usr/share/texmf-dist/fonts/type1/public/lm/lmro12.pfb></usr/share/texmf-dist/fonts/type1/public/lm/lmsy10.pfb></usr/share/texmf-dist/fonts/type1/public/lm/lmsy6.pfb></usr/share/texmf-dist/fonts/type1/public/lm/lmsy8.pfb></usr/share/texmf-dist/fonts/type1/public/amsfonts/symbols/msam10.pfb></usr/share/texmf-dist/fonts/type1/public/amsfonts/symbols/msbm10.pfb>
Output written on Algebra_lineal.pdf (89 pages, 722253 bytes).
PDF statistics:
 1082 PDF objects out of 1200 (max. 8388607)
 855 compressed objects within 9 object streams
 237 named destinations out of 1000 (max. 500000)
 351 words of extra memory for PDF output out of 10000 (max. 10000000)

